Year/Month,NoDur,Durbl,Manuf,Enrgy,HiTec,Telcm,Shops,Hlth ,Utils,Other
192607,89,37,127,51,18,5,41,7,21,111
192608,89,37,127,51,18,5,41,7,21,111
192609,89,37,127,50,18,5,41,7,21,111
192610,89,37,127,50,18,5,41,7,21,111
192611,89,37,127,50,18,5,41,7,21,111
192612,88,37,127,50,18,5,41,7,21,110
192701,88,37,127,49,18,5,41,7,21,110
192702,86,37,127,49,18,5,41,7,21,109
192703,86,37,127,49,18,5,41,7,21,109
192704,86,37,127,49,18,4,41,7,21,108
192705,86,37,127,49,18,4,41,7,21,108
192706,86,37,126,49,18,4,41,7,21,108
192707,97,43,129,55,19,5,46,7,23,120
192708,97,43,128,55,19,5,46,7,23,120
192709,97,43,128,55,19,5,46,7,23,120
192710,96,43,128,55,19,5,46,7,23,120
192711,95,43,126,55,18,5,46,7,23,120
192712,95,43,126,55,18,5,46,7,23,119
192801,94,43,126,55,18,5,46,7,23,119
192802,94,43,126,55,18,5,46,7,23,119
192803,94,43,125,55,18,5,46,6,22,119
192804,94,43,125,55,18,5,46,6,22,119
192805,94,43,125,55,18,4,46,6,22,119
192806,94,43,125,55,18,4,45,6,22,119
192807,105,45,139,56,19,4,51,6,23,120
192808,104,44,139,56,19,4,51,6,23,120
192809,104,44,139,56,19,4,51,6,23,120
192810,104,44,139,56,19,4,51,6,23,119
192811,104,44,139,56,19,4,51,6,23,119
192812,103,44,139,56,19,4,51,6,23,119
192901,102,43,139,56,19,4,51,5,23,118
192902,102,43,139,56,19,4,51,5,23,118
192903,102,43,139,56,18,4,51,5,23,117
192904,102,43,139,56,18,4,51,5,23,117
192905,101,43,139,56,18,4,51,5,22,117
192906,101,43,139,56,18,4,51,5,22,117
192907,122,50,169,61,20,4,61,6,23,131
192908,122,50,168,61,20,4,61,6,23,131
192909,122,50,167,61,20,4,61,6,23,130
192910,121,50,167,60,20,4,61,6,22,128
192911,120,50,167,60,20,4,61,6,22,128
192912,119,50,167,60,20,4,61,6,22,126
193001,119,50,167,59,20,4,61,6,22,125
193002,118,49,167,59,20,4,61,6,22,125
193003,118,49,166,59,20,4,61,5,22,125
193004,117,49,165,58,20,4,61,5,22,124
193005,117,49,165,58,20,4,61,5,22,124
193006,116,48,164,58,20,4,61,4,22,123
193007,117,53,196,59,27,4,70,5,23,142
193008,117,53,196,58,27,4,70,5,23,142
193009,117,53,196,57,27,4,70,5,23,142
193010,117,53,195,56,27,4,70,5,23,142
193011,117,52,195,56,27,4,70,5,23,140
193012,117,52,195,56,27,4,70,5,23,140
193101,117,52,193,56,27,4,70,5,23,138
193102,117,52,191,56,27,4,70,5,23,138
193103,116,52,191,56,27,4,70,5,23,137
193104,116,52,191,56,26,4,70,5,23,137
193105,116,51,191,56,26,4,70,5,23,137
193106,116,51,191,56,26,4,70,5,23,136
193107,119,51,204,57,26,4,72,6,23,140
193108,119,51,204,57,26,4,72,6,23,139
193109,119,51,204,57,26,4,72,6,22,139
193110,118,51,203,57,26,4,72,6,22,138
193111,118,51,203,57,26,4,72,6,22,138
193112,118,50,201,57,26,4,72,6,22,137
193201,118,50,201,57,26,4,72,6,22,137
193202,118,50,201,57,26,4,72,6,22,137
193203,117,50,200,57,26,4,71,6,22,137
193204,116,50,200,56,26,4,71,6,22,134
193205,115,50,200,55,26,4,70,6,22,133
193206,113,50,200,55,26,4,68,6,22,131
193207,113,51,203,54,25,4,69,6,22,132
193208,111,50,203,54,25,4,69,6,22,132
193209,110,50,203,53,25,4,69,6,22,132
193210,110,50,203,53,25,4,69,6,22,132
193211,109,50,203,53,25,4,69,6,22,132
193212,108,50,202,53,25,4,69,6,22,131
193301,108,50,202,53,25,4,69,6,22,131
193302,107,50,202,53,25,4,68,6,22,131
193303,107,49,201,53,25,4,68,6,22,131
193304,107,49,201,53,25,4,68,6,22,131
193305,107,49,199,53,25,4,68,6,22,131
193306,107,47,197,52,25,4,66,6,22,131
193307,109,47,201,54,27,4,66,6,22,137
193308,109,47,201,54,27,4,66,6,21,137
193309,109,47,201,54,27,4,66,6,21,136
193310,109,47,201,54,27,4,66,6,21,136
193311,109,47,201,54,27,4,66,6,21,136
193312,109,47,201,54,26,4,66,6,21,136
193401,109,47,201,54,26,4,66,6,21,135
193402,109,47,201,54,26,4,66,6,21,135
193403,109,47,201,54,26,4,66,6,21,135
193404,109,47,201,54,26,4,66,6,21,135
193405,109,47,200,53,26,4,66,6,21,135
193406,109,47,200,53,26,4,66,6,21,135
193407,110,47,200,54,27,4,68,9,21,141
193408,110,47,200,54,27,4,68,9,21,141
193409,110,47,200,54,27,4,68,9,21,141
193410,110,47,199,54,27,4,68,9,21,137
193411,110,47,198,54,27,4,68,9,21,137
193412,110,47,198,54,27,4,68,9,21,137
193501,110,47,198,54,27,4,68,9,21,136
193502,110,45,198,54,27,4,68,9,21,136
193503,110,45,198,54,27,4,68,9,21,136
193504,110,44,198,54,27,4,68,9,21,136
193505,110,44,198,54,27,4,68,9,21,135
193506,110,44,198,54,27,4,68,9,21,135
193507,109,46,200,54,26,4,69,9,21,138
193508,109,46,199,54,26,4,69,9,21,138
193509,108,46,199,54,26,4,69,9,21,136
193510,108,46,198,54,26,4,69,9,21,136
193511,108,46,198,54,26,4,69,9,21,136
193512,108,46,198,53,26,4,69,9,21,136
193601,108,46,198,53,26,4,69,9,21,136
193602,108,46,198,52,26,4,69,9,21,136
193603,107,46,198,52,26,4,68,9,21,136
193604,107,46,197,52,26,4,68,9,21,136
193605,107,46,197,52,26,4,67,9,21,136
193606,107,46,197,52,26,4,67,9,21,136
193607,119,49,211,54,27,4,70,10,21,142
193608,119,49,210,54,27,4,70,10,21,141
193609,119,49,210,54,27,4,70,10,21,141
193610,119,49,209,53,27,4,70,10,21,140
193611,119,49,209,53,27,4,70,10,21,140
193612,119,49,209,52,27,4,70,10,21,140
193701,119,48,209,52,27,4,70,10,21,137
193702,119,48,209,52,27,4,70,10,21,137
193703,119,48,209,51,27,4,70,10,21,137
193704,119,48,207,51,27,4,70,10,21,137
193705,119,48,207,51,27,4,70,10,21,137
193706,119,48,207,51,27,4,70,10,21,137
193707,124,52,226,53,30,4,74,12,22,144
193708,124,52,226,53,30,4,74,12,22,144
193709,124,52,226,52,30,4,74,12,22,144
193710,124,52,226,52,30,4,74,12,22,144
193711,124,52,226,52,30,4,74,12,22,144
193712,124,52,226,52,30,4,74,12,22,144
193801,124,52,226,52,30,4,74,12,22,144
193802,124,52,226,52,30,4,74,12,22,144
193803,124,52,226,52,30,4,74,12,22,144
193804,124,52,226,52,30,4,74,12,22,143
193805,124,52,225,52,30,4,73,12,22,142
193806,124,52,225,52,30,4,73,12,22,142
193807,126,53,237,54,30,5,74,12,23,147
193808,125,53,236,54,30,5,73,12,23,146
193809,125,53,236,53,30,5,73,12,23,146
193810,125,53,236,53,30,5,73,12,23,145
193811,125,53,236,53,30,5,73,12,23,144
193812,125,53,236,52,30,5,72,12,23,141
193901,125,53,236,52,30,5,72,12,23,141
193902,125,53,236,52,30,5,72,12,23,141
193903,125,53,236,52,30,5,72,12,23,141
193904,125,53,236,52,30,5,72,12,23,140
193905,124,53,236,52,30,5,72,12,23,140
193906,124,53,236,52,30,5,72,12,23,139
193907,124,53,239,52,30,6,73,12,23,138
193908,124,53,239,52,30,6,73,12,23,136
193909,124,53,238,52,30,6,73,12,23,134
193910,124,53,238,52,30,6,73,12,23,133
193911,124,53,238,52,30,6,73,12,23,132
193912,124,53,238,52,30,6,73,12,23,132
194001,124,53,238,51,30,6,73,12,23,132
194002,124,53,238,51,30,6,73,12,23,132
194003,124,53,238,51,30,6,73,12,23,132
194004,124,53,238,51,30,6,73,12,23,132
194005,123,52,238,51,30,6,73,12,23,132
194006,123,52,238,51,30,6,73,12,23,132
194007,125,55,247,51,30,6,74,13,24,138
194008,124,55,247,51,30,6,74,13,24,137
194009,124,55,247,51,30,6,74,13,24,135
194010,124,55,247,51,30,6,74,13,24,134
194011,124,55,247,51,30,6,74,13,24,134
194012,123,54,247,50,30,6,74,13,24,134
194101,123,54,247,50,30,6,74,13,24,134
194102,123,54,247,49,30,6,74,13,24,134
194103,123,54,247,49,30,6,74,13,24,134
194104,123,54,247,49,30,6,74,13,24,134
194105,123,54,247,49,30,6,74,13,24,134
194106,123,54,247,49,30,6,74,13,24,133
194107,124,54,254,50,31,7,75,13,27,138
194108,124,54,254,50,31,7,75,13,27,137
194109,124,54,254,50,31,7,75,13,27,137
194110,124,54,254,50,31,7,75,13,27,137
194111,124,54,254,50,31,7,75,13,27,136
194112,124,54,254,50,31,7,75,13,27,136
194201,124,54,254,50,31,7,75,13,27,136
194202,124,54,254,50,31,7,75,13,27,136
194203,124,53,254,50,31,7,75,13,27,136
194204,124,53,254,50,31,7,75,13,27,136
194205,124,53,254,50,31,7,75,13,27,136
194206,124,53,254,50,31,7,75,13,27,136
194207,124,55,259,50,32,7,74,14,27,138
194208,124,55,259,50,32,7,74,14,27,138
194209,124,55,259,50,32,7,74,14,27,138
194210,124,55,259,50,32,7,73,14,27,138
194211,124,55,259,50,32,7,73,14,27,138
194212,124,55,259,49,32,7,73,14,27,138
194301,124,55,259,49,32,7,73,14,27,138
194302,124,55,258,49,32,7,73,14,27,138
194303,124,55,257,49,32,7,73,14,27,138
194304,124,55,257,48,32,7,73,14,27,138
194305,124,55,257,48,32,7,73,14,27,138
194306,124,55,257,48,32,7,73,14,27,137
194307,125,56,257,49,33,7,73,14,27,137
194308,125,56,257,49,33,7,73,14,27,137
194309,125,56,257,49,33,7,73,14,27,137
194310,125,56,257,48,33,7,73,14,27,137
194311,125,56,257,47,33,7,73,14,27,137
194312,125,56,257,47,33,7,73,14,27,135
194401,125,56,257,46,33,7,73,14,27,133
194402,125,56,257,46,33,7,73,14,27,132
194403,125,56,257,46,33,7,73,14,27,132
194404,125,56,257,46,33,7,73,14,27,132
194405,125,56,257,46,33,7,73,14,26,132
194406,125,56,257,46,33,7,73,14,26,132
194407,127,56,267,48,36,7,74,15,30,135
194408,127,56,267,48,36,7,74,15,30,135
194409,127,56,267,48,36,7,73,15,30,135
194410,126,56,267,48,36,7,73,15,30,134
194411,126,56,267,48,36,7,73,15,30,134
194412,126,56,267,48,36,7,73,15,30,133
194501,126,55,267,48,36,7,73,15,30,133
194502,126,55,267,48,36,7,73,15,30,133
194503,126,55,267,48,36,7,73,15,30,133
194504,126,55,267,48,36,7,73,15,30,133
194505,126,55,267,48,36,7,73,15,30,133
194506,126,55,267,48,36,7,73,15,30,133
194507,131,56,273,49,39,7,79,16,31,138
194508,131,56,273,49,39,7,79,16,31,138
194509,131,56,273,49,39,7,79,16,31,138
194510,130,56,273,49,39,7,79,16,31,138
194511,130,56,273,48,39,7,79,16,31,137
194512,130,56,273,48,39,7,79,16,31,137
194601,130,56,272,48,39,7,79,16,31,137
194602,129,56,272,48,39,7,79,16,31,137
194603,129,56,272,48,39,7,79,16,31,137
194604,129,56,272,48,39,7,79,16,31,137
194605,129,56,272,48,39,7,79,16,31,137
194606,129,55,272,48,39,7,79,16,31,137
194607,138,57,288,50,41,7,79,18,36,142
194608,138,57,288,50,41,7,78,18,36,142
194609,138,57,288,50,41,7,78,18,36,142
194610,138,57,288,50,41,7,77,18,36,142
194611,138,57,288,50,40,7,77,18,36,142
194612,138,57,288,50,40,7,77,18,36,142
194701,138,57,288,50,40,7,77,18,36,142
194702,138,57,288,50,40,7,77,18,36,142
194703,138,57,288,50,40,7,77,18,36,142
194704,138,57,288,50,40,7,77,18,36,142
194705,138,57,288,50,40,7,77,18,36,142
194706,138,57,288,50,40,7,77,18,36,141
194707,147,58,297,51,43,7,84,18,47,146
194708,147,58,297,51,43,7,84,18,47,146
194709,147,58,297,51,43,7,84,18,47,146
194710,147,58,297,51,43,7,84,18,46,146
194711,147,58,297,51,43,7,84,18,46,146
194712,147,58,297,51,43,7,84,18,46,146
194801,147,58,297,51,43,7,84,18,46,146
194802,147,58,297,51,43,7,84,18,46,146
194803,147,58,297,51,43,7,84,18,46,146
194804,147,58,297,51,43,7,84,18,46,146
194805,147,58,297,51,43,7,84,18,46,146
194806,147,58,297,51,43,7,84,18,46,146
194807,152,63,307,53,44,7,85,18,52,154
194808,152,63,307,53,44,7,85,18,52,154
194809,152,63,306,53,44,7,85,18,52,154
194810,152,63,306,53,44,7,85,18,52,154
194811,152,63,306,53,44,7,85,18,52,154
194812,152,63,306,53,44,7,85,18,52,154
194901,152,63,306,53,44,7,85,18,52,154
194902,152,63,306,53,44,7,85,18,52,154
194903,152,63,306,53,44,7,85,18,52,154
194904,152,63,306,53,44,7,85,18,52,154
194905,152,63,306,53,44,7,85,18,52,154
194906,152,63,306,53,44,7,85,18,52,154
194907,153,64,313,55,45,8,87,18,57,158
194908,153,64,313,55,45,8,87,18,57,158
194909,153,64,313,55,45,8,87,18,57,158
194910,153,64,313,55,45,8,87,18,57,158
194911,153,64,313,55,45,8,87,18,57,158
194912,153,64,313,55,45,8,87,18,57,157
195001,153,64,313,55,45,8,85,18,57,157
195002,153,64,313,55,45,8,85,18,57,157
195003,153,64,313,55,45,8,85,18,57,157
195004,153,64,313,55,45,8,85,18,57,157
195005,153,64,313,55,44,8,85,18,57,157
195006,153,64,313,54,44,8,85,18,57,157
195007,153,65,313,57,44,8,85,18,73,159
195008,153,65,313,57,44,8,85,18,73,159
195009,153,65,313,57,44,8,85,18,73,159
195010,153,65,313,57,44,8,85,18,73,159
195011,153,65,313,57,44,8,85,18,73,159
195012,153,64,312,57,44,8,85,18,73,159
195101,153,64,312,57,44,8,85,18,73,158
195102,153,64,312,57,44,8,85,18,73,158
195103,153,64,312,57,44,8,85,18,73,158
195104,153,64,312,57,44,8,85,18,73,158
195105,153,64,312,57,44,8,85,18,73,158
195106,153,64,312,57,44,8,85,18,73,158
195107,156,65,318,59,46,8,86,19,85,161
195108,155,65,318,59,46,8,86,19,85,161
195109,155,65,317,59,46,8,86,19,85,161
195110,155,65,317,59,46,8,86,19,85,161
195111,155,65,316,59,46,8,86,19,84,161
195112,155,65,316,59,46,8,86,19,84,161
195201,155,65,316,59,46,8,86,19,84,161
195202,155,65,316,59,46,8,86,19,84,161
195203,155,65,316,59,46,8,86,19,84,160
195204,154,65,316,59,46,8,86,19,84,160
195205,154,65,316,59,46,8,86,19,84,160
195206,154,65,316,59,46,8,86,19,84,160
195207,156,66,323,60,49,8,87,19,84,160
195208,156,66,323,60,49,8,87,19,84,160
195209,156,66,323,60,49,8,87,19,84,160
195210,156,66,323,60,49,8,87,18,84,160
195211,156,66,322,60,49,8,87,18,84,160
195212,156,66,322,60,49,8,87,18,84,160
195301,156,66,322,60,49,8,87,18,84,160
195302,156,66,322,60,49,7,86,18,84,160
195303,154,66,322,60,48,7,86,18,84,160
195304,154,66,322,60,48,7,86,18,84,160
195305,154,66,321,60,48,7,86,17,84,157
195306,154,66,321,60,48,7,86,17,84,157
195307,154,65,329,60,50,8,88,18,88,161
195308,153,65,329,60,50,8,88,18,88,161
195309,152,65,329,60,50,8,87,18,88,161
195310,152,64,329,60,50,8,87,18,88,161
195311,152,64,328,60,50,8,87,18,88,161
195312,152,64,328,60,50,8,87,18,88,161
195401,152,64,328,60,50,8,87,18,88,161
195402,152,64,328,60,50,8,87,18,88,161
195403,152,64,328,60,50,8,87,18,88,161
195404,152,64,327,60,50,8,87,18,88,161
195405,152,63,325,60,50,8,87,18,88,161
195406,152,63,325,60,50,8,87,18,88,161
195407,152,62,332,60,50,9,87,18,91,162
195408,152,62,332,59,50,9,87,18,91,162
195409,152,62,332,59,50,9,87,18,91,162
195410,152,61,331,59,50,9,87,18,91,160
195411,152,61,331,58,50,9,87,18,91,160
195412,152,61,331,58,50,9,87,18,91,160
195501,152,61,331,58,50,9,87,18,90,160
195502,150,61,330,58,50,9,87,18,90,160
195503,150,61,328,58,50,9,87,18,90,160
195504,150,61,328,58,50,9,87,17,90,159
195505,150,61,328,57,49,9,87,17,90,158
195506,150,61,328,57,49,9,87,17,90,158
195507,152,62,339,59,49,9,88,17,93,159
195508,152,62,338,58,49,9,88,17,93,158
195509,152,61,337,57,49,9,88,17,93,158
195510,152,60,337,56,49,9,88,17,93,158
195511,152,60,337,56,49,9,88,17,93,158
195512,152,59,335,56,49,9,87,17,93,158
195601,151,58,335,56,49,9,87,17,93,158
195602,151,58,335,56,49,9,86,17,93,158
195603,151,58,335,56,49,9,86,17,93,158
195604,151,58,335,56,49,9,86,17,93,158
195605,149,58,335,56,49,9,86,17,93,158
195606,149,58,334,56,49,9,86,17,93,156
195607,150,57,344,57,50,10,87,17,94,158
195608,149,57,344,56,50,10,87,17,94,157
195609,149,57,343,56,50,10,87,17,94,156
195610,149,57,341,55,50,10,87,17,94,156
195611,148,57,341,55,50,10,87,17,94,156
195612,148,57,341,55,50,10,87,17,94,156
195701,148,57,338,54,50,10,87,17,94,156
195702,148,57,338,54,50,10,87,17,94,156
195703,148,57,338,54,50,10,87,17,94,156
195704,148,56,338,54,50,10,87,17,94,156
195705,147,55,337,54,50,10,87,17,94,156
195706,147,54,335,54,50,10,87,17,94,156
195707,150,56,347,56,59,10,87,17,95,160
195708,149,56,346,56,58,10,87,17,95,160
195709,149,56,345,56,58,10,87,17,95,159
195710,148,56,345,56,58,9,86,17,95,159
195711,148,56,345,56,57,9,86,17,95,159
195712,148,56,343,56,57,9,86,17,95,157
195801,148,56,341,56,57,9,86,17,95,157
195802,148,56,341,56,57,9,85,17,95,157
195803,147,56,339,56,57,9,84,17,95,156
195804,147,56,339,56,57,9,84,17,95,156
195805,146,56,338,56,57,9,84,17,95,156
195806,146,55,337,55,57,9,84,17,95,156
195807,147,51,347,55,63,9,83,20,97,167
195808,147,51,346,55,63,9,83,20,97,166
195809,147,51,345,55,63,9,83,20,97,164
195810,147,51,344,55,63,9,83,20,97,162
195811,147,51,344,55,63,9,83,20,97,162
195812,147,50,343,55,63,9,83,20,97,162
195901,147,50,343,55,63,9,83,20,97,162
195902,147,50,343,55,63,9,81,20,97,162
195903,147,50,342,55,62,9,80,20,97,160
195904,147,50,341,55,62,9,80,20,97,158
195905,147,50,341,55,62,9,80,20,97,158
195906,147,50,341,55,62,9,80,20,97,157
195907,152,49,347,52,68,10,83,22,101,160
195908,152,49,347,52,68,10,83,22,101,159
195909,152,49,347,52,68,10,83,22,101,159
195910,151,49,347,52,67,10,83,22,101,159
195911,151,49,346,52,67,10,83,22,101,159
195912,151,49,346,52,66,10,83,22,101,158
196001,151,49,346,52,65,10,83,22,101,158
196002,151,49,346,52,65,10,83,22,101,157
196003,150,49,346,52,65,10,83,22,101,157
196004,149,49,345,52,65,10,83,22,101,156
196005,149,49,343,52,64,10,83,22,101,156
196006,149,49,343,52,64,10,83,22,101,156
196007,151,49,358,52,73,10,90,23,102,164
196008,151,49,358,52,73,10,89,23,102,164
196009,151,49,358,52,73,10,89,23,101,164
196010,148,49,358,52,73,10,89,23,101,163
196011,147,49,358,52,73,10,89,23,101,162
196012,146,49,358,52,73,10,89,23,101,162
196101,144,49,357,52,73,10,89,22,101,162
196102,141,49,357,52,73,10,89,22,101,161
196103,141,49,357,51,73,10,89,22,101,161
196104,140,49,357,50,73,10,89,22,101,161
196105,140,49,357,50,73,10,89,22,101,161
196106,140,49,357,50,73,10,88,22,101,160
196107,145,51,370,50,80,10,93,23,104,165
196108,144,51,369,50,80,10,93,23,104,163
196109,144,50,369,50,80,10,93,23,104,162
196110,144,50,368,50,80,10,92,23,104,162
196111,144,50,368,50,80,9,92,23,104,161
196112,144,50,368,49,79,9,92,23,104,160
196201,144,50,367,49,79,9,92,23,104,160
196202,143,50,366,48,79,9,92,23,104,160
196203,143,50,366,48,79,9,92,23,104,160
196204,143,50,363,47,79,9,92,23,104,159
196205,143,50,363,46,79,9,91,23,104,159
196206,143,50,363,45,78,9,91,23,103,159
196207,147,51,378,51,86,12,96,23,104,164
196208,147,51,378,51,86,12,96,23,104,164
196209,147,51,377,51,86,12,96,23,104,164
196210,146,51,377,51,86,12,96,23,104,164
196211,145,51,376,51,86,12,96,23,104,164
196212,145,51,375,51,86,12,96,23,104,164
196301,145,51,375,51,86,12,96,23,104,163
196302,145,51,374,51,86,12,96,23,104,163
196303,145,51,374,51,86,12,95,23,104,163
196304,145,51,373,51,86,12,95,23,104,162
196305,145,50,372,50,85,12,94,23,104,161
196306,145,50,371,50,84,12,94,23,104,161
196307,250,115,625,120,132,22,189,36,118,350
196308,249,115,624,120,132,22,189,36,118,346
196309,247,115,622,120,132,22,189,36,115,346
196310,246,115,620,119,131,22,189,36,115,343
196311,245,115,619,118,131,22,189,36,115,342
196312,244,114,614,117,131,22,188,36,114,341
196401,244,113,609,117,131,22,188,36,113,341
196402,244,113,608,117,131,22,188,36,113,341
196403,242,113,605,117,131,22,188,36,113,340
196404,242,113,603,117,131,21,187,36,113,338
196405,241,113,599,117,130,21,185,36,113,337
196406,240,113,597,116,130,21,185,36,113,337
196407,259,119,630,119,144,22,203,38,117,349
196408,259,119,629,119,144,22,202,38,117,348
196409,258,119,624,119,144,22,201,38,117,347
196410,258,119,622,118,144,22,201,38,117,344
196411,258,118,621,117,144,22,201,38,117,343
196412,257,117,619,116,142,22,201,38,117,343
196501,257,117,616,114,141,22,200,38,117,342
196502,256,116,614,113,141,22,198,38,117,341
196503,255,116,612,113,138,22,198,38,117,338
196504,255,115,609,113,138,22,197,38,117,338
196505,255,115,607,113,138,22,196,38,117,335
196506,253,115,606,112,138,22,196,38,117,334
196507,268,119,638,113,151,25,214,39,119,361
196508,268,119,637,112,150,25,213,39,119,360
196509,267,119,633,112,149,25,210,39,119,359
196510,266,117,630,112,149,25,208,39,119,358
196511,266,117,628,112,149,25,207,39,119,356
196512,263,117,626,112,148,25,207,39,119,356
196601,262,117,624,111,147,25,205,38,119,353
196602,260,117,618,111,147,25,205,38,119,351
196603,260,117,617,111,147,25,204,38,119,351
196604,258,117,615,110,147,25,203,38,119,351
196605,255,117,613,109,146,25,200,38,119,350
196606,253,116,611,108,146,25,199,38,119,349
196607,274,118,639,110,159,26,214,39,122,364
196608,274,118,638,110,158,26,214,39,122,360
196609,274,118,638,109,158,26,214,39,122,359
196610,274,118,635,108,158,26,213,39,122,357
196611,274,117,632,108,158,26,210,39,122,355
196612,272,117,630,108,157,26,209,39,122,351
196701,271,116,629,108,157,26,209,39,122,349
196702,270,116,627,108,157,26,209,39,122,348
196703,270,116,625,107,155,26,207,39,122,348
196704,268,116,624,107,153,26,207,39,122,346
196705,266,115,620,106,152,25,205,39,122,343
196706,264,113,617,106,152,25,205,39,122,341
196707,274,121,653,108,166,26,212,40,125,351
196708,272,120,650,107,166,26,212,40,125,349
196709,271,118,641,107,165,26,211,40,125,347
196710,269,118,637,106,164,24,209,40,125,346
196711,268,116,634,106,164,23,208,40,125,345
196712,267,116,629,105,163,23,206,39,125,344
196801,264,116,619,104,162,22,205,38,124,342
196802,264,115,615,104,161,22,204,38,124,339
196803,262,115,614,104,161,22,203,38,124,337
196804,260,115,611,103,161,22,202,38,123,334
196805,258,114,606,103,161,22,202,38,123,333
196806,254,114,599,99,160,22,200,38,123,330
196807,266,123,633,101,185,25,215,44,126,346
196808,265,123,631,101,185,25,215,44,126,344
196809,263,123,627,101,184,25,215,44,126,341
196810,262,122,620,100,183,25,213,44,126,341
196811,262,121,615,100,182,25,211,44,126,340
196812,259,121,608,99,182,25,211,44,126,338
196901,259,120,604,99,182,25,206,44,126,335
196902,258,118,599,99,181,25,206,44,126,334
196903,258,117,598,98,180,25,205,44,126,330
196904,255,117,597,98,179,24,204,44,126,329
196905,255,117,593,98,177,24,203,44,126,328
196906,254,115,592,97,177,24,203,44,126,325
196907,279,128,623,100,202,26,232,49,132,375
196908,279,127,621,100,200,26,232,49,132,374
196909,278,127,619,100,200,26,231,49,132,370
196910,278,127,618,100,199,26,231,49,132,370
196911,278,126,616,98,198,26,231,49,132,369
196912,276,125,615,98,196,26,228,49,132,369
197001,276,125,613,98,196,26,226,49,132,369
197002,275,125,611,98,196,26,226,49,132,369
197003,275,125,611,98,196,26,226,49,132,365
197004,275,125,609,98,194,26,226,49,132,362
197005,275,124,604,98,194,26,225,49,132,362
197006,273,124,604,97,193,26,223,49,132,361
197007,303,134,629,105,198,27,250,53,135,409
197008,303,133,627,105,197,27,249,53,135,407
197009,303,133,627,105,195,26,249,53,135,406
197010,303,133,625,104,195,26,249,53,135,406
197011,303,132,624,104,194,26,248,52,135,405
197012,302,132,619,103,193,26,246,52,135,403
197101,300,132,618,103,193,26,244,51,135,402
197102,298,132,617,102,193,26,243,51,135,401
197103,297,132,617,101,192,26,242,51,135,398
197104,296,132,614,101,190,26,241,51,135,398
197105,295,132,610,101,188,25,241,51,135,395
197106,293,132,608,101,186,25,241,51,135,393
197107,312,136,624,106,195,27,265,60,140,442
197108,311,136,623,106,195,27,265,60,140,441
197109,311,136,623,106,193,27,265,60,140,441
197110,311,136,623,106,193,27,265,60,140,441
197111,311,135,621,106,193,27,265,60,139,441
197112,311,135,620,106,192,27,265,60,139,439
197201,310,135,615,106,191,27,265,60,139,439
197202,310,135,615,106,191,27,265,60,139,438
197203,309,134,614,106,190,27,265,60,139,436
197204,308,134,613,105,189,27,265,60,139,433
197205,308,134,612,104,189,27,265,60,139,430
197206,308,134,611,104,188,27,264,60,139,427
197207,339,140,630,109,195,27,289,70,143,488
197208,335,139,629,109,195,27,288,70,143,485
197209,335,139,628,109,195,27,287,70,143,485
197210,334,138,627,109,195,27,286,70,143,484
197211,333,138,625,109,193,27,286,70,143,482
197212,333,138,623,109,193,27,285,70,143,482
197301,331,137,622,109,192,27,283,70,142,481
197302,328,137,619,109,191,27,283,70,142,480
197303,327,137,618,108,191,27,283,70,142,478
197304,327,136,618,108,190,27,282,70,142,477
197305,323,136,615,107,188,27,280,70,142,475
197306,322,136,615,107,187,27,279,70,142,474
197307,547,212,967,167,426,44,543,136,183,1925
197308,541,210,962,165,423,44,538,136,183,1906
197309,538,210,958,165,420,44,534,133,183,1894
197310,537,209,955,165,416,44,528,133,183,1883
197311,533,204,944,163,408,44,522,133,183,1853
197312,523,204,939,161,403,43,516,130,183,1824
197401,519,203,934,161,401,43,515,128,183,1810
197402,517,202,931,161,398,43,513,128,183,1803
197403,516,202,931,160,393,42,512,128,183,1793
197404,512,201,928,158,390,42,510,127,183,1787
197405,506,200,920,158,387,42,506,125,182,1776
197406,502,197,916,158,384,42,503,125,182,1762
197407,506,192,914,170,390,42,498,130,184,1740
197408,502,189,911,168,384,42,496,129,184,1728
197409,496,186,910,168,380,41,493,129,184,1719
197410,494,182,907,168,376,41,489,129,184,1708
197411,492,180,903,167,374,41,488,129,182,1698
197412,489,179,898,162,371,41,487,129,182,1686
197501,485,179,895,161,369,41,481,126,182,1676
197502,484,179,894,160,367,41,481,125,182,1672
197503,482,179,891,159,365,41,479,125,182,1668
197504,481,178,887,159,365,41,478,125,181,1659
197505,481,177,886,159,364,41,478,125,181,1656
197506,479,175,881,158,360,40,474,122,181,1649
197507,486,176,900,173,366,41,477,135,185,1660
197508,484,174,894,173,364,41,477,135,185,1655
197509,484,174,893,173,363,41,475,134,185,1653
197510,482,174,892,173,363,41,474,132,184,1645
197511,480,174,890,172,362,41,470,132,184,1641
197512,476,174,888,172,361,40,468,130,184,1635
197601,475,174,884,169,360,40,465,130,184,1627
197602,473,174,880,168,360,40,464,130,184,1623
197603,468,172,879,168,359,40,461,130,184,1619
197604,465,171,877,168,355,40,459,129,184,1613
197605,464,171,871,165,354,40,458,129,184,1607
197606,461,171,867,165,353,40,456,129,184,1604
197607,477,174,910,182,372,41,485,135,187,1668
197608,474,172,903,182,372,41,481,135,187,1662
197609,474,172,900,182,369,41,479,135,187,1656
197610,473,171,896,180,369,41,479,135,187,1653
197611,472,171,893,179,367,41,477,134,187,1651
197612,471,170,887,178,364,41,477,130,187,1644
197701,467,167,884,176,360,41,476,129,187,1638
197702,465,166,881,174,358,41,475,128,187,1634
197703,461,166,878,172,358,41,471,127,187,1630
197704,460,165,874,172,357,41,471,126,187,1627
197705,456,165,867,169,356,41,470,124,187,1625
197706,453,164,862,169,356,41,468,123,186,1622
197707,462,170,895,190,386,44,493,133,187,1676
197708,458,168,893,187,383,44,488,132,187,1668
197709,456,167,889,186,381,44,487,132,187,1658
197710,452,167,882,186,379,44,484,131,187,1652
197711,451,167,880,184,377,44,481,130,187,1650
197712,449,167,868,184,374,44,476,128,187,1645
197801,447,164,859,184,369,44,472,125,187,1630
197802,443,164,856,184,368,44,470,125,187,1621
197803,440,164,852,184,367,44,468,125,187,1615
197804,436,164,846,181,365,43,467,124,187,1612
197805,431,164,835,178,363,43,463,123,187,1606
197806,428,164,820,176,361,43,457,120,187,1599
197807,425,168,859,188,380,43,476,124,189,1663
197808,419,165,855,185,378,43,474,124,188,1655
197809,417,165,852,185,377,42,469,122,188,1646
197810,413,164,849,184,375,42,465,122,188,1637
197811,413,164,844,184,374,41,461,122,188,1628
197812,412,163,841,183,370,41,459,121,188,1620
197901,409,161,831,182,368,41,453,121,188,1610
197902,405,160,828,179,367,41,452,120,188,1597
197903,402,160,825,177,365,41,451,119,188,1593
197904,399,159,823,176,361,41,449,118,188,1580
197905,398,158,820,175,360,40,449,117,188,1572
197906,394,156,815,174,357,39,446,115,188,1557
197907,402,158,842,198,399,44,455,127,188,1645
197908,398,158,835,197,399,43,453,126,187,1637
197909,396,157,832,197,397,43,451,124,187,1628
197910,395,156,830,195,396,43,449,124,187,1624
197911,393,154,827,194,392,42,446,124,187,1616
197912,391,152,823,192,387,42,444,123,187,1610
198001,386,150,815,190,384,42,441,123,187,1590
198002,384,148,811,190,382,42,439,122,187,1585
198003,383,148,809,189,382,41,436,122,187,1574
198004,380,148,803,188,381,40,432,119,187,1567
198005,377,147,801,187,378,39,430,117,186,1556
198006,376,147,797,187,374,38,427,117,186,1545
198007,386,155,832,244,422,43,447,136,190,1638
198008,385,154,828,243,418,43,446,135,189,1621
198009,378,152,822,242,415,43,445,133,189,1612
198010,377,152,821,241,414,43,441,133,189,1603
198011,376,152,817,240,411,43,440,132,189,1597
198012,375,152,814,240,409,40,433,132,188,1584
198101,371,151,812,240,404,40,426,131,187,1576
198102,368,149,808,237,403,40,423,130,187,1568
198103,366,148,800,237,402,38,422,129,187,1564
198104,363,145,796,234,401,38,421,127,187,1558
198105,361,144,792,233,401,38,419,126,187,1557
198106,360,144,785,232,399,38,412,126,187,1549
198107,370,162,834,359,531,50,445,157,192,1734
198108,365,162,830,358,531,49,443,157,191,1732
198109,364,161,830,357,529,49,438,156,191,1719
198110,362,160,826,355,526,49,434,155,191,1709
198111,360,159,823,354,524,47,431,155,191,1702
198112,359,158,820,350,522,47,425,153,191,1696
198201,359,156,818,349,518,47,423,153,191,1683
198202,357,156,813,348,516,47,421,153,191,1674
198203,356,156,810,346,512,47,415,151,191,1659
198204,354,155,808,343,508,47,411,150,189,1641
198205,351,154,807,342,508,46,405,150,189,1628
198206,349,152,806,340,507,46,401,148,189,1617
198207,365,153,845,404,600,54,439,175,190,1717
198208,362,153,841,402,598,54,437,174,190,1705
198209,359,153,832,398,596,53,436,172,190,1681
198210,357,150,826,395,593,52,434,171,190,1665
198211,352,149,823,394,591,52,431,170,190,1640
198212,351,149,815,391,588,51,431,168,190,1625
198301,347,149,808,384,587,50,425,167,190,1602
198302,346,149,803,379,586,50,422,165,190,1595
198303,344,149,801,377,584,50,419,162,190,1587
198304,344,148,798,371,583,49,418,160,190,1580
198305,343,148,797,367,576,48,415,160,189,1567
198306,340,147,791,363,571,48,414,159,188,1555
198307,366,157,830,393,694,61,475,201,196,1728
198308,364,157,824,384,692,60,471,199,195,1713
198309,363,156,820,377,688,60,467,199,195,1699
198310,363,156,816,375,685,59,466,199,192,1691
198311,363,154,814,374,683,59,464,199,192,1681
198312,361,154,813,365,680,59,458,198,190,1674
198401,360,151,809,357,678,59,453,195,190,1659
198402,352,151,804,354,676,59,447,193,190,1651
198403,350,151,801,348,675,59,446,193,190,1640
198404,348,150,795,346,674,57,443,193,190,1629
198405,345,147,794,344,673,57,440,190,190,1617
198406,342,147,787,340,667,54,435,190,190,1598
198407,378,169,862,380,913,83,553,284,196,1851
198408,374,169,861,377,910,83,552,283,195,1838
198409,369,168,855,366,903,83,539,281,194,1818
198410,367,167,851,362,893,82,534,278,194,1793
198411,364,167,842,352,887,81,529,277,194,1776
198412,358,167,839,344,884,81,527,273,194,1765
198501,353,166,835,338,876,81,521,269,194,1739
198502,352,166,823,336,871,80,516,268,194,1730
198503,350,164,817,333,865,79,513,265,192,1723
198504,347,164,814,332,857,79,505,264,192,1709
198505,340,160,809,328,852,78,498,264,191,1689
198506,339,157,800,324,839,78,492,259,191,1674
198507,363,171,845,365,940,95,541,312,192,1754
198508,361,170,837,360,930,94,535,311,192,1731
198509,358,167,834,356,926,91,531,309,192,1713
198510,353,166,831,347,916,91,524,307,191,1704
198511,350,164,824,341,909,89,516,304,191,1685
198512,347,162,820,335,903,85,506,300,190,1668
198601,344,161,817,328,896,84,503,296,189,1642
198602,340,161,814,323,891,84,499,293,189,1631
198603,338,161,807,318,879,83,494,289,188,1616
198604,331,159,804,310,873,82,490,285,186,1601
198605,327,158,798,303,869,80,486,281,185,1583
198606,325,155,788,296,860,79,483,277,184,1571
198607,342,171,872,330,951,93,621,362,194,1765
198608,339,170,867,321,942,93,618,359,194,1748
198609,337,168,860,316,933,93,612,357,193,1731
198610,334,166,849,312,923,92,605,352,192,1720
198611,328,165,844,302,912,91,599,345,192,1700
198612,324,162,824,292,898,90,588,344,191,1668
198701,318,161,818,291,888,88,578,338,191,1653
198702,318,161,814,286,886,88,576,335,191,1648
198703,316,161,806,282,880,88,572,331,191,1636
198704,312,159,797,281,878,88,567,331,191,1628
198705,309,159,795,278,873,88,566,331,191,1614
198706,307,156,790,273,864,87,562,330,191,1604
198707,357,177,875,289,984,112,669,412,195,2049
198708,355,174,868,286,974,108,663,410,195,2036
198709,351,173,861,280,967,106,660,408,195,2030
198710,345,172,851,278,959,104,652,407,195,2009
198711,343,171,844,274,953,104,640,401,195,1991
198712,341,168,839,272,942,103,628,397,195,1974
198801,337,167,834,270,937,102,627,392,195,1958
198802,336,166,825,268,922,101,621,390,194,1936
198803,332,163,820,267,918,99,615,382,193,1922
198804,326,158,812,266,913,96,606,381,193,1909
198805,321,155,801,264,903,94,589,379,193,1886
198806,317,154,796,257,893,94,583,375,192,1875
198807,371,173,849,246,961,118,636,413,205,2079
198808,370,172,842,242,951,116,623,406,203,2053
198809,367,172,834,240,941,116,615,398,203,2033
198810,365,170,826,238,935,116,609,396,203,2019
198811,361,170,813,235,925,115,600,391,202,2003
198812,353,165,805,231,914,111,589,388,202,1973
198901,350,163,801,228,905,109,584,386,201,1956
198902,348,161,796,227,894,106,580,384,201,1941
198903,345,161,791,225,880,106,574,381,201,1925
198904,344,158,788,224,876,104,570,377,201,1907
198905,339,158,782,222,864,103,561,374,200,1893
198906,334,156,771,219,853,103,555,368,199,1873
198907,339,164,841,227,889,114,617,398,198,2002
198908,337,162,833,225,884,110,610,396,198,1974
198909,333,160,828,221,878,109,602,394,198,1950
198910,329,160,819,221,874,109,599,389,198,1938
198911,325,159,815,220,863,109,592,387,198,1915
198912,325,158,807,220,858,109,584,384,198,1896
199001,323,157,797,219,851,108,581,380,198,1875
199002,322,155,794,218,845,108,574,378,197,1860
199003,320,155,787,217,838,108,570,377,197,1842
199004,319,154,783,217,830,107,561,373,197,1827
199005,319,153,777,215,823,106,555,371,197,1807
199006,319,150,769,215,809,104,547,366,197,1789
199007,348,157,793,236,878,113,587,426,198,1945
199008,347,155,787,234,871,111,580,426,198,1923
199009,345,153,785,232,867,110,577,424,198,1907
199010,341,150,779,231,861,110,572,420,198,1892
199011,340,150,775,230,854,108,566,415,195,1876
199012,340,149,768,228,846,107,566,414,194,1863
199101,338,149,763,228,842,107,562,411,194,1839
199102,337,149,760,226,838,106,557,406,194,1830
199103,333,149,754,225,830,105,556,403,194,1819
199104,333,147,744,222,823,105,546,400,194,1800
199105,328,146,737,221,819,105,542,398,194,1783
199106,325,146,735,221,815,104,536,396,194,1774
199107,343,147,780,233,850,109,567,458,194,1877
199108,339,146,776,233,847,107,564,454,194,1864
199109,338,145,776,232,841,106,561,453,194,1852
199110,338,145,774,232,833,105,555,450,194,1840
199111,335,143,771,232,826,104,550,450,194,1827
199112,334,142,766,232,815,103,547,447,194,1806
199201,333,141,762,230,809,103,544,445,194,1790
199202,331,141,761,227,805,101,537,440,194,1780
199203,330,141,759,225,799,100,531,439,194,1758
199204,328,139,753,224,794,99,527,436,192,1740
199205,326,135,748,218,785,99,523,432,192,1722
199206,325,133,742,212,772,98,515,428,191,1704
199207,366,148,793,211,858,117,612,549,194,1840
199208,363,142,788,206,848,114,608,547,194,1826
199209,363,141,785,204,845,114,603,541,194,1813
199210,359,140,780,204,839,114,598,533,194,1793
199211,356,140,777,204,834,114,594,533,194,1784
199212,355,140,776,201,831,111,593,532,194,1766
199301,353,140,772,201,823,111,592,531,194,1748
199302,351,140,771,200,820,111,589,528,194,1735
199303,349,140,769,199,815,108,586,526,194,1715
199304,347,140,767,199,812,108,585,522,194,1707
199305,346,140,763,199,809,108,585,518,194,1697
199306,343,139,755,198,806,108,583,517,194,1686
199307,380,155,798,217,919,116,672,596,195,1907
199308,379,155,793,216,917,115,669,590,195,1896
199309,379,154,790,216,913,114,667,587,195,1889
199310,377,154,787,216,910,114,664,584,195,1876
199311,376,152,780,214,908,114,662,582,195,1871
199312,372,152,776,213,900,113,661,580,195,1852
199401,369,152,775,213,898,113,657,579,193,1832
199402,369,151,770,213,894,111,654,574,193,1820
199403,369,150,768,212,891,111,653,572,193,1806
199404,369,150,763,212,884,111,652,567,192,1795
199405,369,150,760,209,877,111,649,561,192,1783
199406,368,149,756,209,873,111,646,553,192,1765
199407,423,175,885,237,1008,152,771,623,192,2081
199408,421,173,879,236,1000,152,768,622,192,2062
199409,419,173,879,233,992,149,760,618,192,2046
199410,417,173,878,230,986,149,758,609,191,2034
199411,413,172,875,228,979,149,756,605,191,2021
199412,410,170,870,225,969,145,751,600,190,2006
199501,410,169,867,224,962,143,745,595,190,1980
199502,407,169,862,223,956,142,743,591,189,1965
199503,402,169,856,221,947,141,738,585,189,1949
199504,400,169,852,220,944,141,729,581,189,1931
199505,394,169,846,219,942,137,721,574,187,1914
199506,391,167,840,218,931,134,713,573,185,1897
199507,414,195,906,223,1053,156,778,621,186,2103
199508,411,191,906,222,1045,154,773,613,186,2093
199509,410,190,901,221,1043,149,769,608,185,2081
199510,407,189,897,219,1036,148,762,603,185,2061
199511,404,189,891,218,1031,147,756,594,185,2047
199512,403,188,888,218,1020,146,751,591,185,2029
199601,401,185,881,217,1015,145,745,587,185,1994
199602,400,184,874,214,1009,141,738,584,185,1980
199603,400,183,865,213,1006,141,738,580,185,1962
199604,400,182,859,213,1001,140,736,577,185,1938
199605,399,181,852,211,995,138,731,573,185,1923
199606,394,179,851,209,992,138,726,569,184,1910
199607,427,194,927,221,1242,173,808,698,185,2191
199608,426,193,917,220,1230,173,802,693,185,2177
199609,421,190,912,219,1226,172,796,689,185,2165
199610,419,188,905,217,1219,171,789,688,185,2146
199611,416,188,899,217,1213,169,784,686,185,2127
199612,415,185,892,216,1205,169,776,679,185,2107
199701,415,185,884,214,1196,166,766,674,185,2089
199702,410,185,883,214,1187,165,759,671,184,2076
199703,406,185,875,213,1178,162,753,666,183,2054
199704,403,184,873,213,1170,159,749,662,183,2035
199705,400,183,869,212,1162,157,746,659,183,2020
199706,395,182,865,210,1152,156,740,655,182,1991
199707,417,193,934,223,1336,186,822,736,183,2244
199708,416,190,923,219,1326,185,812,731,179,2220
199709,412,190,917,219,1320,182,799,721,179,2205
199710,411,190,908,214,1316,179,788,714,179,2184
199711,409,187,903,212,1305,177,783,709,178,2165
199712,404,186,894,208,1290,172,772,702,177,2132
199801,398,185,886,206,1279,169,762,697,174,2114
199802,393,184,883,205,1266,167,754,693,174,2088
199803,389,182,879,201,1256,162,742,684,173,2056
199804,386,180,870,200,1245,161,736,681,171,2027
199805,383,178,868,197,1230,160,730,675,170,2003
199806,377,178,856,196,1215,152,724,668,166,1976
199807,418,184,893,210,1364,173,786,730,167,2200
199808,415,182,888,205,1350,170,776,722,167,2174
199809,410,180,880,202,1325,168,763,714,165,2156
199810,404,178,867,202,1301,163,749,694,163,2124
199811,399,177,861,201,1290,159,744,685,163,2103
199812,390,177,854,199,1275,156,736,675,163,2071
199901,385,173,843,196,1259,153,727,667,163,2044
199902,382,168,831,196,1248,150,719,661,162,2020
199903,379,166,823,188,1230,145,703,648,160,1993
199904,374,165,813,184,1218,142,693,642,160,1974
199905,371,164,810,178,1201,138,683,638,159,1956
199906,366,160,803,176,1180,136,677,628,159,1932
199907,375,160,816,180,1324,161,705,632,158,2069
199908,373,158,800,174,1309,156,697,626,155,2050
199909,368,157,792,171,1293,154,689,614,154,2030
199910,364,156,782,170,1279,150,686,608,152,2002
199911,361,156,765,168,1261,147,682,591,150,1976
199912,354,153,758,166,1241,146,673,583,150,1954
200001,353,151,756,165,1226,144,667,578,148,1934
200002,351,149,748,165,1210,141,662,572,145,1914
200003,347,149,741,164,1198,140,659,570,143,1874
200004,344,148,739,162,1184,140,652,567,139,1851
200005,339,145,734,161,1172,137,649,561,138,1838
200006,332,144,723,161,1156,134,644,556,137,1812
200007,342,141,733,171,1471,188,683,602,137,1928
200008,336,141,727,170,1458,185,674,595,136,1913
200009,334,140,717,168,1442,185,665,586,130,1896
200010,325,135,707,167,1423,184,655,578,129,1864
200011,322,133,698,166,1409,182,641,564,125,1840
200012,314,131,691,163,1390,180,630,553,123,1822
200101,310,131,678,161,1373,178,618,549,121,1790
200102,308,130,676,159,1357,175,609,543,121,1770
200103,303,130,673,155,1337,171,601,539,119,1754
200104,299,130,662,155,1313,164,592,531,119,1728
200105,294,127,651,153,1287,159,580,525,118,1710
200106,290,125,646,152,1265,156,575,522,117,1684
200107,287,124,668,170,1379,167,576,570,124,1725
200108,283,122,663,164,1338,163,562,566,124,1707
200109,281,121,660,162,1327,162,555,563,124,1689
200110,278,120,656,161,1312,160,550,561,123,1674
200111,273,120,649,159,1292,154,540,557,122,1650
200112,269,117,646,158,1278,152,538,555,122,1627
200201,265,117,642,155,1264,150,531,553,121,1606
200202,262,115,637,155,1254,145,529,551,119,1585
200203,260,115,632,154,1244,141,521,550,119,1569
200204,259,112,624,153,1228,138,519,544,118,1552
200205,257,112,621,152,1212,134,517,543,118,1541
200206,256,112,616,152,1198,129,512,538,117,1537
200207,262,116,616,151,1230,135,519,568,116,1576
200208,261,115,611,151,1205,133,515,565,115,1556
200209,258,115,608,150,1190,131,515,563,115,1546
200210,255,115,603,146,1171,130,510,557,115,1534
200211,255,114,596,145,1160,125,508,555,115,1523
200212,254,112,592,144,1146,119,506,548,115,1514
200301,253,111,585,144,1131,117,502,544,114,1496
200302,252,109,580,144,1115,117,501,539,114,1488
200303,248,109,575,143,1086,115,498,527,114,1472
200304,246,105,573,142,1074,113,492,522,113,1467
200305,244,105,571,142,1062,111,486,521,113,1453
200306,242,105,570,141,1047,111,480,516,113,1446
200307,241,105,576,147,1055,118,489,518,112,1496
200308,239,104,573,146,1040,117,486,514,112,1482
200309,236,103,571,146,1030,116,484,513,111,1476
200310,235,102,568,145,1017,116,480,512,111,1467
200311,235,102,566,145,1005,115,476,510,111,1451
200312,234,102,561,144,997,113,470,509,111,1438
200401,231,101,560,142,990,113,467,506,111,1425
200402,230,100,559,140,982,113,466,503,111,1416
200403,230,99,554,140,969,112,465,502,111,1410
200404,228,99,552,140,964,112,458,499,111,1396
200405,228,98,550,138,961,111,453,497,111,1381
200406,226,98,548,137,953,110,452,493,111,1370
200407,229,106,547,145,992,125,467,550,112,1449
200408,228,106,545,145,984,123,460,547,112,1442
200409,226,106,542,144,983,123,459,547,112,1430
200410,225,105,539,144,975,122,455,546,112,1418
200411,225,104,536,144,967,120,451,545,112,1407
200412,222,103,533,144,961,119,450,542,110,1395
200501,222,103,526,144,957,119,449,539,110,1375
200502,220,102,524,144,952,118,448,538,110,1363
200503,219,100,517,143,950,117,444,537,110,1355
200504,217,99,514,142,944,116,441,535,110,1347
200505,216,98,511,141,935,115,438,532,110,1336
200506,214,98,509,140,924,113,437,530,110,1330
200507,222,102,527,155,974,131,463,568,114,1425
200508,219,99,524,153,964,127,460,564,114,1416
200509,219,99,521,153,955,127,456,559,114,1409
200510,214,98,516,152,946,126,451,554,114,1404
200511,213,98,516,152,938,122,447,548,113,1398
200512,211,97,512,150,933,121,442,545,113,1385
200601,208,96,511,149,921,120,441,539,113,1374
200602,208,96,508,149,909,117,434,535,113,1369
200603,207,95,508,149,903,115,430,531,113,1360
200604,207,94,505,148,896,115,428,524,112,1353
200605,205,94,504,147,888,113,425,520,111,1345
200606,203,94,501,147,882,112,421,518,111,1338
200607,218,107,521,169,917,123,439,572,114,1439
200608,217,107,520,168,909,122,437,571,113,1432
200609,217,106,517,168,905,121,432,570,113,1426
200610,216,105,513,167,894,120,430,569,113,1417
200611,215,103,511,167,891,118,424,561,113,1406
200612,213,103,505,166,882,116,423,556,113,1396
200701,211,102,501,165,872,113,420,549,113,1382
200702,211,100,498,165,863,113,418,547,112,1371
200703,209,100,496,163,855,111,415,545,112,1365
200704,209,99,487,163,846,110,413,538,111,1352
200705,206,99,484,163,836,110,410,537,110,1344
200706,204,99,478,160,828,110,406,533,109,1336
200707,208,103,506,176,882,123,419,577,110,1443
200708,204,102,504,176,873,122,416,571,109,1428
200709,203,102,502,176,862,121,412,568,109,1420
200710,203,101,500,176,851,121,405,564,108,1404
200711,202,100,497,175,845,117,397,556,107,1394
200712,199,99,492,175,835,117,394,553,107,1382
200801,199,98,491,175,828,116,393,548,106,1375
200802,198,98,487,173,825,114,392,544,106,1363
200803,198,98,485,170,819,113,389,538,106,1351
200804,197,97,481,169,814,112,385,531,106,1341
200805,195,97,478,168,805,111,380,522,106,1332
200806,195,97,476,168,799,111,379,519,106,1322
200807,203,105,502,185,838,117,384,552,106,1398
200808,202,105,499,183,827,116,380,547,106,1393
200809,200,105,497,183,815,115,377,542,105,1384
200810,198,105,495,183,806,114,371,535,105,1372
200811,193,104,492,180,798,113,369,533,105,1358
200812,192,104,490,179,792,112,367,525,104,1347
200901,190,103,487,179,789,111,364,517,104,1335
200902,189,100,484,179,784,110,363,512,103,1324
200903,189,98,477,177,779,109,362,504,103,1312
200904,188,97,470,176,770,108,360,501,103,1300
200905,188,95,467,174,766,108,360,493,103,1292
200906,187,93,465,174,757,104,359,486,103,1282
200907,188,95,472,177,758,108,360,496,105,1300
200908,187,94,470,176,753,108,358,492,105,1290
200909,186,93,469,176,753,107,357,487,105,1279
200910,186,93,468,175,746,106,355,482,104,1268
200911,186,92,464,172,742,101,350,477,104,1258
200912,184,92,461,172,738,99,349,472,104,1245
201001,184,92,461,172,732,98,346,467,104,1232
201002,183,92,458,172,725,96,345,464,104,1221
201003,179,92,456,169,722,96,343,458,104,1215
201004,179,92,454,168,711,96,343,458,104,1203
201005,178,92,452,167,709,95,341,457,104,1195
201006,178,92,451,165,709,94,340,455,104,1187
201007,183,95,475,177,732,101,351,479,105,1218
201008,183,95,473,177,726,100,348,476,105,1216
201009,182,94,470,174,721,100,348,473,104,1213
201010,182,94,470,173,710,99,346,468,104,1205
201011,181,93,466,172,703,99,345,463,104,1196
201012,180,93,462,169,693,99,344,456,102,1184
201101,180,92,458,169,688,99,343,453,102,1175
201102,180,91,457,167,681,99,342,449,100,1173
201103,178,88,453,167,678,97,340,446,100,1167
201104,176,88,451,166,668,96,338,442,100,1155
201105,175,88,448,166,662,96,335,440,100,1147
201106,173,88,447,162,655,95,332,430,99,1137
201107,172,96,459,170,691,102,339,458,101,1173
201108,171,96,458,169,686,102,339,456,101,1171
201109,170,96,457,167,683,100,339,454,100,1166
201110,169,96,455,167,677,100,338,450,100,1159
201111,168,95,451,166,670,100,336,447,99,1150
201112,165,95,447,163,667,99,335,445,98,1142
201201,165,95,445,162,660,98,333,443,97,1134
201202,165,95,444,161,653,98,331,439,97,1129
201203,165,95,442,160,649,98,330,436,95,1124
201204,164,95,441,160,646,98,328,432,94,1118
201205,164,94,439,159,643,98,327,431,93,1108
201206,161,94,437,158,642,98,324,427,92,1101
201207,165,97,439,171,677,104,334,447,91,1129
201208,165,96,438,168,670,104,332,438,91,1127
201209,163,96,436,168,668,104,330,434,91,1117
201210,162,95,433,164,663,104,326,433,91,1108
201211,162,95,431,163,657,102,325,432,91,1103
201212,162,94,426,162,648,101,325,427,90,1096
201301,160,94,425,162,647,100,322,425,90,1094
201302,157,94,424,162,645,99,319,424,90,1088
201303,157,93,423,162,640,99,319,420,90,1082
201304,157,92,421,160,632,99,316,419,90,1076
201305,155,92,419,158,629,98,314,418,90,1070
201306,152,92,419,157,625,97,312,414,89,1064
201307,156,93,427,161,660,97,327,456,89,1104
201308,154,92,425,160,655,96,327,454,89,1102
201309,153,91,424,159,650,95,327,453,89,1098
201310,152,90,421,158,646,95,325,447,89,1096
201311,150,89,420,157,639,95,318,446,89,1091
201312,150,89,420,156,635,93,317,445,88,1087
201401,150,89,420,156,632,93,315,440,88,1083
201402,148,89,413,156,628,93,313,437,88,1077
201403,148,88,411,154,628,92,313,436,88,1074
201404,147,88,410,153,625,91,312,435,88,1070
201405,146,88,407,153,624,91,311,433,88,1065
201406,145,88,407,152,620,90,311,432,88,1061
201407,151,90,420,169,675,93,329,534,90,1117
201408,150,90,420,169,674,93,326,532,89,1112
201409,149,90,420,168,672,92,326,529,89,1107
201410,148,89,420,166,667,91,324,528,89,1103
201411,148,88,419,165,665,90,323,523,89,1097
201412,148,87,418,164,658,89,320,522,89,1090
201501,147,87,417,163,652,89,318,519,89,1086
201502,147,87,414,162,647,89,314,516,89,1081
201503,146,87,413,160,643,89,312,513,89,1074
201504,146,86,413,160,639,88,312,510,89,1067
201505,146,84,413,159,634,88,312,506,89,1066
201506,145,84,411,158,629,88,312,505,88,1060
201507,144,84,422,159,666,89,326,595,90,1125
201508,144,83,420,158,663,89,322,593,90,1122
201509,143,83,414,156,660,89,322,591,90,1118
201510,142,82,412,154,651,89,321,586,90,1107
201511,142,82,411,153,647,89,321,583,90,1101
201512,142,82,409,152,644,86,319,580,89,1091
201601,141,82,406,144,639,86,317,578,89,1083
201602,140,82,404,143,632,86,316,573,89,1075
201603,139,82,402,142,629,86,316,573,87,1066
201604,137,81,398,141,626,86,313,572,86,1064
201605,136,81,397,138,620,82,310,567,86,1055
201606,136,80,396,137,616,81,310,565,86,1050
201607,141,84,402,135,634,85,316,616,85,1094
201608,139,83,401,135,628,85,316,610,85,1084
201609,139,83,398,133,621,84,314,605,84,1075
201610,137,82,398,133,615,84,313,600,82,1072
201611,137,81,397,132,604,84,313,596,82,1069
201612,137,81,396,132,599,82,311,593,81,1060
201701,137,80,394,132,596,80,311,592,80,1058
201702,137,80,393,132,592,79,309,587,79,1052
201703,137,79,392,131,589,79,306,582,79,1048
201704,136,78,388,129,584,79,306,579,79,1041
201705,135,78,386,128,581,79,305,577,79,1032
201706,134,77,384,127,577,79,303,575,79,1022
201707,138,79,398,147,606,82,309,616,81,1094
201708,138,79,398,146,599,81,308,613,80,1092
201709,137,79,394,146,592,81,304,611,79,1087
201710,137,79,393,145,585,80,304,605,79,1075