1,1,0,0
1.0041000001507232,1.0035493604143408,0.004091618053361417,0.0035430762999999984
0.9767884798847511,0.9701231786966348,-0.027576768038329685,-0.0338753035
0.9586202143819931,0.9166975474773078,-0.018775155093605517,-0.0566454622
0.8816430114021421,0.8694102248365667,-0.08370774880691116,-0.05296251030000001
0.9383326572327481,0.9516300424418098,0.06231730627528612,0.09036126909999999
0.9678901364096636,0.9827647957862372,0.03101405401898119,0.0321934713
0.9919906015481044,1.0265171438460725,0.024595047603210005,0.0435571179
1.0421853278915143,1.1406346365098234,0.04936143136568673,0.1054131476
1.1006519247774285,1.230226345393837,0.05458287776229659,0.0756133669
1.14842021851233,1.2530263948308478,0.042484611779925414,0.0183635679
1.2073341771664152,1.3920467842187547,0.050027494796005004,0.10521342970000003
1.3210650575484562,1.5416184001571498,0.0900235033235315,0.1020576031
1.3547522643967018,1.6375737253037157,0.02518033387311494,0.0603829368
1.5366349807716624,1.864084169770128,0.12597634132701305,0.1295541601
1.5643549706670263,1.9173049885484326,0.017878631473359333,0.028150677500000006
1.5528993212170632,1.947143235369303,-0.007349866226676984,0.015442742700000001
1.3903714896933974,1.7159090954790408,-0.11055274327868299,-0.1264202659
1.4277724834341547,1.8060469468671825,0.026544555689977517,0.0511974246
1.4384454125139101,1.8198546717251498,0.007447429886795812,0.0076161976
1.5283279742191076,1.95416408442416,0.06061135474106977,0.07120587650000001
1.5393067665203723,1.97837538841181,0.00715785294133012,0.0123134733
1.5747127816357365,2.0452584620109864,0.02274073131489486,0.033248171800000004
1.6652742422968987,2.1633180880571183,0.055916925175784435,0.056119026100000004
1.8259732046299806,2.316378286470466,0.0921232877539007,0.0683616876
1.8444155333524945,2.3315772040832847,0.010049335503704375,0.006540067699999999
1.9493627775757614,2.486461530480831,0.05534009522579667,0.0643156775
1.9747044934189022,2.501521897611167,0.012916225132174892,0.0060386780000000004
1.955549861170191,2.458611054256527,-0.009747350770953653,-0.0173027273
1.7838525811821155,2.230728244274749,-0.09189601592511584,-0.0972684793
1.74460782464812,2.1741417839919706,-0.022245608802868327,-0.025694094500000004
1.631906158737668,2.017421799257349,-0.06678103395886151,-0.07481364540000002
1.7461395893534766,2.2270561855242086,0.06765864818985799,0.09886025799999999
1.6811831966483626,2.1069668596325664,-0.037909573062016595,-0.055431211200000004
1.3973994728699897,1.7324238621408785,-0.1848848393288852,-0.19572790169999998
1.274987278360316,1.5826144762778158,-0.09167678911015456,-0.09044329300000001
1.1397111280195746,1.4223866087679962,-0.11216136698196079,-0.1067420401
1.0527511693374716,1.2801869257352365,-0.07936793501711344,-0.1053300682
1.1205483443397,1.32275334259069,0.06241125985090026,0.0327093268
1.1694042518696448,1.397589599046799,0.04267627403820514,0.055033608000000005
0.8871100650989245,1.0205256202110977,-0.2762806501437332,-0.3144312293
1.039338152345515,1.2172414666440365,0.15837033604419434,0.1762693972
0.9874751782433745,1.1501953427374652,-0.05118803707333886,-0.0566554145
1.2222967753591736,1.4707320486315383,0.21333561010183957,0.2458284779
1.3765506285876856,1.6300169465156595,0.11884913396782372,0.10283014230000001
1.2858359422682104,1.5338598114692064,-0.06817178002210025,-0.06080310020000001
1.2552330463629893,1.512417071863922,-0.024087795910881858,-0.0140782303
1.3948149606607199,1.7127931489963961,0.10544051212975726,0.12441637750000001
1.3436252520959784,1.6492416688002922,-0.03739038885275248,-0.037809870800000006
1.3374445759544187,1.686953103968548,-0.004610612544163529,0.0226084171
1.2727122572183178,1.5814724891555036,-0.04961050154327306,-0.0645676365
1.3238752895120622,1.6515451936702659,0.03941300201961915,0.043354962500000004
1.161832952617429,1.3973504342120255,-0.1305643712763374,-0.16713343420000001
1.1814679294151689,1.405715707160851,0.016758783729049296,0.0059686767
1.2560185556913404,1.527476492622465,0.06118916825674996,0.08307044930000002
1.1902031825851787,1.4088813567454816,-0.05382280735952424,-0.080820997
1.3158886388665887,1.595428511815857,0.1003881741835725,0.12434633410000001
1.19837978336844,1.4340576875710764,-0.093541744447886,-0.1066343898
1.6339908339540323,1.8623381800455616,0.3100549228941798,0.2613248145
1.6051574653244276,1.8638630456493186,-0.017803525840835492,0.0008184558999999999
1.447757413883446,1.7405817389855263,-0.10320611292593838,-0.06843185010000001
1.491624435630157,1.7640712455450829,0.029850003268496274,0.013404955300000002
1.4873710594037859,1.7355797318821085,-0.0028555794218208864,-0.0162828484
1.5574262349837416,1.7784819266077991,0.04602443746503535,0.024418653199999998
1.5697949868612884,1.8426818832916128,0.007910419824922436,0.0354619055
1.6116229518804395,1.8495259834559257,0.02629668669010647,0.0037073253999999993
1.1794492191664279,1.370095373485745,-0.31219414981544985,-0.30004902800000005
1.2433753683536206,1.4862439032324124,0.05278218665209651,0.08137171380000001
1.3041764040844583,1.526936163211269,0.0477419808174929,0.027011153099999997
1.3416062664620085,1.5553119457322384,0.028295868842032917,0.018412913700000002
1.4132480407436516,1.6038289633004927,0.052023027821315224,0.030717738699999997
1.5104795059855214,1.6809728049574715,0.06653652382586941,0.046978804000000006
1.5115368411501686,1.652677146019771,0.0006997547904026647,-0.0169761906
1.5082114592697085,1.6254977589867519,-0.0022024241054742323,-0.0165824037
1.4297844644409323,1.6199736842139894,-0.05340077599046658,-0.003404177300000002
1.3964704831988475,1.5939353798038465,-0.02357573883495644,-0.016203864900000003
1.3971690206813627,1.6041053358218944,0.0005000913654773745,0.0063601381
1.306970002834355,1.5064433613526238,-0.0667365780560614,-0.0628146953
1.3042283661236451,1.5193252525444116,-0.0020999076521840063,0.0085148408
1.4013393297128023,1.613397525496861,0.07181686782346118,0.06007589630000001
1.529993777785936,1.8173919369790128,0.08783522519915339,0.11906025190000001
1.5115345660299033,1.8049178388388458,-0.012138264920318753,-0.0068873996
1.4889715314334886,1.775100574123134,-0.015039769402271645,-0.016657989300000002
1.3829491562236385,1.6645663287620518,-0.07386734565585376,-0.0642924565
1.356520229876723,1.5922085610080148,-0.019295522316261887,-0.044442541800000006
1.262106418872699,1.4548127036153673,-0.07214068015830906,-0.0902449182
1.3756959945212681,1.6076669516758884,0.08617769475091658,0.09990686340000002
1.3605633392279852,1.5717860128499033,-0.011060946884290124,-0.022571469100000005
1.3669579319870901,1.4924571269344953,0.004688949298160664,-0.0517887204
1.2946458570294674,1.4303436917858,-0.054350595024678226,-0.0425090809
1.3756906869494698,1.4964150101765918,0.060718734504032625,0.045157495
1.4241149827381325,1.53400225583293,0.03459463325422165,0.0248079192
1.4998779001393108,1.5973208255514295,0.051833148853041064,0.0404475682
1.5256758009015903,1.6432577591793542,0.017053755142544706,0.028352968300000003
1.5970774301227852,1.7332260914709423,0.04573789276271808,0.0533037547
1.775470977514188,1.9223097459383083,0.10589037438255877,0.103542991
1.787721726402875,1.9126140139903618,0.006876303460520477,-0.005056555599999999
1.94772281797243,2.0001896212685977,0.08571887389128423,0.0447710866
2.1243812792269274,2.3202327237302383,0.08681969273603449,0.1484255059
2.276062103039501,2.6018533512747206,0.06896620467375544,0.11455652590000003
2.5246080903754184,2.8801691175633923,0.10363903701092604,0.1016249953
2.5940095796775595,3.0293214592463666,0.02711893995291332,0.0504896398
2.8012457035883895,3.290735212971159,0.07685943348267296,0.08277235520000001
2.830953946330079,3.344189240567371,0.010549525980311319,0.0161132759
2.5871321227191015,3.1538570057991606,-0.09006376467498285,-0.058598134600000004
2.5921962692576432,3.160874075116671,0.001955523098396538,0.0022224453
2.693400596124116,3.2924665752519386,0.03829906057397306,0.04078840740000001
2.6502164237040735,3.2908553859048113,-0.016163251375847655,-0.0004894761000000002
2.380778822584336,3.006160921106032,-0.1072136354524553,-0.09048370350000001
2.5871329915603103,3.2906665982375087,0.08312263898766553,0.09042633450000001
2.649841633247019,3.4246001881039203,0.023949567652632373,0.0398945738
2.6684154327545153,3.46369484751136,0.006984948186643497,0.0113511628
2.852969977285075,3.619063186910577,0.06687572360696525,0.0438793099
2.800705332989718,3.5163755298271626,-0.018489258869420107,-0.028784424100000004
2.9429390664521717,3.739975548983038,0.04953747436986773,0.061648293600000015
3.1562327782884005,4.096972831798463,0.06997039317520913,0.09116929360000002
3.161282748892897,4.052123351295653,0.001598720781412822,-0.0110073393
3.2444244859060043,4.1668558241262605,0.02596010189059526,0.027920724400000006
3.2742731899934747,4.156701090976469,0.009157937423505298,-0.0024399997000000002
3.390182456842225,4.15736332366523,0.03478782428306839,0.00015930420000000045
3.4830734540354356,4.225961713907157,0.027031338441147666,0.0163658026
3.629362539940297,4.486770376050459,0.04114194356134593,0.0598862908
3.7684277076159365,4.684519696915903,0.03760083676222034,0.0431302408
4.111549252271722,5.059652295834175,0.0871420437201424,0.07703437360000001
3.9287701169190496,4.784399084777032,-0.04547347495212441,-0.055937330800000004
4.235026229130057,5.213661812620158,0.07506309194989108,0.08592201810000001
4.42074123566556,5.365311953331587,0.042917860902315794,0.028672068400000007
4.393774756984025,5.50952978969528,-0.006118671254371595,0.0265247615
4.250132161500238,5.36477891460798,-0.033238631875507865,-0.026624115500000003
4.363610742041579,5.689157222986736,0.026349787200396168,0.058706955299999995
4.5766256651932915,6.023230609053955,0.04766210578782767,0.0570616397
4.9679271314321305,6.418344526924369,0.08204070467284408,0.06353646119999999
5.6609529535629575,7.038701363906958,0.13058956745946482,0.09226346519999999
5.993250832179555,7.198456365817857,0.05704173039638991,0.0224429216
6.463121699846902,7.804850781788394,0.0754784615510291,0.0808788261
6.216230393075014,7.306329167021376,-0.038948759442885075,-0.0660044538
6.962178017534846,7.766609981829321,0.11332868204521214,0.0610927917
7.7217516405524425,8.19637626587838,0.10354887579750287,0.053858364400000004
8.137181880430168,8.6163128668215,0.052402678991643484,0.0499651137
7.576530049976057,8.176397793650388,-0.07138859594147415,-0.0524055654
7.288621909897651,7.8422065416290465,-0.03874082806663253,-0.0417314447
6.763841133334971,7.279227630000539,-0.07472354605549088,-0.07449547960000001
5.964355109432771,6.337454271824075,-0.125790006383902,-0.13854760840000002
5.698941310193955,6.228222333779586,-0.045520514752419125,-0.017386201
5.5872420625526775,6.194244370192443,-0.01979462696332609,-0.005470418899999999
5.756535497381755,6.5028218645447,0.029850022026859664,0.04861568220000001
5.7962555929968,6.6798919348497705,0.006876304057286001,0.026865594300000004
5.810166608294601,6.572515297367616,0.0023971249223643607,-0.016205204900000002
5.624241275197558,6.386899034594573,-0.03252319199566428,-0.0286477386
5.0556304858596395,5.896787239969902,-0.10658348469376105,-0.0798411995
4.921656284481463,5.68239919422742,-0.02685745284977748,-0.03703413010000001
5.363621020186688,6.021439329969461,0.08599419342019536,0.05795278520000001
5.663002577867789,6.366289966700153,0.05431493188386125,0.05569055500000001
5.517842078576943,6.234720980441301,-0.025967386281177073,-0.0208830495
5.503614419162601,6.230185653655152,-0.002581812543638745,-0.0007276953000000001
5.823989471153986,6.423216722255556,0.056580459536036784,0.030512907000000006
5.801275898046797,6.186816853597136,-0.00390762727352946,-0.037498325000000006
6.518893701971119,6.312225968320075,0.11662680814824528,0.020067668400000002
6.249011507007806,6.204490982184372,-0.04228139156877071,-0.017215000900000006
5.958432469042034,5.862509723126127,-0.0476158544266749,-0.0566955895
6.360063739240498,6.405047608870528,0.06523096126052225,0.08850857610000001
7.235844426362448,6.664293169372804,0.12900866815703899,0.0396775285
7.793004447128937,7.2548322573709365,0.07417939816611355,0.08490386820000001
7.979257251837249,7.214509502547607,0.02361886540086246,-0.005573558200000002
7.360066891337412,6.801313734689965,-0.08077630972257137,-0.05897841710000001
7.238625790614165,6.757935441863555,-0.016637640740815123,-0.006398354400000001
6.77535373766708,6.464392687524296,-0.06613980285106243,-0.0444083661
7.299088579865982,6.810097682922296,0.07445791068198544,0.0520973948
6.326849984856425,6.093278557206768,-0.14294700871479915,-0.1112201763
6.693174598103666,6.201786099944517,0.05628581087972041,0.0176510434
6.433479425062966,6.320538118712452,-0.039572774907539486,0.0189670187
6.085428186928634,6.049103063590114,-0.05561842396651904,-0.04389434279999999
6.483415193509595,6.413722811055142,0.06335031598751564,0.058529877
6.382273919447523,6.217033964886749,-0.01572296000197232,-0.031146945600000003
6.003805076320929,5.963526618519818,-0.06113099995482191,-0.0416309179
5.979189475708313,5.9529322042213755,-0.004108428011043724,-0.0017781150000000003
6.345115869784936,6.309404486812672,0.059400342991976704,0.058157390399999995
6.742320122156176,6.469968526031675,0.06071873487492446,0.0251299479
7.034936818238713,6.8205028287958775,0.04248461200146233,0.05276195380000001
7.296636469424364,7.0901263609207925,0.03652477489441116,0.038769965100000005
7.2083471747588925,7.1560812071318045,-0.012173800014083226,0.009259350900000003
7.32080436637146,7.689169178698871,0.015480523706747656,0.0718502248
7.512418119243882,7.9915073455778245,0.025837192480724306,0.0385666575
7.594282859315465,8.13829268697242,0.010838308319794076,0.0182010184
7.697575815701966,8.20823132498641,0.013509741307907589,0.008557056499999998
7.713740871637323,8.713827492433733,0.0020978171030578106,0.05977366
7.81016269277859,8.926149503655433,0.012422527712327448,0.024073984399999998
7.2095612127263955,8.2360119169608,-0.08001770368306778,-0.08046887920000001
6.867108006801097,8.433678867863923,-0.048665033396119765,0.023716842600000003
7.238784555834245,8.886681807049492,0.05271025537881759,0.052320651100000004
7.478378225808197,9.361945725105615,0.03256264047120526,0.052099415700000005
7.427594173634068,9.273053210313517,-0.0068139464242227546,-0.0095404555
7.645990557819125,9.460316092603344,0.0289793930328133,0.0199931061
8.289931572403821,10.139287437926688,0.08086031452384129,0.0693119272
8.808437075069783,10.844244227670057,0.06066830581983484,0.06721673
8.89940131588911,11.040146642545494,0.010273985898464734,0.017903870300000003
8.684941475400858,10.734333185797688,-0.024393345511183245,-0.028091010100000004
9.433583256553215,11.170957884418383,0.08268534817098387,0.039870051000000004
9.089257476012484,10.883674216052066,-0.03718279021196889,-0.026053476399999997
8.975641760616833,10.453768810352507,-0.012578781866549642,-0.040301323000000014
9.820249653667096,11.1067481262516,0.08993210784440885,0.0605902978
10.354471236849923,11.599936220912426,0.05297188496151283,0.043446737
10.58951773551482,11.816922203546142,0.022446188979827728,0.018532989300000004
10.49950683488797,11.484551110185029,-0.008536331010378598,-0.0285298387
10.474308014561057,11.61785775739414,-0.0024028849908632613,0.0115406257
10.653418685495344,11.804011048777063,0.016955441014112678,0.0158960169
11.374655127129127,12.039336889005975,0.0655068019054731,0.0197399696
11.123275245250772,11.813713664184505,-0.022347863984748584,-0.0189183311
11.802907362968835,12.113710403043033,0.05930610591716893,0.025076870700000004
10.908246981315875,11.613903916035,-0.078826780870489,-0.042134908500000005
11.256220058277048,11.858264843262713,0.0314017629847015,0.0208220858
11.745865635767641,12.188136219657258,0.04258044795701512,0.027437958
11.63193074501107,12.289590928284179,-0.009747350946763652,0.0082896005
11.36555953226788,12.31594085917487,-0.023166277915913445,0.0021417900000000006
10.904117815958243,12.206824547759103,-0.04144718984993746,-0.008899243600000002
10.906298638996002,12.10538135962689,0.0001999799544892816,-0.0083450903
11.17023106795154,12.739010677482039,0.023911820215676748,0.0510188981
11.708636198258969,12.996386128503405,0.04707440677374515,0.0200023364
11.542373564800053,13.261794141583705,-0.01430178466265797,0.0202159517
11.583926115530986,13.466926838460049,0.0035935360192539977,0.0153495354
11.88279140867462,13.363197036229398,0.02547279591941873,-0.0077323772
11.452634357322054,13.118029708741522,-0.036871474981843864,-0.018516841
11.617552295181056,13.184380931248638,0.01429730496882954,0.0050452686
11.445612517322228,12.831842677767991,-0.014910613075635357,-0.0271030753
11.650488976232465,13.0824178871062,0.01774168103412998,0.0193393918
10.76738190990238,12.489967386935366,-0.07882678072537067,-0.0463434697
10.417442001130917,12.404587484243644,-0.03303985376138873,-0.0068593504
10.85809980028432,12.840832822194184,0.04142980999389493,0.0345637951
11.088291512124854,13.154221182697487,0.02097840603117028,0.024112551900000005
10.91309650173244,12.966056313368824,-0.015926150962684973,-0.014407819700000001
12.017501697628996,13.820934846274925,0.0964004801337259,0.0638495706
12.254246472759311,14.028651343887397,0.019508465709667966,0.0149173024
12.602267061617017,14.342185050851192,0.02800419553922537,0.022103435199999997
13.02192251994394,14.565474340086752,0.03275756156384179,0.015448758900000002
13.54149721621516,15.103999348970099,0.03912455377761069,0.0363056093
13.163689526608877,15.247265140167785,-0.02829659287069618,0.0094405856
13.533589247457387,16.31288676608248,0.027712441902738822,0.06755524270000002
13.610730680057321,16.172075302206206,0.005683814549916236,-0.0086693865
14.548509965627371,16.92169912947566,0.06663007829144915,0.0453107624
14.336101721307871,16.805554159438586,-0.014707628790058215,-0.006887334
15.689429704031896,18.29748476746117,0.09020626662622827,0.0850541695
17.17835654873535,19.91041939908794,0.09066303290583101,0.08447957660000002
17.164613925568794,20.163447176828488,-0.0008003165544669379,0.012628236900000003
17.777390665760816,20.97453894618246,0.03507752790924271,0.0394378515
17.926720733913292,21.11059375116047,0.008364915581913678,0.006465717000000001
18.028903317333555,21.719144147522627,0.005683831734725831,0.028419102400000004
18.13707674320713,21.89165804565353,0.005982072006683712,0.007911562700000001
19.422995474280476,22.468632234370197,0.0684994159088071,0.026014560500000002
19.310342137180076,22.72219818333634,-0.0058168834235961505,0.011222126599999998
19.59999723400056,22.674775799751174,0.014888610695933197,-0.0020892318
19.32167725951593,22.424808618133167,-0.014301785423107552,-0.0110852348
19.012530321135852,21.99923647336673,-0.016129387306749232,-0.0191601266
20.80160907953997,23.16089491726259,0.08993209092425675,0.051457545599999995
21.71687986788598,23.75022933394178,0.043059488946849016,0.025126893999999997
22.14035902102353,23.345219819354792,0.019312310838779635,-0.0171999421
23.351436651304066,24.05163829245284,0.05325636595058361,0.029810870000000003
25.397022506303735,25.29045092770743,0.08397343394727853,0.05022377630000001
25.709405892420126,25.31597246347116,0.01222496998387071,0.0010086284000000003
24.950978426619077,24.35323681641761,-0.02994387605142761,-0.0387707497
25.836738148963526,24.888117426954683,0.03488440139676744,0.0217257083
27.224170432306348,25.80287403683596,0.052307759227626545,0.0360954047
26.19509733698961,25.310759264386686,-0.03853292883408033,-0.019256309800000003
24.869625408874796,24.388818727546237,-0.05192507298004527,-0.0371047943
25.072268300519365,24.45284354823972,0.008115191023079447,0.0026217313
26.219088923532418,24.58969033201185,0.044725343587872966,0.005580753199999999
26.240064323018284,25.077610652819416,0.0007996850618268435,0.019648179300000002
25.468292604073326,25.2475863436039,-0.029853164231421998,0.006755118599999999
24.594033342844817,24.76339088349568,-0.034930384695801696,-0.019364172300000003
25.039185355952817,25.45103652589045,0.01793814551451219,0.0273900816
26.401316748083456,26.283550554391617,0.05297187373509556,0.0321868192
28.307491771246145,26.985431259619713,0.0697126107845599,0.0263538481
27.149715381592753,26.802911983100326,-0.04175993337195813,-0.006786599700000001
27.07641114050396,26.941594839110138,-0.002703651927333959,0.0051608312
25.343520816637888,25.73601028058887,-0.06613980293360212,-0.04578017949999999
23.533993448455494,24.574367677823407,-0.07407720262612977,-0.046187254
21.495428371760074,23.051467526286302,-0.09060562700313644,-0.0639745009
22.659624682488396,23.650123166258368,0.052744413813504955,0.025638888300000003
21.003760576572276,22.602925407251867,-0.07588319569944475,-0.0452889821
21.49944934082949,24.809613130670254,0.023325825984914433,0.09315186360000001
22.166749455273887,24.562162456351448,0.030566071059929683,-0.010024057000000001
24.458791344942235,25.661592647908638,0.09839632169236785,0.0437882773
26.52800278639118,26.728811430176467,0.08121116848525664,0.0407466388
27.172633771539196,27.736882041492734,0.02400947150299295,0.037020945799999996
27.911730294440662,28.770359127694753,0.0268366856361392,0.036582651
29.075649712283354,30.021010652160292,0.040854003107444324,0.042551831400000004
30.032238582777193,31.082609483793455,0.032370379862621514,0.034750990600000004
33.365814967705276,32.81426810484067,0.10526044778595442,0.054214941800000006
33.8029072551477,33.79056869973738,0.013014940372048303,0.029318307000000002
36.706576280366605,35.70014956954759,0.08240911695266762,0.0549731474
38.523551621463305,37.073282135417536,0.048313855481966914,0.0377416737
38.48888078846634,38.498710910922675,-0.0009003957998562015,0.037728205800000005
40.35944053925372,39.874191921175814,0.047455944735827565,0.03510453770000001
42.179651051206356,40.67051345714596,0.044112568540326004,0.0197740492
46.844719819337136,42.26912157179595,0.10490039620307375,0.0385534882
45.69234010149125,42.22630831992743,-0.024907627177188387,-0.0010133863
48.55724778775887,42.51216939716167,0.06081279742346151,0.0067469270000000015
50.39756741911668,43.94668163520916,0.037199439802575875,0.0331867444
50.4076468246444,43.49921533691021,0.00019997786100494494,-0.0102342184
47.3327804060715,41.33447466009757,-0.06293979897674365,-0.0510460104
49.926616733999246,42.668777082527505,0.05335117472936847,0.031770547600000004
52.323093503260466,43.39238132545422,0.046883569959985105,0.0168164433
51.84695546152176,44.46860217766597,-0.009141617237151196,0.0244994909
49.40496383745173,42.606679578447356,-0.04824531306990058,-0.04277233250000001
49.99782445723451,43.07301235799721,0.011928591940858243,0.010885599000000003
50.07282118158964,42.22507453589482,0.0014988758774802393,-0.0198824097
50.65867316819619,41.56839267030075,0.0116320838108642,-0.015674141000000003
56.35777388208535,42.93179100670498,0.10660973474715811,0.0322725137
58.23448752913788,43.88894392274148,0.03275756040503289,0.0220498409
55.8177563253421,43.00578620294582,-0.04238571598291945,-0.020327772
56.889457260338325,45.39935969892769,0.019018006073937,0.05416333190000001
52.02541034255903,42.6933513704016,-0.0893777788981379,-0.06145479890000001
49.77791260334747,41.60299778041154,-0.04416089603513761,-0.025870975799999998
51.87356272227575,43.50814524597453,0.04123790798399997,0.044775940900000005
55.006725886244894,45.27150474331671,0.058646194988127724,0.0397296326
59.4787703715078,48.66146906974681,0.07816398180767112,0.0722097272
63.374629964022084,51.606494847280125,0.06344417465801484,0.05876000630000001
67.49398051267138,54.1834061892781,0.0629747932495704,0.048727168999999994
65.65814471163533,54.82618331697564,-0.027576760628567423,0.0117931749
66.68897751116492,56.70352806689836,0.015578028877035757,0.033668554600000004
64.50824749568224,54.33331691713559,-0.0332466007829372,-0.04269882220000001
65.66939593723995,55.09849189733521,0.017839917924818146,0.013984735500000001
68.45377820718805,56.29975803744006,0.04152574510776239,0.0215678919
66.715052174472,54.70526032372986,-0.025728149565812476,-0.028730365800000005
69.23020961663508,56.33117436844231,0.037006725270660804,0.029288229099999997
71.34865410937138,58.93526619358074,0.03014115801175907,0.04519155770000001
69.48645441951273,58.73003399678478,-0.02644664739006983,-0.00348841
67.06137730845799,58.09818069915264,-0.03552355385933574,-0.010816898299999999
68.4696662095656,59.21362566105654,0.020782538855814565,0.0190173285
68.69561603087911,58.78780242888788,0.003294565825951268,-0.0072172869000000014
62.03901099551131,54.78774644322522,-0.10192198717820619,-0.0704678278
54.30274649805081,49.274999520121355,-0.13318859104538427,-0.10604972060000001
47.90588319507124,45.05866218827518,-0.12533648641647485,-0.08945159830000002
50.67005271091885,48.06572528143491,0.05609674044703388,0.064604106
48.75472530644479,49.42104868077002,-0.03853293765644153,0.0278070691
46.04396232147083,46.33769835843343,-0.057205479372721704,-0.0644205709
46.38008294868188,45.35132326150725,0.0072734775470256535,-0.021516494199999996
55.484492639440276,51.64113117221016,0.17923344952385062,0.1298791157
55.34578141685434,51.39735040029236,-0.0025031300552757663,-0.0047318482
59.21998611021592,55.50213301408002,0.06765864837556716,0.07683483020000001
57.970444396201536,54.53790335812949,-0.021325786837035815,-0.0175255183
58.70666904341867,55.74699456839516,0.012620031413768194,0.021927565400000005
63.09205720410264,58.20498963367846,0.07204155259775129,0.0431475838
62.991109956350904,59.694874133383216,-0.0016012806720371669,0.025275072699999998
61.86356908538799,58.76855207639522,-0.018062142862767944,-0.0156392731
62.23475049609486,58.59389241200202,0.00598207161640075,-0.0029764171
66.76544025771655,61.4412060028863,0.07027205186957455,0.0474502515
65.87745990891318,60.668473376708555,-0.01338923701846175,-0.012656538700000003
68.38080323909828,61.80752577846038,0.03729578260342366,0.0186009545
67.32090078419779,60.8887408187506,-0.015621380972689556,-0.0149768556
67.01795676298154,60.497817602487196,-0.004510154995736915,-0.006440986100000001
69.47081399132185,62.40324723226448,0.035946126929148524,0.031010021300000003
70.1446808943507,63.72963322048947,0.009653257132394538,0.0210323411
69.16265541882154,64.84841705270954,-0.014098923555476645,0.017402847000000003
68.14596473651903,65.14238341535997,-0.01480911048312803,0.0045228872
68.14596531534549,65.70715799818251,849392140405086e-23,0.008632481000000001
67.96197235954172,66.35089596471957,-0.0027036346450287703,0.009749395000000001
71.24453417657656,68.38186742783196,0.04716978415299237,0.0301504291
69.51329318725067,67.87260217104561,-0.02460009973244664,-0.007475242900000002
73.15578746036887,70.36187766120557,0.051073238882393776,0.03601915550000001
74.8310550405152,71.77367846882208,0.022641731112966995,0.0198662077
76.36509076160317,71.99646849985436,0.0202926913874309,0.0030992555
79.02259325674329,71.52661419182702,0.03420813762591231,-0.0065474623
85.11523505787723,76.53630519740913,0.07427224274196575,0.06769559909999999
86.86009772373127,78.94473432100824,0.020292707264621325,0.0309828361
87.45074643689894,79.99943782806464,0.006776984835294561,0.013271565400000001
90.05677873249134,83.14570479489295,0.029364609204794716,0.0385749407
88.72393934739809,82.84730725533234,-0.014910602139429945,-0.0035953062999999996
83.08996919770495,76.24378346225231,-0.06560575711163395,-0.0830633581
86.71269071394214,78.42771976524337,0.04267626112454487,0.0282415495
92.48775520777328,81.9333236763578,0.06447601153235298,0.0437283573
95.45661218999335,84.35701494801374,0.03159556200931877,0.029152179700000006
99.51351302260807,88.95931769700637,0.041621622582721625,0.053121190400000004
103.95181570434022,93.25565035429972,0.04363403702894828,0.0471654896
109.48371284640541,97.03259254648516,0.05184831582008496,0.039702277400000006
110.83201289920476,102.17787313494648,0.01223986060066574,0.051668221099999995
110.69320319525814,104.63983282633936,-0.0012532182526325934,0.0238091413
107.56337165093542,103.50369191028338,-0.028682261804529607,-0.010917007400000001
111.54699033024524,108.14514831607396,0.03636576245128428,0.043867008
100.68584015803694,99.24913754434272,-0.10244076434292772,-0.08584106089999999
99.90910626083601,98.9478125811967,-0.007744340454260827,-0.0030406643000000007
97.96475528486894,97.41442216536761,-0.019653061228079957,-0.015618294300000004
87.92171742927925,87.87548707219072,-0.10816093012972722,-0.1030533783
85.05921230187167,86.53311542001774,-0.03309921462194301,-0.015393715
81.46122384476682,86.09524556583422,-0.04322050330133229,-0.005072987900000001
87.92681330226375,90.07420490840742,0.07637767545029842,0.04517963960000001
94.18720229580667,91.89811259908667,0.06877951418894783,0.020046662000000003
107.23212987054126,106.18092975272685,0.12971160705102625,0.14446403189999998
113.53737905941173,110.55778257345652,0.057136190952291936,0.040393780000000004
122.55224692246064,116.9925888816932,0.07640533092278266,0.05657228640000001
127.24599793895646,121.9550655104093,0.03758476000793369,0.0415420715
121.01094410032113,119.91571311718366,-0.05024121593783703,-0.016863556100000003
128.1505898649582,129.10719316792597,0.057325067108678886,0.0738539088
130.8801975566264,138.59483852735482,0.021076326576430326,0.0709118319
131.32518563655609,139.53517365844584,0.003394198103185804,0.0067618643999999995
143.1312893760509,148.3693382768094,0.08608573617677687,0.06138798360000001
143.875568882365,144.26729981634614,0.0051865044566924605,-0.0280368664
146.2926779984469,144.70596705363212,0.01666043787763264,0.0030360426000000007
157.76202379828175,154.48762686273773,0.07547846019187039,0.06541013790000001
161.43787883006797,156.5161222897319,0.023032698350442825,0.013045014399999999
150.7991227479375,148.12456273721602,-0.06817177922288462,-0.055105462599999995
153.57382631460894,147.05623418454965,0.018232766360406206,-0.0072385008
172.67841041417074,166.52341202529738,0.11724956066423914,0.12432085320000001
187.476951311882,180.80320845860783,0.08222494625756366,0.08227328140000001
191.56394833662077,184.23440274256654,0.021565775232112804,0.0187996811
192.38767263859654,178.81666036970108,0.004290777904084375,-0.029847837599999993
198.52483943083277,184.75935044735573,0.03140176331615947,0.0326931327
212.95759529687038,196.59779384324932,0.07017883480633534,0.062105816200000004
212.7446379249144,197.94097252742313,-0.001000499283776064,0.006808881600000001
229.9344045841804,212.6886906574946,0.07770150729388967,0.0718606827
241.15520213001915,212.50722595915443,0.047646647670798556,-0.0008535580999999996
243.1567898577722,211.455679196454,0.008265742566678627,-0.0049605704
217.455117589181,193.8378358450298,-0.11171398770144131,-0.0869935101
232.00286298171415,197.85833998232366,0.06475723870597387,0.020529408199999998
232.6756720135371,200.232897528359,0.002895806245898398,0.0119298567
252.91844317910497,202.9751812672069,0.08342155950833831,0.0136025351
224.56628549400114,181.55046495734462,-0.11889615585550727,-0.1115500529
201.57069822008245,165.06909542557202,-0.10803074242442214,-0.0951695125
214.9146779586401,173.92418309189787,0.0641009231562734,0.0522553285
196.00218777141436,169.35991397757107,-0.09211528139189677,-0.026593356000000005
202.52906462374312,185.96737499954423,0.032757583986156094,0.0935451362
191.93679342478688,176.96407895130199,-0.05371728833673269,-0.0496244869
177.27282147556136,166.738818820947,-0.07947620675681438,-0.0595181392
171.01509025589584,159.41933510842793,-0.0359381104402687,-0.04489057070000001
179.9591789178607,166.20096354374493,0.05097824166160066,0.0416596216
171.55508568333045,161.6472928747344,-0.04782562702896787,-0.027780922700000002
140.00610567077777,135.4936338013293,-0.20321838075978896,-0.17649210099999998
135.5819100481112,123.81990662847683,-0.03211007371047545,-0.0900965122
127.48766996995145,115.12713746795372,-0.06155630607786813,-0.07279108310000001
148.25541131876358,122.83778476362954,0.15091688471456904,0.064827601
161.06467888057992,130.42185735508673,0.08286947797052806,0.059909591299999995
179.55490408510366,146.3094515301836,0.10867501701012428,0.1149496565
177.88504346857772,138.52530096619523,-0.009343515051129962,-0.0546709223
181.92303398481596,139.72820404894668,0.02244618899199491,0.0086461486
185.94353297595333,150.45711695341396,0.02185933403060707,0.07397897040000001
202.15780909276788,168.96640150576212,0.08360558405914924,0.11602178110000001
209.43549062050087,176.40923573914557,0.035367145749065444,0.0431066115
214.9855328180633,186.1299630699052,0.026154965366308482,0.0536386569
221.60708751926728,190.91642556474793,0.03033520110653483,0.025390613900000004
208.8868408073146,182.23143674380066,-0.05911326395799114,-0.046558260100000005
207.98862729364524,180.1215221044803,-0.004309272060229479,-0.011645763800000002
202.16494559964013,170.43262332354757,-0.02839947516366403,-0.055291698400000006
203.43858478664225,176.5421348066003,0.006280238103260441,0.0352195245
200.1632236234095,175.89624859545953,-0.016231012851467618,-0.0036652474
183.38954544811588,166.2062652894611,-0.08752059772390064,-0.05666474560000001
179.9051441416743,161.77211502042982,-0.019182819099536584,-0.027040931500000004
200.82811240660138,181.40063494083108,0.1100196450447755,0.1145193904
216.8742785518909,198.83272974189194,0.07686844409059171,0.0917558793
230.36385865714522,208.13023937666105,0.06034222891641984,0.04570011740000001
222.20897851911232,207.5787323881321,-0.03604176928420732,-0.0026533337
219.0758330460487,207.04748572603987,-0.01420034427024296,-0.0025625342999999992
214.4864417641717,204.3914783881215,-0.021171411683987413,-0.012911
201.7469730124753,197.88422631482047,-0.06123222442982081,-0.032355022500000004
193.57811913864623,192.63450472947994,-0.04133315590480785,-0.026887508500000004
211.63861996995462,196.73468195661607,0.08919904988912879,0.0210613933
205.37411685607267,190.61330552228682,-0.030046921171023967,-0.03160923150000001
206.59500515871008,188.75424027312891,0.005927103812401482,-0.0098009445
222.2962211730723,197.88969361490481,0.07325044204650169,0.0472639196
224.05236117683273,194.0883649514563,0.00786895773818946,-0.0193962277
235.4118157036754,185.6310927845406,0.04945660792748844,-0.044552212699999996
211.89417529615505,171.21423896951728,-0.10524941080745835,-0.0808457003
209.13955089891857,166.38314082554447,-0.013085240114719952,-0.028622425700000002
199.58187329561284,154.43468043731622,-0.04677719219638732,-0.0745219795
181.4398809897772,142.02060587935458,-0.09530017998254557,-0.08379906770000001
178.59127491205845,137.45507308292568,-0.01582455004560874,-0.0326750364
193.80725158282556,151.71392212437001,0.08176430205164845,0.09869953370000002
186.92709406824292,144.23435716823593,-0.03614544708247548,-0.05055719919999999
218.0317624100237,155.797660316518,0.15392208176235472,0.0771186591
249.12309160788448,155.92673192906324,0.13330636681927568,0.0008281137000000012
233.1044767409749,129.25107553398115,-0.06646036702854577,-0.1876293951
247.9532292122255,125.08481453572495,0.06175338539782794,-0.03276481120000001
258.46644783471027,140.19716235260853,0.041525753420790894,0.11405771090000001
253.03865299351003,140.37819838835927,-0.02122363422537123,0.0012904630000000002
248.5345655266078,140.80732173067057,-0.017960323138341505,0.003052245900000001
231.06258570859694,132.25987354012202,-0.0728933249208782,-0.06262371720000001
204.95251430422792,123.07361972847436,-0.11991029286337068,-0.07198601539999999
203.7227988591648,119.36918477647633,-0.006018074088928425,-0.030561627000000004
194.901601677661,112.99062318437412,-0.04426541625133529,-0.0549162491
178.54935740396124,104.26078803759577,-0.08762974936138641,-0.08040949690000002
169.17551598812946,95.87575974647868,-0.05392834292476274,-0.0838421537
211.40172394539434,106.11277013474586,0.22282349616115854,0.10144921380000001
211.8245273331416,102.10659389517623,0.0019980023787420868,-0.038485092
203.9234722081108,94.89815414501432,-0.038013443451159756,-0.07321305089999999
237.91751600650346,122.13089264129552,0.1541792549722154,0.25228910520000003
250.62231140902392,129.501603823454,0.05202302825777023,0.05859990570000001
249.8704452131605,138.90886271941181,-0.0030045060653127514,0.07012478840000001
266.58677769886043,144.5881896809082,0.06475724609346561,0.0400715764
302.65596818413985,156.74050134549123,0.12689693141281558,0.0807019496
329.1686310344059,168.96941285180375,0.083973433889602,0.07512612930000001
319.9189926961009,166.38563627524235,-0.02850235986705317,-0.0154095053
309.7775606960397,158.79453807058354,-0.03221332214383121,-0.046697051
297.20059172668533,153.11442872226277,-0.041447189931317276,-0.0364256112
295.3876682173069,156.71944824685247,-0.00611868066911657,0.023271711000000004
290.7205430788599,160.38178287756634,-0.015926150483574958,0.0230998629
285.5747896127523,159.3413865425238,-0.017858517788704287,-0.006508130199999998
328.29677825983117,189.40983482154883,0.139414056151281,0.17286411989999997
339.4588688825254,207.82698739484775,0.03343477656305507,0.0927928366
346.41777551693957,210.95129777464697,0.0202927027548627,0.0149213484
354.66251832378356,209.81359567725252,0.02352119433515573,-0.005407793700000001
380.16275262819767,206.0892349369305,0.06943277270812809,-0.0179102426
393.4304327863239,212.55867863516377,0.03430480392431114,0.0309088307
395.8697014750509,213.09440975612128,0.006180859088852859,0.0025172208
383.91443682446334,210.7205633406606,-0.030665413441006404,-0.011202394400000001
410.1741838190224,215.254615244565,0.06616220107311122,0.021288673
408.9846786880062,211.23272948962799,-0.0029042131423553147,-0.018861075400000007
424.40340037211405,217.28522402364538,0.0370067239739957,0.0282503779
472.57318536225165,238.25579346838816,0.10750820570057655,0.09213397209999999
528.431334479213,247.92378423526083,0.11172024697457461,0.03977651830000001
519.6065313712214,247.48098396689713,-0.016841016853822787,-0.0017876307
517.2683023651241,249.14883596708893,-0.004510154733450042,0.006716706100000001
534.9588780171484,252.1980423477652,0.03362818044001182,0.012164208499999999
544.695129165184,252.8153000522796,0.018036361693221002,0.0024445216
592.0291349939988,267.3749210434869,0.08332960607417371,0.055992689299999995
587.2929021446544,270.3841500846657,-0.008032171304602403,0.0111918538
569.6741156127299,268.64708003891525,-0.03045920655011236,-0.006445177800000001
583.8020336226595,273.37015419853697,0.02449747150229569,0.0174282049
554.0281307588479,266.8036209163866,-0.0523464788362871,-0.0243138674
601.7298560055997,286.1554389461989,0.08259313741508202,0.0700222704
624.2345520589724,293.29596929865335,0.036717582036082934,0.024647077299999997
601.3875675422321,287.6764854397255,-0.03728658463866056,-0.019345699
608.9049122216531,294.1586910223824,0.012422520138387162,0.0222828528
624.736440461015,313.31116609876926,0.025667747583488044,0.0630774505
660.5963122556466,337.73617258178916,0.05581306498901275,0.07506819860000001
684.2456602948936,360.06452201132214,0.03517407509606509,0.06401820700000001
682.2613480080184,361.8606407131575,-0.0029042129598077313,0.0049759241
710.4387420205904,379.8405015329749,0.040469933032066696,0.04849226450000001
735.8724492119453,413.7122536580114,0.03517407531615542,0.0854192609
754.4164351977702,415.84512742481456,0.024887715859950164,0.0051422084
598.6294414286325,339.55075717703863,-0.23130173884995828,-0.20268945960000004
651.7278727961002,357.6298589514635,0.08498432377111927,0.051875096499999995
664.9579488194375,363.04940542396923,0.020096702008279465,0.0150403901
714.3643247729999,396.43236232455484,0.07166928718909418,0.08796651160000002
733.1521060999997,388.7822062029196,0.02596010110412355,-0.0194861341
866.0725820665849,421.2668380079677,0.16661552596855894,0.0802471468
907.3842437798849,431.85423425546725,0.04659728487944475,0.0248216582
908.9267972540522,428.48379896216534,0.0016985569213487093,-0.007835182
1090.257690932721,454.16893897296484,0.18190480112059065,0.05821631249999999
1097.8894951620723,463.52403031416844,0.0069756140942227015,0.020388987900000002
1231.0634899325341,497.6280266040238,0.11448872567832392,0.0709946344
1312.436786023042,499.02080077371863,0.0640071295216743,0.0027949164
1220.0412359672453,453.95861545455404,-0.07300089314659164,-0.0946417413
1432.206406290204,487.98559857456866,0.1603315384752047,0.07227985580000001
1658.638238118966,520.1638980647266,0.14678073060184244,0.0638580562
1983.0678757779679,568.3663627292639,0.17864815056178135,0.0886222651
2152.025258511299,562.5151840044837,0.08176430167115789,-0.010348088100000001
1619.1838041202716,474.3821527988187,-0.2844871817921896,-0.1704049011
1737.8699777529018,501.25121517143157,0.07073801496027456,0.05509417650000001
1840.0567318480091,538.8966034105229,0.057136191046491244,0.0724163192
1961.1324648638113,559.8595309080658,0.06372569091124311,0.038162192500000004
2091.940001086853,608.3055927196913,0.06456977103966763,0.0829914607
2278.1226612212417,650.3816054953847,0.08525984396735395,0.06688190070000001
2551.0417561260256,682.6063907545933,0.11315009796812338,0.0483591228
2841.350307427181,711.2316870841739,0.10777759198127408,0.041079838800000004
3582.09022526289,761.7638604219082,0.2316670922975622,0.06863837560000001
3320.2394569637263,737.684745119076,-0.07590958591794202,-0.0321200545
3114.052639634925,744.0380823667863,-0.0641119284641128,0.008575660799999999
3027.481998684047,745.652816169681,-0.028193726961663466,0.0021678784999999996
3035.656243761893,797.8427819982406,0.00269637593718456,0.067651465
2810.714200056077,819.2943986716984,-0.0769890116578124,0.026531917400000004
2861.869197138121,847.3513175121681,0.018036362011242126,0.0336719069
2656.386989475158,838.8911780462631,-0.07450805191472532,-0.010034393600000002
2781.502815545431,825.1102638042793,0.04602443790358366,-0.0165639632
2547.5784276660993,761.7115030679381,-0.0878480910018222,-0.0799491514
2104.5545401964473,698.0120449577876,-0.191039446890297,-0.0873315201
2290.176250446588,749.2973242018267,0.08452495498446035,0.07089950730000001
2256.510659044989,767.4567862377726,-0.014809115884167471,0.023946307000000003
2117.7352537599554,751.704809629956,-0.06347242283930164,-0.020738466800000004
1960.1757515041081,739.2683235491951,-0.07731310278438573,-0.016682761400000003
1651.84010951266,706.363453158839,-0.1711442539517057,-0.045531033900000004
1620.9407499433792,702.5159942047699,-0.01888319386625982,-0.005461742699999999
1751.4264801330135,743.7281213091738,0.07742389686156904,0.0570073712
1684.1717037016372,725.7046363059434,-0.0391567149602853,-0.024532444700000003
1635.8359749704732,703.0621467441935,-0.029119899084249824,-0.0316978049
1621.7677861669365,692.1792377023027,-0.008637193037283343,-0.015600354
1732.0479963909715,733.8394028002219,0.06578774097949401,0.058445271300000004
1801.676325210167,755.2823841778134,0.03941300200398492,0.0288014907
2031.3900560178051,850.5898661654695,0.12000279207144075,0.11883837090000002
2319.8474433889955,927.5439870055893,0.13278111098236317,0.08661014969999999
2306.3923291262477,945.608369871866,-0.005816884927482575,0.0192882793
2712.548018412536,1052.8803305769227,0.1622038799217308,0.1074563615
2777.920426548166,1106.827334963007,0.023814178420317935,0.0499680854
2887.3697281502473,1158.9411870639935,0.03864335926726962,0.046009152600000006
3016.7238963535583,1245.9535942827215,0.043825480992658275,0.0723943574
3360.116403704019,1357.9460254361366,0.10780417730385405,0.08607210679999999
3571.4677262680543,1423.3514852837516,0.06100102177329129,0.0470410089
3354.679635329091,1390.0896003073349,-0.06262036196810203,-0.023646085900000002
3175.875210294391,1343.1506944999733,-0.054773025995804824,-0.0343500871
3132.048133016939,1343.6433879117674,-0.013896104992685584,0.0003667519
2788.149250078177,1264.6935905344321,-0.11630912165921138,-0.06055499860000001
2928.393156277074,1296.9940221194454,0.04907583727777769,0.025219424400000003
2803.936449054058,1264.066169974526,-0.04342955724302676,-0.025715652300000003
2754.708304702867,1266.9486674945103,-0.017712746038196215,0.0022777415000000013
2498.2755908757076,1197.1256847056732,-0.09771082826055169,-0.0566879647
2475.1585879021945,1203.5526496754671,-0.009296260340086581,0.0053543036
2405.854183756157,1182.85001720051,-0.028399459427173836,-0.0173509292
2250.6766153459293,1128.940757787797,-0.06667412151950584,-0.0466469846
2310.769682028096,1147.9409781540082,0.0263497757782279,0.016690073200000002
2128.915596537969,1094.583787222501,-0.08196792424505824,-0.047595695800000004
2278.7914137154276,1190.6042099460744,0.06803248024516685,0.0840867297
2263.751386515953,1187.9827015123035,-0.006621878017975824,-0.0022042579
2209.874101976102,1159.0020701615745,-0.024087796226311395,-0.0246973093
2148.4396020964664,1124.6373816976272,-0.028193734298496913,-0.030098694200000005
2271.9748768605073,1137.733343693167,0.05590763090108987,0.0115773318
2612.771107316433,1271.159152268246,0.13976194196442585,0.1108912144
2814.477035848116,1333.0717692140502,0.07436508161664875,0.0475566776
2945.913109551136,1328.294744540361,0.04564235656464772,-0.0035899075000000017
2902.9027779655053,1311.5992460000755,-0.014707628936411704,-0.012648781500000001
3029.1790495780947,1342.4979059929267,0.04258044778967256,0.023284796500000003
3108.8464591936076,1352.9150477013297,0.025960101866263338,0.0077295715
3194.6506199575188,1369.6322326997906,0.02722598578097883,0.012280701400000002
3193.6922244193843,1363.5577323771709,-0.0003000451192653253,-0.0044449968
2939.793694515464,1285.6438794038968,-0.08283827764997162,-0.058837597400000004
2962.4301062253194,1309.0476119318064,0.007670506392689948,0.0180401927
3117.0689571064977,1377.364974112924,0.05088321010161875,0.050872375799999994
3121.121151185595,1406.7881356617902,0.0012991571525385918,0.0211369532
3191.0344297065485,1456.658107432788,0.022152856265271047,0.034835656500000006
3347.362151438797,1532.8396912714854,0.0478274813130111,0.050977178000000005
3578.9996100773433,1613.008864709095,0.06691070465646903,0.0509792724
3664.1797353101792,1633.686642053524,0.023521177169131765,0.012737909600000001
3812.945421088752,1697.5996128458635,0.03979746686457623,0.0383760563
3836.58569658973,1718.892785561314,0.00618086269554707,0.0124650934
3674.298052817914,1599.8101985739738,-0.04322072118088038,-0.0717953579
3623.2257303985425,1630.855579352931,-0.013997393582958385,0.019219776100000002
3380.198241992528,1524.3945571399645,-0.06943035554984775,-0.0675074529
3506.3529653603305,1571.0545126731722,0.036642096840289275,0.030149738500000006
3484.2616206739367,1560.7561660018798,-0.006320307879487526,-0.0065766324
3364.0422937931044,1503.418905158322,-0.03511283371001269,-0.037428641
3685.281265543876,1682.7941579741178,0.09120353537461488,0.11271381650000002
3801.8914001099065,1801.173447036056,0.031151829895979928,0.0679827664
4026.0366310586,1870.2179970186717,0.05728374602634431,0.0376166325
3895.92662130119,1835.303981385894,-0.03285087456516218,-0.0188448748
3867.1075519581314,1849.7628619009186,-0.007424726232316084,0.0078473229
4031.459695367596,1905.5579814096068,0.041621692662286304,0.029717421200000003
4143.937442375842,1979.1715499205059,0.02751789122684907,0.0379034787
4236.791964418311,2002.8915838174853,0.022159961811468794,0.0119135803
4189.339885093764,1966.2952312062052,-0.011263194504135939,-0.0184407494
3015.905788028853,1431.190932668979,-0.32864296393194586,-0.31764426120000006
2961.803090320014,1348.9991424305078,-0.018101977253590557,-0.05914397620000001
2995.2733888585985,1403.8746410527913,0.011237274144021493,0.03987307309999999
3184.171115578462,1512.4023133434323,0.061156499710709085,0.074463308
3316.536624804696,1615.722487173758,0.04072904426412703,0.06608289450000002
3345.158893364401,1677.0348354699813,0.00859314107308821,0.037245037999999994
3427.2376830483436,1706.8332125793445,0.02424040229285641,0.017612476000000005
3391.594002044094,1681.406256162745,-0.010454578525761687,-0.0150092306
3515.9808195977866,1764.9451230011714,0.03601850665878647,0.0484890976
3513.4540256489945,1769.197884579134,-0.0007189181245006216,0.0024066732
3485.5899603592215,1729.3180909385217,-0.007962291008887155,-0.0227991076
3579.451107565879,1763.3047749983923,0.02657215125093428,0.0194625977
3599.496032378677,1740.2337347445027,0.005584377907854616,-0.013170326900000001
3438.598612942524,1672.1054457566106,-0.045729836231505526,-0.0399358562
3529.9886107383395,1713.1299342233071,0.0262306360952864,0.02423849
3704.620786515879,1826.7348676834022,0.04828625717190232,0.06420807960000001
3677.5073687309796,1830.0521999655707,-0.007345724466939875,0.0018143431000000002
3693.310801575141,1872.3566347334568,0.004288114750639615,0.022853378900000002
3845.8160365509475,1944.68454959327,0.04046252163666305,0.0379019087
4051.4818272841867,2011.214759776348,0.05209688386699748,0.033639119
4088.539466036502,1982.096181678407,0.009105110031651464,-0.014583935300000003
4279.735186716242,2058.66118622228,0.04570332790579723,0.0379008996
4304.280881017757,2098.6494758676727,0.005718945772650346,0.019238169200000002
4316.763332848254,2108.3846087761262,0.002895811747093929,0.0046280349
4310.718947726207,2001.3462309970917,-0.0014011935149585647,-0.052101996399999996
4438.747299319264,1992.382744896254,0.02926749742049223,-0.004488787900000001
4633.60830133232,1991.475871288106,0.042963698476691695,-0.0004552740000000003
4405.171407963793,1882.996972030815,-0.05055672455079212,-0.0560113661
4454.949845148627,1919.7864417878225,0.011236631987681694,0.019349309999999998
4448.267422077954,1974.6099064403145,-0.0015011257447592524,0.028156911500000003
4240.97816210413,1920.8587625751456,-0.047720735764578685,-0.027598504900000004
4401.7112361618665,2018.0313785022001,0.03719944137849796,0.0493501129
4415.796712624675,2034.552370450146,0.0031948910113547098,0.0081533582
4432.132549695898,1977.2830733428393,0.0036925827837726317,-0.028552112100000002
4206.980110893105,1761.344918763175,-0.052135779445186756,-0.11564604160000001
4237.270364940969,1635.9302650841105,0.0071742030988639315,-0.0738660636
4338.5411279444725,1539.7900088184606,0.023618865893990145,-0.0605655628
4493.86090032709,1597.174054672516,0.03517407500814479,0.036589802600000006
4527.564857906658,1594.1487630858107,0.007472015021385308,-0.001895948900000001
4505.832547075554,1713.664937599472,-0.004811556889173695,0.0722944125
4753.653338459082,1932.6789754472545,0.053540767200319826,0.12027279520000002
4845.398848352613,2080.135965525349,0.019116117287427646,0.073526149
4859.935045729771,2150.5424953239494,0.002995509151014941,0.0332868741
4958.591727608778,2205.1536612619097,0.020096701790013567,0.025077060400000004
4816.776004184967,2124.157934485758,-0.02901694907344057,-0.0374217364
4961.760962383909,2201.0082858419532,0.029655885002834698,0.0355401094
5135.918770033442,2269.048082934199,0.034498039992813694,0.030444829700000002
5278.697314076004,2311.4716454003396,0.02742059599951168,0.0185240008
5332.540026749865,2382.277198236097,0.010148331064995865,0.030172438600000004
5406.662332964549,2324.5666791676176,0.013804280947333158,-0.0245231891
5594.273518019646,2396.532896023426,0.03411153000437115,0.0304894191
5495.8143023473485,2705.2552201859417,-0.017756721908620578,0.12117319290000002
5495.814302413873,2831.9144660739557,1210443837882848e-26,0.045756713600000005
5462.839321523011,2787.0986914185655,-0.0060180897297684565,-0.015951813500000002
5516.868840606485,2691.3940207723736,0.009841783478463562,-0.0349418765
5676.858035538088,2695.139841132841,0.028587456597196775,0.0013908093999999986
5691.050177511864,2592.141630821467,0.002496879651224277,-0.0389656736
6080.318006896201,2665.9830481898416,0.06616220180016062,0.028088444700000006
6164.834425170558,2606.2631627760784,0.013804280648488716,-0.022655406200000002
6217.235514999577,2643.7342634036418,0.008464077964192329,0.014274954400000001
6198.583809329298,2699.663552114646,-0.003004508879182662,0.020934743500000002
6235.155460013355,2884.0458008653195,0.005882664153962947,0.0660669454
6394.148161406705,2980.7389757575215,0.025179710049113825,0.0329771479
6559.202658015713,3172.28875949462,0.025485827221810496,0.062282085300000005
6895.689162771433,3149.233101067764,0.050027407806851366,-0.007294370299999998
7116.326769500032,3264.0070414870256,0.03149523179861245,0.0357966312
7067.659723457909,3217.894108778667,-0.006862279098655479,-0.014228452300000001
7517.363870947194,3370.62574561101,0.06168611738758951,0.04637126620000001
8383.790456647026,3440.3020925037326,0.1090846065940259,0.0204608768
8982.274400303992,3488.368192729515,0.06895299019870187,0.0138747752
10073.685142342214,3643.973113647417,0.11467346813080491,0.0436405408
10867.491509043515,3748.565974768657,0.0758493102116381,0.028298759
12179.197728638786,3908.5803214368425,0.1139534896204556,0.0418008588
11050.186098362412,3769.389623675821,-0.09728212288180664,-0.036261134099999995
10998.25022088604,3796.2266567029,-0.004711079985984267,0.007094503499999999
11358.992833001443,3958.536582601309,0.03227356097906078,0.0418668188
11075.018012106306,3921.6403123969503,-0.025317807990619594,-0.0093643938
10402.764418817702,3744.4864944013634,-0.06262036197722148,-0.0462255234
10127.091163721498,3700.4577563044227,-0.026857453972149184,-0.01182796
10132.154708627604,3674.2976814675785,0.0004998749749570133,-0.0070945226
9925.458751611739,3575.945987454694,-0.0206109540008314,-0.027132254300000005
10326.447289053838,3633.3217395700067,0.03960525496780182,0.015917556599999997
10739.505178777139,3766.318690079497,0.039220712982058,0.035950739999999995
11033.767619562377,3798.2013161519412,0.0270313389501351,0.0084295672
10800.95512037838,3800.3570616793354,-0.02132578693799481,0.0005674091000000005
10162.618672912095,3631.3905099419912,-0.06091841495484625,-0.0454793904
9960.3825585917,3568.929309552201,-0.02010067198103292,-0.017349998000000002
10308.99595046802,3659.7807400106685,0.03440142694292286,0.025137601
10674.965308152156,3770.50861317903,0.03488440198863296,0.029806664500000003
10937.569459900971,3828.600015688238,0.02430229299548964,0.0152893022
11072.101568839025,3902.3325809184157,0.012224970036336212,0.0190752668
11011.205007851386,3964.916454488314,-0.0055151809023486825,0.0159103121
11688.394114029861,4137.761091168294,0.059683002006799636,0.0426700582
12552.166440555955,4363.1554057438225,0.0712968820014782,0.0530406702
13218.686472935671,4501.932568798614,0.051738194979727446,0.0313112518
13414.323037447948,4625.878138464364,0.01469154909431801,0.027159456400000004
12645.682322315148,4406.006337320512,-0.059007180982306735,-0.048697534
12782.255697739354,4467.271608771416,0.010742097028152885,0.0138091572
12907.521801023215,4516.619758889099,0.00975229124481024,0.0109860292
12944.953629617796,4636.584365871138,0.0028958042994854747,0.026214094
13948.187532467582,4810.4788189277315,0.07464354274873776,0.0368186586
14451.717044547933,4968.388424287182,0.03546366027315678,0.0322989011
15340.435225790985,5269.086164085685,0.059678933380285425,0.0587614173
16377.982269015301,5631.418203688669,0.06544572074580773,0.0665043675
15318.326812314583,5481.923122819956,-0.06688794579593031,-0.026905337400000007
13209.53966999305,5014.613925076442,-0.14811067160060234,-0.0890995398
13951.338508364679,5245.337636077908,0.05463618324384167,0.0449831783
14342.947545617644,5392.1905259539935,0.027682907078926986,0.027612095200000006
13269.618245451307,5284.901546629118,-0.07778128147375261,-0.020097717600000002
13182.447600561458,5399.325145570042,-0.006590862199642123,0.021419982400000002
13251.99163995222,5348.09784404267,0.005261636095304334,-0.0095330182
14453.860648693788,5674.522563325453,0.08681369820842645,0.059245475500000006
14030.301757856432,5546.744054815201,-0.029742149867085982,-0.022775331200000002
12859.222330422153,5281.902907395092,-0.08715815691943582,-0.048924666900000004
12213.19403491658,5145.35195232476,-0.05154439937285137,-0.0261926583
13381.931556084648,5593.900839050989,0.09138856008755207,0.0835830947
13789.841976798523,5835.451110079969,0.03002682675683567,0.04227470550000001
14176.667018948843,6082.835436267862,0.027665212967756498,0.041519368099999995
14939.98236480348,6292.456884507363,0.05244355385573245,0.0338806542
16551.02335641105,6829.116441171625,0.10240693483304665,0.0818437047
16271.742300583064,6718.82292765623,-0.017017931939666497,-0.0162823212
14844.20443933368,6574.485589191902,-0.0918204865693176,-0.021716642
13983.145427764242,6376.54660430657,-0.05975680929561947,-0.030569671399999995
13484.237650667144,6410.233648663888,-0.03633128447295618,0.0052690547
14340.158122669154,6801.96911581262,0.061542439938028985,0.0593164252
15002.67342333121,7131.64318581543,0.04516455164741116,0.0473295226
15691.293646184055,7279.599111697748,0.044877600264841375,0.020534124900000002
14418.729745797122,6972.220054852819,-0.08457797548224257,-0.043142103800000005
14060.331964469278,6795.381003713529,-0.025170541562640217,-0.0256905726
13201.395612913435,6389.399575428259,-0.06303494440898126,-0.0616028164
10634.154631102994,5150.001978332801,-0.21625159607975522,-0.215643202
11024.42810281283,5388.466892958941,0.03604259105198024,0.045263810200000004
11146.79925976213,5577.549308627156,0.011038847564500208,0.034488578900000004
11647.29055510918,5914.157298450577,0.043921187794900486,0.05859953080000001
11840.639154940656,6021.77349792056,0.016464028093514594,0.018032798200000002
12727.321426501323,6369.55186227352,0.07221336549192847,0.0561472989
11905.919146326545,6022.79955401837,-0.0667152924657409,-0.0559769224
12466.75950910705,6056.54238864183,0.04603017927338867,0.005586880900000003
15123.425932654216,6663.616644123895,0.19317906495364937,0.0955233025
15533.270774127268,6927.588748513732,0.026739297105809374,0.038849431899999995
16634.57966433437,7189.05294657702,0.06849941596309245,0.0370476362
17002.203868226898,7276.3659800858395,0.021859333959458466,0.012072114100000001
16617.95406366352,7052.3792518231385,-0.02285929397406666,-0.0312665166
16797.427975121824,6916.452653850103,0.010742096982610168,-0.019462026500000004
18285.680084126143,6876.644893818473,0.08489246649342784,-0.005772143700000001
20918.818022890555,7326.785178733392,0.13453089327551368,0.0634059634
25205.083844606666,7828.41419814073,0.1863965762972548,0.0662231249
26266.21790894574,8275.743611294787,0.04123790932900064,0.05556881910000001
32015.893052325395,9177.620362132508,0.1979488140262172,0.1034391716
31065.879117465785,9414.701514478425,-0.03012235498524323,0.025504507200000002
25184.228382063262,8699.792461864172,-0.2098921416739819,-0.07897328800000002
21709.656444378328,8327.185738839009,-0.14846078173075675,-0.0437736178
23969.631848026118,8810.12236355447,0.09903053046297854,0.05637577640000001
21639.783635144424,8591.09938437231,-0.10225423391184,-0.025174617
21581.356212824907,9137.211986353896,-0.002703651875715039,0.061628592600000004
18111.074301749817,8802.126880239008,-0.1753062126268749,-0.037361921400000005
15829.474384901825,8239.033292913917,-0.1346499214413935,-0.066110365
11549.076587219097,7273.059748998345,-0.3152681849951839,-0.1247059419
10877.557268367456,7334.240177535295,-0.05990378416787156,0.008376741299999997
12915.277141295643,8816.22174817475,0.17170918474145275,0.1840395874
10184.594853624845,8277.08015249386,-0.23753461503017742,-0.06310313740000001
8965.616378973285,7769.098654104247,-0.12747941153395131,-0.06333611330000001
9696.868205156226,8307.101925529327,0.07840610930662442,0.0669566483
10116.38385852428,8808.252218907335,0.042353305841055004,0.0585782316
9146.42173765429,8805.175168145533,-0.10079353789251962,-0.00034939829999999826
8604.768679132334,8505.06141287089,-0.06104618872177462,-0.03467818930000001
8432.746170959035,8167.048689689794,-0.020194066511466643,-0.0405538405
7619.635807662828,7059.161899347622,-0.10139390635814738,-0.1457812728
8168.482778932704,7537.299624742522,0.06955461096695961,0.0655376446
8591.76062939969,8037.106702229178,0.05052049241831814,0.0642051776
9111.159113682112,8527.988125573083,0.05869626081734068,0.05928431950000001
8818.438587374392,8512.62315073655,-0.03265511505207497,-0.001803336600000002
8175.491491515715,8238.063723680592,-0.07570398717451492,-0.032784807099999994
8693.67834798324,8927.499098602832,0.061455298608403416,0.0803709682
8470.950012980915,8942.16237394133,-0.025953470397287785,0.0016411366999999981
8393.82882696631,8680.460720114539,-0.009145892078113707,-0.0297028306
8092.695207647728,8036.425843464484,-0.036534943823279625,-0.0770901681
7347.357958912377,7043.917555279891,-0.09662104134159923,-0.1318199512
7417.157860445017,7098.66439674922,0.009455158895192476,0.007742166900000001
7015.280578636339,6492.31363717041,-0.055705236416604895,-0.0892876934
7133.838861660339,6732.198551078323,0.016758789596560773,0.0362828097
7618.1990789055935,7487.086061832483,0.06569050110886211,0.1062779085
7386.274969478104,7181.977962167151,-0.030916456207333548,-0.04160485070000001
7446.788904028237,7154.703562395098,0.008159375675067106,-0.0038048459999999997
7328.286745976233,6951.998490406533,-0.016041163093688374,-0.028740810500000002
7463.1272251867,7001.534716352847,0.01823276867435903,0.007100199400000001
8101.0116623149825,7685.399127206475,0.08201442499859228,0.0931929413
8964.158989380428,8731.733360489721,0.10124534175227509,0.1276415908
9609.051128230138,9167.331336552848,0.06947118793613033,0.0486823205
10239.124258451426,9640.12341877378,0.06351061416860865,0.0502876885
10665.762263869701,10107.504873686807,0.04082272845614063,0.04734429340000001
11277.996305181288,10281.973203955855,0.055814774997283254,0.0171139828
11871.74145166153,11045.463116019599,0.05130731042241219,0.0716275784
12222.077247320385,11422.049655827368,0.029083018608558955,0.0335259017
12671.135505884058,11976.83012485622,0.03608268513103751,0.047428292799999994
13655.41482575372,12730.086259390253,0.07480952156748244,0.0609942282
13812.512912529126,12895.478062418324,0.011438780619782325,0.0129085235
13935.542441985812,12908.942873842081,0.008867672641729999,0.0010436051000000002
13834.074930754174,12628.67550143093,-0.007307840179285693,-0.021950255600000003
13439.550417288117,12547.046273926968,-0.028932863142847536,-0.006484780400000001
13883.594393795589,12904.641081417492,0.032506000201914645,0.028101739200000003
13683.527790110325,12170.38322982202,-0.014515125299525315,-0.0585816242
13287.07424168241,11949.41661094284,-0.029401057206805557,-0.018322938200000003
14110.50822155083,12412.331305919408,0.06012808261617561,0.0380079806
14454.30818381351,12616.412698277893,0.024072730578207416,0.0163081228
15550.909475889432,13747.870878431777,0.07312660977955959,0.0858854055
16053.017764438815,14491.030415975421,0.03177773049804386,0.052645899100000004
15762.910437680386,14081.593934780916,-0.01823711478691375,-0.028661316099999997
16477.560769865006,14354.387926541376,0.04433976216769393,0.019187124399999995
16328.445417465899,13950.505623432344,-0.009090797489107441,-0.0285399213
15381.93776860717,13140.868675499241,-0.05971475560174176,-0.059788632900000006
16028.658717056622,13778.930180689988,0.04118434092575555,0.047413506800000005
16943.393846603605,14394.992218838444,0.05549972446936193,0.0437397566
18256.71472621335,15307.417289941772,0.07465492826876469,0.0614571176
19522.04778243206,15191.419869734946,0.06701153980723958,-0.0076067149
21548.155673392263,15335.518530379983,0.09874574691649222,0.009440824300000003
19389.032963965412,14608.14738911271,-0.10558263420109108,-0.048592197100000005
19678.04587939044,15027.782154280427,0.0147959968627437,0.0283212182
20298.757954715045,15134.115119411323,0.03105610773146127,0.007050843300000001
23785.543144862408,16334.379903559084,0.15851826554931236,0.0763206082
21247.310001761973,16273.43724900676,-0.11284766602331872,-0.0037379212
22342.380155281175,16931.966551869158,0.05025503107412565,0.0396691853
22852.82658096892,17135.723609044286,0.022589480984719683,0.0119620371
21415.588141451903,16386.95477118493,-0.06495573657877908,-0.0446798068
21958.52542412814,16314.949609121431,0.0250363914378805,-0.0044037361
21868.495118119004,15858.669665250274,-0.004108444130250261,-0.0283655086
21054.98713131109,16095.910643312618,-0.037909571573047675,0.014848909600000001
19195.83260932533,16138.924901601773,-0.09244424654275066,0.0026688074
20290.15762185694,17030.142418113308,0.05544271838087667,0.05375080759999999
21793.982950034664,17538.14411140261,0.0714979979727019,0.029393315000000003
20691.207489638917,17741.1010679148,-0.05192506914952444,0.011505869500000002
20399.461834215723,18193.92423703029,-0.014200331254549043,0.025203663299999998
20185.949568808577,18262.171740741,-0.010521723338095087,0.0037440972
20902.715509489746,18443.9765110904,0.0348922827260852,0.0099060384
22240.400009559053,18991.191388193638,0.06203137604747406,0.0292374197
23399.12485157573,19524.64824256712,0.050788166897007,0.027702419300000003
23422.523787280457,19370.774745741226,0.0009994922576579645,-0.007912206
21808.711979930442,18388.480669960863,-0.07138859234632197,-0.0520410558
21034.502789747265,18114.936504696212,-0.036145442590412455,-0.0149875988
22168.262152329207,18399.082287980273,0.05249755372041013,0.015563968500000002
23367.56512747509,18670.36148016955,0.052687321966816116,0.0146365312
21199.0552109854,17107.688152285187,-0.0973923400017779,-0.08740935690000001
22430.71921295692,16965.04436661502,0.05647479763010785,-0.0083729486
21206.0019276468,15950.053990634164,-0.05614716139083416,-0.06169279920000001
22798.572682127455,15563.548644249999,0.0724136809351413,-0.024530659500000003
22338.041373873515,15219.847974028651,-0.020406816048354162,-0.022331190900000002
24710.34107532454,15688.385711851999,0.10093070674313893,0.0303203112
29316.34848815275,16437.094263070616,0.1709235062606623,0.04661995100000001
32904.66928943977,15115.281971238612,0.11546924209709052,-0.0838343429
26912.72910702139,14878.522608579971,-0.20101519570427248,-0.015787545700000006
26490.199276925752,15158.261473632565,-0.015824549709581085,0.018626957700000002
20421.29466536083,13255.454178119904,-0.2601966134221088,-0.13413659130000002
13751.699882339663,10165.927438331137,-0.39541576827851427,-0.2653674225
11067.36839507918,8721.609801252218,-0.2171614498398567,-0.15323785020000003
10772.69649097488,8879.727563237635,-0.0269861640430833,0.0179670456
10625.515639022502,8550.268689418383,-0.013756586030441578,-0.0378081686
9125.024344553707,7473.647468363573,-0.15223767700313923,-0.13457954589999999
9427.975232917945,8366.459973633368,0.03266079073819769,0.1128476906
10319.248290013626,10298.608995322747,0.09032955918599724,0.20777798429999997
11898.825003090045,11387.843527700961,0.14242873872082587,0.10053759209999999
12116.524717491448,11744.654947621233,0.018130544036325677,0.030851809799999998
13120.766880308542,12902.064683149727,0.07962603300812525,0.0939891125
13862.177859879,13871.344306583009,0.05496788111433801,0.07243780000000001
14920.886035037549,15022.821297033157,0.07359786457362696,0.07974531319999999
13960.866905488574,14234.89733025995,-0.06650378408554912,-0.05387395649999999
14044.01087156263,14595.606634980393,0.00593783775998495,0.025024059800000005
15144.518206796818,15693.727622205291,0.07544259952943866,0.07254055000000001
14807.663460966,15445.080745857373,-0.02249378376880731,-0.0159705637
15609.059143043745,16064.78767752798,0.05270661183007227,0.0393392217
16189.719289781631,17359.3876747423,0.03652496904132992,0.07750366040000001
17602.961915976586,18701.447654023825,0.08369074952010687,0.0744674991
15314.577390473813,17145.182392960225,-0.13926203314554558,-0.08688371140000001
14371.323416437426,15889.627357956728,-0.06357035378389793,-0.0760506952
15416.11855107439,16888.91078379045,0.07017882957860008,0.06099071100000001
14310.782819290685,15758.236529266354,-0.07440032478938352,-0.06929405709999999
16154.009920341567,17491.612438723205,0.12115501470537109,0.104358294
16932.60450296923,18290.426131146996,0.04707271269634443,0.04465628390000001
18727.459519439602,18829.786727897703,0.1007498464536805,0.0290622557
20824.934714204566,20269.03556324907,0.10616018279534761,0.0736543634
22118.16302852465,20624.114008158434,0.060248074403090456,0.017366594300000003
24613.091391526195,21576.20070693613,0.10687934429420518,0.045129914
25705.91262601626,21935.42069539232,0.04344255693667564,0.0165118255
25564.530100193584,22334.033663935403,-0.005515180937658394,0.018008974700000003
23746.892003365985,21901.964704173413,-0.07375418887096563,-0.019535342999999997
22521.55245759841,21366.249154527268,-0.05297892116741932,-0.024763810600000002
23210.707593944207,20850.46063315136,0.03014096868608783,-0.024436493999999996
19501.645156246585,18862.25476125119,-0.17411487742182696,-0.10021321810000001
15451.153541838097,16718.455227990693,-0.2328151655392504,-0.1206496099
18253.72072922053,18856.32893417432,0.16668527136366693,0.1203353973
18262.47488289383,18494.661326978414,0.00047946691566643727,-0.019366496500000004
18172.0673571018,18487.45972652156,-0.004962747205621032,-0.0003894638999999999
18567.757219236988,19916.309776628455,0.021540939129977663,0.0744463332
19475.50297725273,20789.024534212796,0.04773082457742612,0.04288619800000001
18974.848877593686,21278.84067471814,-0.02604305928008631,0.023288002600000003
18610.47627460603,20914.938292970717,-0.019389696230852856,-0.0172495289
16747.410513119976,19348.601303723222,-0.105481012640735,-0.0778435217
17484.296562374766,20018.706195870585,0.043059488698478275,0.034047013400000006
18026.309297192456,19908.082244528585,0.030529179593346587,-0.005541354
17737.888362008758,20366.531404107358,-0.01612938116477673,0.022767143899999998
18238.09683122991,21236.851839688,0.027809701593999547,0.04184503080000001
18316.520629544706,20836.03863904175,0.004290780431188986,-0.0190538526
17814.64797450628,20811.470255800727,-0.02778238043926615,-0.001179824999999999
17900.15829352407,21254.048630639267,0.004788517220069993,0.021043111700000002
18820.226484142735,22807.989040929482,0.05012261229007972,0.0705634701
19219.17223544552,22942.0788898455,0.02097616642853284,0.005861859400000001
20201.271869578737,24045.224655606115,0.049837231525695184,0.04696368730000001
21013.361917124148,24242.603009541905,0.03941295088427058,0.008175122500000001
20027.83531473923,25266.261951919183,-0.04803544546711723,0.041358445800000004
19989.78243338105,25261.87381324203,-0.001901807002458374,-0.00017369090000000112
21350.927258567415,27109.59071819508,0.06587390536590838,0.07059127109999999
20108.303458111703,26444.00653289925,-0.05996233291773921,-0.0248580298
21409.029487252985,27990.971177215306,0.06267993456498872,0.0568524637
21010.822475911034,28830.643768620008,-0.01877511072451144,0.029556841
22413.45763521125,29764.0107383426,0.06462390477788785,0.0318611291
23327.92659653206,30605.641402280813,0.0399896434923864,0.027884381200000002
25467.09631905048,30446.20920068935,0.08773606928978563,-0.005222857699999999
26997.668781086162,31889.39456439932,0.05836324230648664,0.046312001900000004
25912.362503804616,32061.75954392937,-0.041030349260137315,0.0053905327999999985
23893.789529816582,31123.580845431214,-0.08110159871422733,-0.029698270100000004
24115.754083465734,31237.436005573316,0.009246750478470438,0.0036514890999999996
25838.924016364093,32572.051031015064,0.06901671447429009,0.041837342799999996
24111.966602763874,30925.038530697177,-0.06917378101841676,-0.0518884261
25390.791200919703,32278.385637389634,0.0516783003466236,0.0428316667
24118.35441442534,30426.283981694185,-0.05141341255139047,-0.0590909914
25814.45122117041,31124.692033125422,0.06796131537711535,0.0226946207
25869.758705193097,30668.632507071816,0.002140208981148701,-0.014761070399999998
27219.84575704037,30833.395174812773,0.05087166172787116,0.005357971700000001
27941.17157396782,29822.392891010495,0.02615495405415561,-0.0333388109
30475.435807050373,31626.529424200602,0.08681969101159498,0.058736756499999994
30819.808233257758,31468.166832791692,0.011236631977503821,-0.005019849000000002
29587.015934393887,32085.88597583075,-0.04082199349053185,0.0194397861
31149.21036316478,32040.234056826128,0.05145328118553133,-0.0014238169000000008
31903.021239025948,31507.95130054135,0.023911819578413044,-0.0167524911
31784.98005561615,30245.0282778477,-0.0037068620831403496,-0.0409081197
29490.10448928699,29044.605021861564,-0.07493908687858845,-0.040499064
26081.04842078183,27248.30918746767,-0.12284582959792577,-0.06384128150000001
26853.047450744136,28751.944278006886,0.029170377177155468,0.053713921
28909.9908427743,28902.367980922234,0.07380792566783127,0.005218136799999999
27265.012380288175,27373.45816793192,-0.05858295682831022,-0.05434966490000001
22185.540611333126,25132.536480363528,-0.20616352958956713,-0.0854105831
22064.020208113132,25206.64177315937,-0.0054925159241810675,0.002944241399999998
23270.88985045173,27418.531426423564,0.05325497988920985,0.08411159200000003
23735.12844932439,28575.004284449737,0.019752946973292024,0.0413132454
23579.30461726838,28449.20151773047,-0.006586759486669595,-0.0044122656000000005
23760.312455882984,28662.77212690296,0.007647240595543056,0.007479048300000001
25801.19734533885,30030.214616847265,0.08240425467668114,0.046604886400000003
26180.474621757407,30645.78778214568,0.01459298990595455,0.0202911946
25622.886885789616,31278.037308540694,-0.021527918426001436,0.020420944499999996
23112.88254824891,29671.061712922692,-0.10309582291469271,-0.0527439501
23961.125340741753,32159.663309302672,0.036042591470968284,0.08054075730000002
24222.301598613853,32791.218546957534,0.010841022833482006,0.019447777300000003
