RsquaredValue, gamma, nNZ, NoDur,Durbl,Manuf,Enrgy,HiTec,Telcm,Shops,Hlth,Utils,Other,Index,D12,E12,b.m,tbl,AAA,BAA,lty,ntis,Rfree,infl,ltr,corpr,svar,csp,CRSP_SPvw,CRSP_SPvwx,NoDur^2,Durbl^2,Manuf^2,Enrgy^2,HiTec^2,Telcm^2,Shops^2,Hlth^2,Utils^2,Other^2,Index^2,D12^2,E12^2,b.m^2,tbl^2,AAA^2,BAA^2,lty^2,ntis^2,Rfree^2,infl^2,ltr^2,corpr^2,svar^2,csp^2,CRSP_SPvw^2,CRSP_SPvwx^2,ln(NoDur),ln(Durbl),ln(Manuf),ln(Enrgy),ln(HiTec),ln(Telcm),ln(Shops),ln(Hlth),ln(Utils),ln(Other),ln(Index),ln(D12),ln(E12),ln(b.m),ln(tbl),ln(AAA),ln(BAA),ln(lty),ln(ntis),ln(Rfree),ln(infl),ln(ltr),ln(corpr),ln(svar),ln(csp),ln(CRSP_SPvw),ln(CRSP_SPvwx),sqrt(NoDur),sqrt(Durbl),sqrt(Manuf),sqrt(Enrgy),sqrt(HiTec),sqrt(Telcm),sqrt(Shops),sqrt(Hlth),sqrt(Utils),sqrt(Other),sqrt(Index),sqrt(D12),sqrt(E12),sqrt(b.m),sqrt(tbl),sqrt(AAA),sqrt(BAA),sqrt(lty),sqrt(ntis),sqrt(Rfree),sqrt(infl),sqrt(ltr),sqrt(corpr),sqrt(svar),sqrt(csp),sqrt(CRSP_SPvw),sqrt(CRSP_SPvwx),
0.9029413583019624, 1.0, 73, [0.0, 14.0281, -30.336, 6.25267, -5.1401, 6.49943, 8.35469, -1.63796, -5.69904, 9.60597, 0.0, 0.0, 0.0, 0.0, 0.0, 0.0, 0.0, 0.0, 8.91234, 0.0, 3.14649, 5.87582, -0.289452, 8.9389, 0.0, 76.0492, -73.2123, -5.00118, -0.875994, 0.687725, 3.72554, 0.383986, -0.570733, 1.5174, -6.80772, 0.706652, 1.16266, 0.0, 0.0, 0.0, 2.20811, 6.70624e-6, 0.0, -14.8358, 0.0, -2.81501, 15.1759, 0.722946, -7.5625, 1.87097, 0.0, 0.0, 5.36272, 0.0, 10.1833, -13.0699, -6.28808, 0.676839, 1.07717, 0.0563202, -1.91283, 8.18402, 0.126425, 2.00438, 0.0, 0.0, -16.8154, -8.57302, 13.7152, 22.1375, 0.0, 27.1814, -2.06343, 0.0, 3.44157, 0.375908, -0.466922, 0.802719, 0.0, 1.02463, -0.229527, -9.0917, 7.93926, 25.6768, -7.97883, 0.0, 2.94356, -0.742529, -6.29562, 7.41137, -11.771, 0.0, 0.0, 0.0, 0.0, 0.0, 0.0, 0.0, 0.0, -10.2888, -30.5035, -4.24915, -1.67088, -0.249173, -13.3259, 0.0, -9.88864, 0.0]
0.9023741749208254, 1.0722672220103233, 74, [0.0, 14.0209, -30.2403, 6.20198, -5.10203, 6.48659, 8.30673, -1.57566, -5.68587, 9.57891, 0.0, 0.0, 0.0, 0.0, 0.0, 0.0, 0.0, 0.0, 8.83822, 0.0, 3.13031, 5.88351, -0.265738, 8.73545, 0.0, 74.127, -71.3389, -4.99218, -0.902877, 0.825495, 3.72222, 0.320259, -0.623667, 1.52135, -6.77487, 0.731614, 1.09149, 0.0, 0.0, 0.0, 2.23501, 1.88085e-5, 0.0, -14.4902, 0.0, -2.81329, 14.2021, 0.714423, -7.54051, 1.86229, 0.0, 0.0, 5.34444, 0.0, 10.0308, -12.8595, -6.26329, 0.659848, 1.06659, 0.0514702, -1.88411, 8.15464, 0.0593901, 1.9801, 0.0, 0.0, -16.6102, -8.67278, 13.4246, 21.6615, 0.0, 27.187, -2.09049, 0.0, 3.41671, 0.375885, -0.442476, 0.622276, 0.0, 1.00505, -0.189659, -8.94816, 7.77799, 25.509, -7.92581, 0.0, 2.92394, -0.750244, -6.33464, 7.44778, -11.6969, 0.0, 0.0, 0.0, 0.0, -1.45948e-6, 0.0, 0.0, 0.0, -10.204, -29.8579, -4.22156, -1.65549, -0.220706, -12.9434, 0.0, -9.79739, 0.0]
0.9016155900968593, 1.1497569953977358, 73, [0.0, 14.0182, -30.0727, 6.1349, -5.0685, 6.423, 8.26572, -1.5155, -5.63606, 9.49131, 0.0, 0.0, 0.0, 0.0, 0.0, 0.0, 0.0, 0.0, 8.72653, 0.0, 3.13751, 5.85893, -0.263644, 7.75873, 0.0, 72.0883, -69.3649, -4.95549, -0.943527, 0.969797, 3.71633, 0.246439, -0.72601, 1.50398, -6.73033, 0.747552, 1.03291, 0.0, 0.0, 0.0, 2.2676, 3.01599e-5, 0.0, -14.2094, 0.0, -2.79859, 13.3348, 0.715073, -7.49405, 1.84568, 0.237475, 0.0, 5.33912, 0.0, 9.87786, -12.6685, -6.24943, 0.649762, 1.06774, 0.0610948, -1.89251, 8.10171, 0.0, 1.96285, 0.0, 0.0, -16.3871, -8.78759, 13.16, 21.2361, 0.0, 27.0608, -2.09192, 0.0, 3.39947, 0.370928, -0.422415, 0.0106441, 0.0, 0.995907, -0.151304, -8.81099, 7.63962, 25.2907, -7.86084, 0.0, 2.94498, -0.721174, -6.35475, 7.45238, -11.5819, 0.0, 0.0, 0.0, 0.0, 0.0, 0.0, 0.0, 0.0, -10.1069, -29.2644, -4.21338, -1.63852, -0.175947, -11.6016, 0.0, -9.71569, 0.0]
0.9008721302182208, 1.2328467394420661, 72, [0.0, 14.0172, -29.8947, 6.03764, -5.01036, 6.39947, 8.16243, -1.43765, -5.60876, 9.44797, 0.0, 0.0, 0.0, 0.0, 0.0, 0.0, 0.0, 0.0, 8.58306, 0.0, 3.12465, 5.86843, -0.194385, 7.45671, 0.0, 69.7875, -67.1487, -4.91868, -0.934831, 1.07606, 3.70053, 0.156034, -0.789022, 1.49279, -6.68552, 0.759963, 0.981519, 0.0, 0.0, 0.0, 2.29171, 5.72431e-6, 0.0, -13.9978, 0.0, -2.77955, 12.1456, 0.701146, -7.44971, 1.86184, 0.326742, 0.0, 5.32993, 0.0, 9.729, -12.4173, -6.1971, 0.600601, 1.01717, 0.0544697, -1.84083, 8.07281, 0.0, 1.93008, 0.0, 0.0, -16.1704, -8.8422, 12.8186, 21.0177, 0.0, 27.078, -2.11425, 0.0, 3.3732, 0.366479, -0.411168, 0.0, 0.0, 0.980545, -0.11883, -8.66491, 7.4218, 25.0991, -7.74865, 0.0, 2.9515, -0.716725, -6.40934, 7.43372, -11.5067, 0.0, 0.0, 0.0, 0.0, 0.0, 0.0, 0.0, 0.0, -9.97405, -28.5093, -4.17393, -1.62795, -0.205911, -11.3084, 0.0, -9.60369, 0.0]
0.9000197327020034, 1.321941148466029, 72, [0.0, 14.0162, -29.7044, 5.93316, -4.94766, 6.37499, 8.05086, -1.35397, -5.5801, 9.40252, 0.0, 0.0, 0.0, 0.0, 0.0, 0.0, 0.0, 0.0, 8.42925, 0.0, 3.11045, 5.87918, -0.119268, 7.14766, 0.0, 67.3175, -64.7696, -4.87929, -0.924893, 1.18935, 3.68349, 0.0590194, -0.855888, 1.48113, -6.63761, 0.773215, 0.926484, 0.0, 0.0, 0.0, 2.31737, 2.31507e-5, 0.0, -13.7716, 0.0, -2.75923, 10.8666, 0.685981, -7.40241, 1.87966, 0.418789, 0.0, 5.31997, 0.0, 9.56921, -12.1468, -6.14055, 0.547622, 0.962224, 0.047091, -1.78435, 8.04234, 0.0, 1.89466, 0.0, 0.0, -15.9382, -8.89967, 12.4516, 20.7873, 0.0, 27.0977, -2.13863, 0.0, 3.3449, 0.361742, -0.399223, 0.0, 0.0, 0.963854, -0.0838836, -8.50792, 7.18678, 24.8946, -7.62816, 0.0, 2.95806, -0.712688, -6.46851, 7.41426, -11.4267, 0.0, 0.0, 0.0, 0.0, 0.0, 0.0, 0.0, 0.0, -9.83137, -27.6978, -4.13116, -1.61668, -0.239043, -11.0153, 0.0, -9.483, 0.0]
0.8990586558266225, 1.4174741629268053, 71, [0.0, 14.0316, -29.5092, 5.83784, -4.90399, 6.33539, 7.95094, -1.29567, -5.55908, 9.35353, 0.0, 0.0, 0.0, 0.0, 0.0, 0.0, 0.0, 0.0, 8.25614, 0.0, 3.09325, 5.87044, -0.0637629, 6.81502, 0.0, 64.6418, -62.1638, -4.84764, -0.929615, 1.31264, 3.65274, 0.0, -0.938131, 1.4707, -6.59948, 0.790953, 0.878993, 0.0, 0.0, 0.0, 2.33679, 2.21254e-6, 0.0, -13.5159, 0.0, -2.73685, 9.64458, 0.676479, -7.34833, 1.89219, 0.51368, 0.0, 5.29734, 0.0, 9.40277, -11.8552, -6.08573, 0.491515, 0.905291, 0.037954, -1.72969, 8.01426, 0.0, 1.85734, 0.0, 0.0, -15.6898, -8.93731, 12.0704, 20.6496, 0.0, 26.9806, -2.16204, 0.0, 3.31414, 0.35449, -0.385332, 0.0, 0.0, 0.939802, -0.0419296, -8.34315, 6.92574, 24.6813, -7.50572, 0.0, 2.97483, -0.716212, -6.51489, 7.40319, -11.344, 0.0, 0.0, 0.0, 0.0, 0.0, 0.0, 0.0, 0.0, -9.66334, -26.8637, -4.08626, -1.60119, -0.252059, -10.6989, 0.0, -9.36955, 0.0]
0.8979082383884203, 1.5199110829529336, 72, [0.0, 14.0715, -29.2701, 5.75913, -4.907, 6.30764, 7.85729, -1.28302, -5.54548, 9.27603, 0.0, 0.0, 0.0, 0.0, 0.0, 0.0, 0.0, 0.0, 8.1052, 0.0, 3.06076, 5.80566, -0.0271855, 6.46296, 0.0, 61.3803, -58.9443, -4.83099, -0.941475, 1.41745, 3.60736, 0.0, -0.976778, 1.44655, -6.56123, 0.822428, 0.849619, 0.0, 0.0, 0.0, 2.34, 0.000100748, 0.0, -13.2298, 0.0, -2.72273, 8.67469, 0.675733, -7.28119, 1.91449, 0.604922, 0.0, 5.23047, 0.0, 9.24074, -11.5515, -6.03159, 0.421281, 0.863331, 0.0186272, -1.66964, 7.97838, 0.0, 1.82796, 0.0, 0.0, -15.4381, -8.91981, 11.6814, 20.6301, 0.0, 26.6047, -2.18608, 0.0, 3.27854, 0.35071, -0.365601, 0.0, 0.0, 0.96743, 0.0, -8.16047, 6.63316, 24.436, -7.36581, 0.0, 3.00006, -0.727584, -6.53117, 7.38789, -11.2754, 0.0, 0.0, 0.0, 0.0, -1.23528e-6, 0.0, 0.0, 0.0, -9.49424, -26.012, -4.03335, -1.56651, -0.234636, -10.3617, 0.0, -8.60783, -0.637178]
0.8965481296218741, 1.6297508346206442, 70, [0.0, 14.1056, -28.9615, 5.67352, -4.9294, 6.30529, 7.73095, -1.27214, -5.51941, 9.16181, 0.0, 0.0, 0.0, 0.0, 0.0, 0.0, 0.0, 0.0, 7.96958, 0.0, 3.01931, 5.72183, 0.0, 6.1056, 0.0, 57.5682, -55.1671, -4.80976, -0.929259, 1.48812, 3.56307, 0.0, -0.960546, 1.40465, -6.50346, 0.863879, 0.826834, 0.0, 0.0, 0.0, 2.34149, 5.27933e-5, 0.0, -12.9551, 0.0, -2.71444, 7.86136, 0.674325, -7.21236, 1.94121, 0.695158, 0.0, 5.13374, 0.0, 9.10063, -11.2709, -5.95525, 0.326039, 0.841414, 9.46372e-6, -1.59744, 7.91725, 0.0, 1.81482, 0.0, 0.0, -15.2145, -8.86905, 11.2903, 20.6281, 0.0, 26.1655, -2.21364, 0.0, 3.24012, 0.353365, -0.335648, 0.0, 0.0, 1.07467, 0.0, -7.96769, 6.34972, 24.124, -7.18513, 0.0, 3.02535, -0.729313, -6.53423, 7.34455, -11.2186, 0.0, 0.0, 0.0, 0.0, 0.0, 0.0, 0.0, 0.0, -9.31944, -25.1498, -3.97661, -1.52317, -0.199712, -10.0209, 0.0, -7.26348, -1.847]
0.8949858097046132, 1.7475284000076838, 70, [0.0, 14.1412, -28.6331, 5.59459, -4.96057, 6.29735, 7.60614, -1.25883, -5.49697, 9.0299, 0.0, 0.0, 0.0, 0.0, 0.0, 0.0, 0.0, 0.0, 7.81759, 0.0, 2.97671, 5.63268, 0.0, 5.71767, 0.0, 53.4162, -51.0442, -4.79397, -0.926985, 1.57921, 3.51679, 0.0, -0.954992, 1.37039, -6.44108, 0.901895, 0.801155, 0.0, 0.0, 0.0, 2.34086, 1.91407e-5, 0.0, -12.684, 0.0, -2.70272, 7.04706, 0.675656, -7.12946, 1.94837, 0.795941, 0.0, 5.03562, 0.0, 8.94083, -10.9741, -5.864, 0.227359, 0.821461, 0.0, -1.52655, 7.84929, 0.0, 1.798, 0.0, 0.0, -14.9761, -8.80137, 10.8852, 20.6829, 0.0, 25.6603, -2.24344, 0.0, 3.19979, 0.353794, -0.297402, 0.0, 0.0, 1.18015, 0.00955984, -7.75407, 6.0509, 23.7735, -7.0078, 0.0, 3.03045, -0.731239, -6.54144, 7.30639, -11.1358, 0.0, 0.0, 0.0, 0.0, 0.0, 0.0, 0.0, 0.0, -9.12571, -24.2568, -3.91701, -1.48594, -0.137346, -9.65538, 0.0, -5.80919, -3.1575]
0.8929653856895834, 1.8738174228603839, 70, [0.0, 14.2171, -28.293, 5.55888, -5.0168, 6.31271, 7.54278, -1.25879, -5.50991, 8.86642, 0.0, 0.0, 0.0, 0.0, 0.0, 0.0, 0.0, 0.0, 7.76554, 0.0, 2.90626, 5.47181, 0.0, 5.23589, 0.0, 48.2424, -45.9506, -4.819, -0.99905, 1.75467, 3.48029, 0.0, -0.927406, 1.35859, -6.36248, 0.929836, 0.755223, 0.0, 0.0, 0.0, 2.30733, 8.90073e-6, 0.0, -12.3536, 0.0, -2.70814, 6.09618, 0.685553, -6.97757, 1.96425, 0.921946, 0.0, 4.92918, 0.0, 8.63912, -10.5453, -5.79741, 0.162217, 0.798919, 0.0, -1.45538, 7.80355, 0.0, 1.74253, 0.0, 0.0, -14.5897, -8.69973, 10.4095, 20.7523, 0.0, 24.8157, -2.28082, 0.0, 3.15014, 0.349764, -0.25966, 0.0, 0.0, 1.23973, 0.20452, -7.43053, 5.62676, 23.4231, -6.91454, 0.0, 2.96071, -0.762364, -6.57712, 7.31213, -10.9791, 0.0, 0.0, 0.0, 0.0, 0.0, 0.0, 0.0, 0.0, -9.04354, -23.1645, -3.82386, -1.44057, -0.0479094, -9.20316, 0.0, -3.09781, -5.58816]
0.8906926998152316, 2.0092330025650473, 71, [0.0, 14.3103, -27.9242, 5.50775, -5.05202, 6.32046, 7.44539, -1.27114, -5.50722, 8.70373, 0.0, 0.0, 0.0, 0.0, 0.0, 0.0, 0.0, 0.0, 7.71067, 0.0, 2.8425, 5.33199, 0.0, 4.67485, 0.0, 42.7223, -40.539, -4.80699, -1.06985, 1.90787, 3.43259, 0.0, -0.933099, 1.33433, -6.27867, 0.95916, 0.723944, 0.0, 0.0, 0.0, 2.27772, 0.000197875, 0.0, -12.0431, 0.0, -2.71409, 5.10831, 0.683065, -6.84318, 2.03505, 1.08095, 0.0, 4.82104, 0.0, 8.33358, -10.1005, -5.73568, 0.0926982, 0.765327, 0.0, -1.3729, 7.74987, 0.0, 1.68685, 0.0, 0.0, -14.1757, -8.58849, 9.94083, 20.8983, 0.0, 23.8919, -2.31707, 2.53197e-6, 3.10645, 0.345164, -0.243301, 0.0, 0.0, 1.30316, 0.403469, -7.10531, 5.1793, 23.0639, -6.80538, 0.0, 2.90658, -0.786596, -6.60773, 7.30141, -10.8232, 0.0, 0.0, 0.0, 0.0, -5.40916e-6, 0.0, 0.0, 0.0, -8.95955, -22.065, -3.72812, -1.40011, 0.0, -8.68961, 0.0, -0.320946, -8.06054]
0.8885837078369824, 2.154434690031884, 69, [0.0, 14.3783, -27.6135, 5.39449, -5.02829, 6.21892, 7.30305, -1.26953, -5.47708, 8.60391, 0.0, 0.0, 0.0, 0.0, 0.0, 0.0, 0.0, 0.0, 7.45385, 0.0, 2.82499, 5.30987, 0.0, 4.11388, 0.0, 38.3916, -36.2457, -4.7457, -1.09926, 2.04268, 3.35272, 0.0, -1.11247, 1.32364, -6.23738, 0.987168, 0.69975, 0.0, 0.0, 0.0, 2.29206, 0.000994185, 0.0, -11.715, 0.0, -2.68334, 3.77402, 0.670137, -6.77112, 2.09332, 1.24694, 0.0, 4.77364, 0.0, 8.12217, -9.70801, -5.66576, 0.00586913, 0.686721, 0.0, -1.29365, 7.69644, 0.0, 1.64105, 0.0, 0.0, -13.8187, -8.55576, 9.46414, 21.0447, 0.0, 23.3464, -2.34125, 0.0, 3.0701, 0.329731, -0.240917, 0.0, 0.0, 1.28088, 0.457002, -6.88839, 4.80202, 22.744, -6.62596, 0.0, 2.9678, -0.802427, -6.62168, 7.28279, -10.6896, 0.0, 0.0, 0.0, 0.0, -1.16208e-6, 0.0, 0.0, 0.0, -8.68619, -21.0096, -3.6673, -1.38593, 0.0, -8.17457, 0.0, 0.0, -8.26261]
0.8862841966687423, 2.3101297000831598, 67, [0.0, 14.4632, -27.3509, 5.31121, -5.03059, 6.10222, 7.17036, -1.27754, -5.45127, 8.52368, 0.0, 0.0, 0.0, 0.0, 0.0, 0.0, 0.0, 0.0, 7.19392, 0.0, 2.8087, 5.26662, 0.0, 3.50977, 0.0, 33.9601, -31.8302, -4.68316, -1.15408, 2.22011, 3.2642, 0.0, -1.33847, 1.334, -6.20599, 1.00231, 0.675262, 0.0, 0.0, 0.0, 2.33249, 6.19474e-6, 0.0, -11.3299, 0.0, -2.65504, 2.15079, 0.660522, -6.69755, 2.12719, 1.42551, 0.0, 4.73907, 0.0, 7.91992, -9.26137, -5.65022, 0.0, 0.586517, 0.0, -1.22467, 7.67505, 0.0, 1.58319, 0.0, 0.0, -13.4121, -8.59216, 8.95659, 20.9743, 0.0, 22.9316, -2.36753, 0.0, 3.02959, 0.31134, -0.238065, 0.0, 0.0, 1.22477, 0.514, -6.71489, 4.38743, 22.5265, -6.5485, 0.0, 3.04789, -0.814737, -6.64232, 7.27554, -10.5482, 0.0, 0.0, 0.0, 0.0, 0.0, 0.0, 0.0, 0.0, -8.42213, -19.8577, -3.60034, -1.34245, 0.0, -7.61508, 0.0, 0.0, -8.1675]
0.8836378571097667, 2.4770763559917106, 68, [0.0, 14.5484, -27.0695, 5.22089, -5.02696, 5.9793, 7.02253, -1.27384, -5.41952, 8.43724, 0.0, 0.0, 0.0, 0.0, 0.0, 0.0, 0.0, 0.0, 6.92148, 0.0, 2.7916, 5.22797, 0.0, 2.86426, 0.0, 29.2003, -27.096, -4.6122, -1.21155, 2.41492, 3.17523, -0.0184827, -1.5835, 1.34808, -6.16716, 1.01589, 0.64288, 0.0, 0.0, 0.0, 2.37996, 0.177134, 0.0, -10.9208, 0.0, -2.62547, 0.18192, 0.647792, -6.61885, 2.15838, 1.61804, 0.0, 4.7093, 0.0, 7.70091, -8.78556, -5.63344, 0.0, 0.479413, 0.0, -1.15051, 7.65198, 0.0, 1.5204, 0.0, 0.0, -12.9738, -8.64334, 8.4129, 20.8546, 0.0, 22.5349, -2.39658, 0.0, 2.98612, 0.291217, -0.23403, 0.0, 0.0, 1.16393, 0.575811, -6.52949, 3.94973, 22.2943, -6.4745, 0.0, 3.13186, -0.824564, -6.67282, 7.26365, -10.3907, 0.0, 0.0, 0.0, 0.0, 0.0, 0.0, 0.0, 0.0, -8.14864, -18.6175, -3.52755, -1.29777, 0.0, -7.0178, 0.0, 0.0, -8.06055]
0.8809819675907338, 2.6560877829466865, 66, [0.0, 14.635, -26.6916, 5.09057, -5.00544, 5.7854, 6.8642, -1.25201, -5.33728, 8.26123, 0.0, 0.0, 0.0, 0.0, 0.0, 0.0, 0.0, 0.0, 6.59656, 0.0, 2.79056, 5.10461, 0.0, 2.12125, 0.0, 24.4282, -22.3565, -4.4974, -1.21643, 2.46869, 3.08502, -0.012538, -1.84348, 1.33604, -6.12572, 1.02969, 0.641008, 0.0, 0.0, 0.0, 2.34602, 0.0, 0.0, -10.6997, 0.0, -2.5728, 0.0, 0.650892, -6.47964, 2.22051, 1.86251, 0.0, 4.69845, 0.0, 7.55664, -8.31043, -5.64473, 0.0, 0.370973, 0.0, -1.07803, 7.57236, 0.0, 1.48046, 0.0, 0.0, -12.6391, -8.39497, 8.05971, 21.6933, 0.0, 21.2524, -2.38738, 0.0, 2.95722, 0.245623, -0.254481, 0.0, 0.0, 1.12536, 0.619596, -6.42056, 3.48618, 22.057, -6.34954, 0.0, 3.29799, -0.808507, -6.67142, 7.2074, -10.2122, 0.0, 0.0, 0.0, 0.0, 0.0, 0.0, 0.0, 0.0, -7.79202, -17.8435, -3.48412, -1.27248, 0.0, -6.36981, 0.0, 0.0, -7.9828]
0.8780270274628927, 2.8480358684358014, 65, [0.0, 14.7265, -26.2675, 4.94253, -4.97792, 5.56217, 6.69441, -1.22405, -5.23716, 8.05192, 0.0, 0.0, 0.0, 0.0, 0.0, 0.0, 0.0, 0.0, 6.2401, 0.0, 2.79372, 4.95223, 0.0, 1.31205, 0.0, 19.393, -17.3575, -4.36471, -1.20762, 2.48809, 2.98963, 0.0, -2.12159, 1.31645, -6.08127, 1.0443, 0.647039, 0.0, 0.0, 0.0, 2.28872, 0.0, 0.0, -10.5164, 0.0, -2.51115, 0.0, 0.65832, -6.31685, 2.29416, 2.13405, 0.0, 4.69208, 0.0, 7.42426, -7.80967, -5.66402, 0.0, 0.256288, 0.0, -1.00204, 7.47343, 0.0, 1.4444, 0.0, 0.0, -12.3136, -8.05392, 7.7377, 22.8309, 0.0, 19.6662, -2.36758, 0.0, 2.93059, 0.190806, -0.282512, 0.0, 0.0, 1.0906, 0.660989, -6.32591, 2.99064, 21.8053, -6.20429, 0.0, 3.49489, -0.784697, -6.66158, 7.13631, -10.0183, 0.0, 0.0, 0.0, 0.0, 0.0, 0.0, 0.0, 0.0, -7.39406, -17.1508, -3.44608, -1.251, 0.0, -5.67319, 0.0, 0.0, -7.90848]
0.874540276068249, 3.0538555088334154, 67, [0.0174098, 14.8183, -25.7927, 4.77185, -4.9468, 5.30401, 6.51225, -1.19384, -5.10266, 7.8016, 0.0, 0.0, 0.0, 0.0, 0.0, 0.0, 0.0, 0.0, 5.86409, 0.0, 2.80864, 4.78463, 0.0, 0.0246456, 0.0, 14.1021, -12.1168, -4.2038, -1.20474, 2.52036, 2.89087, 0.0, -2.43911, 1.27148, -6.02032, 1.06505, 0.651054, 0.0, 0.0, 0.0, 2.23645, 0.0, 0.0, -10.2923, 0.0, -2.44331, 0.0, 0.667465, -6.1363, 2.38193, 2.53088, 0.0, 4.68519, 0.0, 7.28537, -7.30039, -5.69611, 0.0, 0.15271, 0.0, -0.943285, 7.34984, 0.0, 1.41517, 0.0, 0.0, -11.9539, -7.73791, 7.39851, 23.885, 0.0, 17.9722, -2.33512, 0.0, 2.90581, 0.132719, -0.315705, -0.320718, 0.0, 1.06589, 0.697693, -6.24216, 2.49694, 21.5091, -6.03348, 0.0, 3.72871, -0.730807, -6.63436, 7.03328, -9.79933, 0.0, 0.0, 0.0, 0.0, 0.0, 0.0, 0.0, 0.0, -6.98758, -16.4193, -3.41704, -1.2249, 0.0, -4.32221, 0.0, 0.0, -7.83711]
0.8707627483686541, 3.2745491628777286, 67, [0.178395, 14.8559, -25.3179, 4.53617, -4.87741, 5.05549, 6.21814, -1.13509, -4.97227, 7.57812, 0.0, 0.0, 0.0, 0.0, 0.0, 0.0, 0.0, 0.0, 5.47498, 0.0, 2.78346, 4.71503, 0.0, 0.0, 0.0, 8.53244, -6.59207, -4.02971, -1.14388, 2.5436, 2.78942, 0.0, -2.74386, 1.1907, -5.92534, 1.12776, 0.630043, 0.0, 0.0, 0.0, 2.14227, 0.0, 0.0, -9.90672, 0.0, -2.36796, 0.0, 0.657321, -5.92338, 2.47937, 2.53739, 0.0, 4.62644, 0.0, 7.08623, -6.77225, -5.58715, -0.151801, 0.0779806, 0.0, -0.802162, 7.18688, -2.18788e-6, 1.39176, 0.0, 0.0, -11.6164, -7.34089, 6.96142, 25.1672, 0.0, 16.0796, -2.34321, 0.0, 2.86446, 0.0681231, -0.328711, 0.0, 0.0, 1.04379, 0.708257, -6.13825, 1.97231, 21.0259, -5.6667, 0.0, 3.91592, -0.689812, -6.62738, 6.91256, -9.59951, 0.0, 0.0, 0.0, 0.0, 0.0, 0.0, 0.0, 0.0, -6.54053, -15.5656, -3.35916, -1.26202, 0.0, -4.50783, 0.0, 0.0, -7.73913]
0.8665549887230559, 3.511191734215131, 68, [0.367302, 14.8523, -24.8875, 4.31323, -4.82363, 4.80729, 5.97982, -1.05223, -4.8451, 7.34022, 0.0, 0.0, 0.0, 0.0, 0.0, 0.0, 0.0, 0.0, 5.13875, 0.0, 2.74261, 4.60388, 0.0, 0.0, 0.0, 2.97747, -1.04672, -3.90372, -1.10738, 2.63726, 2.71201, 0.0, -3.01705, 1.11915, -5.82729, 1.21155, 0.559982, 0.0, 0.0, 0.0, 2.04873, 0.0, 0.0, -9.22039, 0.0, -2.30565, 0.0, 0.664508, -5.68906, 2.50811, 2.44801, 0.0, 4.55143, 0.0, 6.83123, -6.21295, -5.48886, -0.284143, 0.0605354, 0.0, -0.679961, 7.00535, -0.0874555, 1.37482, 0.0, 0.0, -11.2503, -7.02581, 6.46764, 25.9244, 0.0, 14.1805, -2.36081, 0.0, 2.81012, 0.00689949, -0.301101, 0.0, 0.0, 1.02474, 0.722911, -6.0024, 1.46103, 20.4844, -5.31319, 0.0, 4.07065, -0.656624, -6.61649, 6.85383, -9.37818, 0.0, 0.0, 0.0, 0.0, 0.0, 0.0, 0.0, 0.0, -6.12581, -14.6166, -3.3101, -1.27962, 0.084921, -4.40551, 0.0, 0.0, -7.65397]
0.8635111532112703, 3.7649358067924683, 66, [0.573071, 14.7203, -24.2824, 4.00062, -4.84853, 4.69384, 5.77794, -0.995739, -4.69719, 7.11794, 0.0, 0.0, 0.0, 0.0, 0.0, 0.0, 0.0, 0.0, 4.81751, 0.0, 2.66346, 4.54279, 0.0, 0.0, 0.0, 1.85374, 0.0, -3.69986, -0.946856, 2.64833, 2.67003, 0.0, -3.05271, 0.788643, -5.63838, 1.34634, 0.492666, 0.0, 0.0, 0.0, 1.90482, 0.0, 0.0, -8.3437, 0.0, -2.20906, 0.0, 0.682981, -5.54258, 2.60641, 2.37574, 0.0, 4.33713, 0.0, 6.44145, -5.67464, -5.29722, -0.440646, 0.0874882, 0.0, -0.600353, 6.82511, -0.119255, 1.3672, 0.0, 0.0, -10.9081, -6.92637, 5.85545, 26.3787, 0.0, 12.1972, -2.37159, 0.0, 2.74587, 0.0, -0.285757, 0.0, 0.0, 1.02533, 0.72661, -5.74645, 1.00899, 19.721, -4.85722, 0.0, 4.08155, -0.515456, -6.52437, 6.70616, -9.18209, 0.0, 0.0, 0.0, 0.0, 0.0, 0.0, 0.0, 0.0, -5.85843, -13.5885, -3.22437, -1.29414, 0.190027, -4.32829, 0.0, 0.0, -7.55373]
0.8604325208509588, 4.0370172585965545, 66, [0.79879, 14.5495, -23.6051, 3.65246, -4.88969, 4.60429, 5.56908, -0.942907, -4.5315, 6.8845, 0.0, 0.0, 0.0, 0.0, 0.0, 0.0, 0.0, 0.0, 4.47891, 0.0, 2.57262, 4.48717, 0.0, 0.0, 0.0, 1.75399, 0.0, -3.46052, -0.749047, 2.6405, 2.63452, 0.0, -3.04139, 0.376999, -5.4169, 1.50126, 0.421445, 0.0, 0.0, 0.0, 1.73946, 0.0, 0.0, -7.37949, 0.0, -2.0968, 0.0, 0.705549, -5.39239, 2.7275, 2.30438, 0.0, 4.07856, 0.0, 5.99955, -5.11472, -5.07187, -0.612709, 0.127196, 0.0, -0.525908, 6.6331, -0.132954, 1.36112, 0.0, 0.0, -10.5516, -6.86593, 5.17947, 26.7978, 0.0, 10.0755, -2.3815, 0.0, 2.6761, 0.0, -0.274966, 0.0, 0.0, 1.0285, 0.729097, -5.45518, 0.548863, 18.8638, -4.3546, 0.0, 4.06088, -0.336668, -6.40714, 6.5196, -8.97638, 0.0, 0.0, 0.0, 0.0, 0.0, 0.0, 0.0, 0.0, -5.61007, -12.4814, -3.12643, -1.31219, 0.303493, -4.25474, 0.0, 0.0, -7.44449]
0.8569987027314565, 4.328761281083058, 65, [1.01652, 14.3566, -22.8939, 3.30002, -4.92077, 4.50822, 5.37322, -0.888, -4.36614, 6.62289, 0.0, 0.0, 0.0, 0.0, 0.0, 0.0, 0.0, 0.0, 4.13424, 0.0, 2.48086, 4.43182, 0.0, 0.0, 0.0, 1.66757, 0.0, -3.23843, -0.556626, 2.62441, 2.60408, 0.0, -3.02743, 0.0, -5.199, 1.65043, 0.339755, 0.0, 0.0, 0.0, 1.56556, 0.0, 0.0, -6.37143, 0.0, -1.98496, 0.0, 0.733581, -5.22628, 2.83755, 2.23057, 0.0, 3.83318, 0.0, 5.52472, -4.52797, -4.83582, -0.792341, 0.163527, 0.0, -0.446746, 6.42767, -0.149832, 1.34806, 0.0, 0.0, -10.1695, -6.78635, 4.47437, 27.2183, 0.0, 7.87883, -2.39441, 0.0, 2.6033, 0.0, -0.261525, 0.0, 0.0, 1.02371, 0.7378, -5.12846, 0.0797074, 17.9602, -3.84388, 0.0, 4.02922, -0.175314, -6.28096, 6.33829, -8.72753, 0.0, 0.0, 0.0, 0.0, 0.0, 0.0, 0.0, 0.0, -5.34427, -11.3265, -3.02683, -1.33631, 0.427403, -4.17535, 0.0, 0.0, -7.341]
0.8538672955174742, 4.641588833612778, 64, [1.08666, 14.0206, -22.1439, 3.06123, -4.89046, 4.39221, 5.33336, -0.851403, -4.25936, 6.26042, 0.0, 0.0, 0.0, 0.0, 0.0, 0.0, 0.0, 0.0, 3.84231, 0.0, 2.41107, 4.43109, 0.0, 0.0, 0.0, 1.72958, 0.0, -3.21282, -0.479519, 2.55372, 2.62578, 0.0, -2.99462, 0.0, -5.09036, 1.71304, 0.216036, 0.0, 0.0, 0.0, 1.39592, 0.0, 0.0, -5.44734, 0.0, -1.90972, 0.0, 0.785544, -5.02023, 2.82856, 2.1715, 0.0, 3.76293, 0.0, 5.13031, -4.22537, -4.57818, -0.99061, 0.188086, 0.0, -0.396322, 6.17773, -0.125211, 1.31783, 0.0, 0.0, -9.83885, -6.58641, 3.83042, 27.4207, 0.0, 6.20395, -2.42658, 0.0, 2.53088, 0.0, -0.241797, 0.0, 0.0, 0.988051, 0.752423, -4.77519, 0.0, 16.9819, -3.45967, 0.0, 3.96069, -0.16075, -6.10296, 6.20499, -8.30046, 0.0, 0.0, 0.0, 0.0, 0.0, 0.0, 0.0, 0.0, -5.01604, -10.2799, -2.94324, -1.41503, 0.565896, -4.09891, 0.0, 0.0, -7.3449]
0.8502765306785642, 4.977023564332112, 65, [1.17607, 13.6372, -21.3253, 2.81899, -4.85778, 4.25221, 5.27838, -0.813614, -4.13197, 5.85708, 0.0, 0.0, 0.0, 0.0, 0.0, 0.0, 0.0, 0.0, 3.50448, 0.0, 2.33832, 4.42022, 0.0, 0.0, 0.0, 1.80211, 0.0, -3.17216, -0.405688, 2.48603, 2.65232, 0.0, -2.98182, 0.0, -4.97375, 1.78393, 0.0771744, 0.0, 0.0, 0.0, 1.20736, 0.0, 0.0, -4.46777, 0.0, -1.81978, 0.0, 0.845038, -4.743, 2.80786, 2.11019, 0.0, 3.68756, 0.0, 4.74679, -3.97805, -4.28923, -1.21345, 0.226095, 0.0, -0.351033, 5.89449, -0.0736593, 1.29143, 0.0, 0.0, -9.50192, -6.34101, 3.12418, 27.6648, 0.0, 4.41871, -2.46273, 0.0, 2.45043, -0.0179441, -0.224829, 0.0, 0.0, 0.948706, 0.764289, -4.44512, 0.0, 15.9066, -3.05712, 0.0, 3.9049, -0.125851, -5.90103, 6.0293, -7.83079, 0.0, 0.0, 0.0, 0.0, 0.0, 0.0, 0.0, 0.0, -4.64057, -9.13055, -2.85508, -1.51332, 0.715351, -4.02525, 0.0, 0.0, -7.35978]
0.8461827310220766, 5.3366992312063095, 65, [1.30891, 13.2199, -20.4594, 2.55376, -4.78557, 4.08967, 5.19779, -0.795265, -3.9795, 5.38618, 0.0, 0.0, 0.0, 0.0, 0.0, 0.0, 0.0, 0.0, 3.12714, 0.0, 2.27462, 4.37024, 0.0713272, 0.0, 0.0, 1.87677, 0.0, -3.07956, -0.294728, 2.30877, 2.66781, 0.0, -2.99782, 0.0, -4.86857, 1.83635, 0.0, 0.0, 0.0, 0.0, 1.00621, 0.0, 0.0, -3.50275, 0.0, -1.7174, 0.0, 0.919311, -4.37726, 2.81057, 2.05567, 0.0, 3.63091, 0.0, 4.38647, -3.71856, -4.00137, -1.45386, 0.254862, 0.0, -0.300822, 5.58305, -2.61884e-6, 1.26454, 0.0, 0.0, -9.15165, -6.02882, 2.37005, 27.8636, 0.0, 2.61419, -2.4971, 0.0, 2.36458, -0.0534648, -0.216029, 0.0, 0.0, 0.913985, 0.761958, -4.18167, 0.0, 14.8376, -2.61716, 0.0, 3.8762, -0.0758741, -5.66208, 5.82343, -7.34429, 0.0, 0.0, 0.0, 0.0, 0.0, 0.0, 0.0, 0.0, -4.21749, -7.88708, -2.77677, -1.60604, 0.811187, -3.95511, 0.0, 0.0, -7.39124]
0.8415976212410845, 5.722367659350217, 64, [1.45883, 12.7719, -19.5248, 2.26153, -4.68043, 3.90365, 5.10915, -0.808184, -3.81643, 4.86014, 0.0, 0.0, 0.0, 0.0, 0.0, 0.0, 0.0, 0.0, 2.7451, 0.0, 2.21585, 4.30981, 0.172606, 0.0, 0.0, 1.94391, 0.0, -2.91891, -0.156393, 2.00209, 2.67425, 0.0, -3.04614, 0.0, -4.77705, 1.86388, 0.0, 0.0, 0.0, 0.0, 0.801976, 0.0, 0.0, -2.51295, 0.0, -1.61616, 0.0, 1.00324, -4.0106, 2.84666, 2.01013, 0.0, 3.59145, 0.0, 4.00989, -3.44463, -3.7247, -1.67794, 0.282976, 0.0, -0.252879, 5.25176, 0.0, 1.23548, 0.0, 0.0, -8.75878, -5.70023, 1.59956, 27.9906, 0.0, 0.72578, -2.52881, 0.0, 2.2761, -0.0840106, -0.213918, 0.0, 0.0, 0.88335, 0.762054, -3.92564, 0.0, 13.7597, -2.16658, 0.0, 3.86753, -0.0303782, -5.38554, 5.67195, -6.84251, 0.0, 0.0, 0.0, 0.0, 0.0, 0.0, 0.0, 0.0, -3.78014, -6.59567, -2.70597, -1.68339, 0.876532, -3.88583, 0.0, 0.0, -7.4167]
0.8369462866252397, 6.1359072734131725, 63, [1.53834, 12.3264, -18.56, 1.9603, -4.57171, 3.75283, 5.06656, -0.819645, -3.666, 4.29982, 0.0, 0.0, 0.0, 0.0, 0.0, 0.0, 0.0, 0.0, 2.14512, 0.0, 2.15766, 4.34981, 0.289446, 0.0, 0.0, 2.02913, 0.0, -2.76689, 0.0, 1.64149, 2.71797, 0.0, -2.9898, 0.0, -4.697, 1.89638, 0.0, 0.0, 0.0, 0.0, 0.631427, 0.0, 0.0, -1.89705, 0.0, -1.45761, 0.0, 1.081, -3.67547, 2.92935, 1.95998, 0.0, 3.53364, 0.0, 3.62135, -3.15057, -3.4123, -1.90812, 0.253444, 0.0, -0.167528, 4.94826, 0.0, 1.19843, 0.0, 0.0, -8.66456, -5.39421, 0.848896, 27.6032, 0.0, 0.0, -2.5306, 0.0, 2.19142, -0.102071, -0.207436, 0.0, 0.0, 0.887577, 0.725543, -3.577, 0.0, 12.6242, -1.71469, 0.0, 3.8326, -0.0761558, -5.11719, 5.52708, -6.31786, 0.0, 0.0, 0.0, 0.0, -1.32857e-6, 0.0, 0.0, 0.0, -3.15558, -5.3705, -2.63641, -1.80515, 0.934704, -3.79237, 0.0, 0.0, -7.41772]
0.8323106939215581, 6.579332246575681, 62, [1.60099, 11.9191, -17.5967, 1.69892, -4.4828, 3.56291, 5.0526, -0.860316, -3.51199, 3.74312, 0.0, 0.0, 0.0, 0.0, 0.0, 0.0, 0.0, 0.0, 1.465, 0.0, 2.0939, 4.45827, 0.360512, 0.0, 0.0, 2.05323, 0.0, -2.55537, 0.0, 1.43695, 2.78358, 0.0, -3.00785, 0.0, -4.6286, 1.91406, 0.0, 0.0, 0.0, 0.0, 0.515268, 0.0, 0.0, -1.49367, 0.0, -1.27199, 0.0, 1.15161, -3.2983, 3.04257, 1.90592, 0.0, 3.45114, 0.0, 3.16522, -2.81368, -3.07454, -2.09793, 0.196286, 0.0, -0.0830451, 4.6882, 0.0, 1.14727, 0.0, 0.0, -8.74235, -5.23787, 0.15353, 26.7459, 0.0, 0.0, -2.50997, 0.0, 2.1026, -0.122439, -0.200622, 0.0, 0.0, 0.878911, 0.710439, -3.14179, 0.0, 11.3929, -1.34039, 0.0, 3.82917, -0.146385, -4.85512, 5.38237, -5.76676, 0.0, 0.0, 0.0, 0.0, 0.0, 0.0, 0.0, 0.0, -2.5022, -4.27882, -2.55405, -1.95652, 1.02464, -3.686, 0.0, 0.0, -7.34901]
0.8278986284357237, 7.054802310718643, 61, [1.5779, 11.5294, -16.5006, 1.40131, -4.31875, 3.33158, 4.98381, -0.919716, -3.2666, 3.1952, 0.0, 0.0, 0.0, 0.0, 0.0, 0.0, 0.0, 0.0, 1.14565, 0.0, 2.00793, 4.54737, 0.35323, 0.0, 0.0, 2.00651, 0.0, -2.40988, 0.0, 1.25046, 2.86566, -3.72288e-5, -3.07484, 0.0, -4.55844, 1.93271, 0.0, 0.0, 0.0, 0.0, 0.503825, 0.0, 0.0, -1.55511, 0.0, -1.16761, 0.0, 1.16283, -2.93989, 3.14198, 1.88571, 0.0, 3.42194, 0.0, 2.53225, -2.4849, -2.57228, -2.27273, 0.151355, 0.0, 0.0, 4.4168, 0.0, 1.08693, 0.0, 0.0, -8.70463, -5.34584, 0.0, 26.0437, 0.0, 0.0, -2.47085, 0.0, 2.02543, -0.133926, -0.232055, 0.0, 0.0, 0.880415, 0.699305, -2.41331, 0.0, 9.80806, -0.966705, 0.0, 3.82116, -0.192518, -4.62061, 5.14492, -5.16573, 0.0, 0.0, 0.0, 0.0, 0.0, 0.0, 0.0, 0.0, -2.2851, -3.98398, -2.4156, -2.1029, 1.1098, -3.57627, 0.0, 0.0, -7.21771]
0.8230654489853519, 7.564633275546289, 61, [1.53586, 11.1193, -15.3349, 1.07672, -4.07471, 3.08625, 4.85363, -0.9153, -2.95401, 2.62008, 0.0, 0.0, 0.0, 0.0, 0.0, 0.0, 0.0, 0.0, 0.962327, 0.0, 1.92347, 4.64175, 0.333057, 0.0, 0.0, 1.84654, 0.0, -2.23205, 0.0, 1.07907, 2.97576, -0.0988152, -3.20471, 0.0, -4.46725, 1.92987, 0.0, 0.0, 0.0, 0.0, 0.529149, 0.0, 0.0, -1.73561, 0.0, -1.09167, 0.0, 1.15289, -2.56855, 3.2044, 1.88436, 0.0, 3.45339, 0.0, 1.83023, -2.14094, -2.00237, -2.43807, 0.116916, 0.0, 0.0, 4.1183, 0.0, 1.02619, 0.0, 0.0, -8.59758, -5.5443, 0.0, 25.2598, 0.0, 0.0, -2.43053, 0.0, 1.95018, -0.148394, -0.270182, 0.0, 0.0, 0.885292, 0.695229, -1.59401, 0.0, 8.07771, -0.595561, 0.0, 3.81248, -0.117349, -4.42362, 4.84296, -4.53117, 0.0, 0.0, 0.0, 0.0, 0.0, 0.0, 0.0, 0.0, -2.22797, -3.90553, -2.26494, -2.25324, 1.18868, -3.46537, 0.0, 0.0, -7.0143]
0.8174838145672727, 8.11130830789687, 62, [1.49398, 10.6781, -14.0973, 0.730442, -3.81077, 2.82608, 4.71925, -0.911095, -2.61806, 2.00502, 0.0, 0.0, 0.0, 0.0, 0.0, 0.0, 0.0, 0.0, 0.780385, 0.0, 1.83222, 4.74235, 0.308424, 0.0, 0.0, 1.67804, 0.0, -2.04358, 0.0, 0.89674, 3.09415, -0.204295, -3.34521, 0.0, -4.36995, 1.92841, 0.0, 0.0, 0.0, 0.0, 0.557786, 0.0, 0.0, -1.88688, 0.0, -1.01372, 0.0, 1.14243, -2.17397, 3.26744, 1.87088, 0.0, 3.48777, 0.0, 1.07462, -1.76953, -1.39485, -2.61585, 0.0867078, 0.0, 0.0, 3.79629, 0.0, 0.962778, 0.0, 0.0, -8.47506, -5.77039, 0.0, 24.3429, 0.0, 0.0, -2.38882, 0.0, 1.869, -0.16338, -0.307243, -0.0510614, 0.0, 0.890858, 0.689367, -0.717877, 0.0, 6.22453, -0.196073, 0.0, 3.79838, -0.0369914, -4.21114, 4.51763, -3.85306, 0.0, 0.0, 0.0, 0.0, 0.0, 0.0, 0.0, 0.0, -2.17773, -3.82147, -2.1047, -2.41231, 1.2806, -3.29956, 0.0, 0.0, -6.79987]
0.8114685112634239, 8.697490026177835, 60, [1.48006, 10.2141, -12.9783, 0.510993, -3.58257, 2.58254, 4.66618, -0.927096, -2.27754, 1.32852, 0.0, 0.0, 0.0, 0.0, 0.0, 0.0, 0.0, 0.0, 0.65229, 0.0, 1.73822, 4.76278, 0.243823, 0.0, 0.0, 1.57634, 0.0, -1.84268, 0.0, 0.707587, 3.22359, -0.290609, -3.50994, 0.0, -4.27571, 1.93836, 0.0, 0.0, 0.0, 0.0, 0.589739, 0.0, 0.0, -1.84956, 0.0, -0.943992, 0.0, 1.15547, -1.75058, 3.25524, 1.80292, 0.0, 3.51576, 0.0, 0.382068, -1.36437, -0.899733, -2.7025, 0.0645595, 0.0, 0.0, 3.45563, 0.0, 0.891108, 0.0, 0.0, -8.27163, -6.00826, 0.0, 22.9678, 0.0, 0.0, -2.36139, 0.0, 1.78403, -0.189595, -0.327478, -0.298852, 0.0, 0.853166, 0.703036, -1.06879e-6, 0.0, 4.55915, 0.0, 0.0, 3.75471, 0.0, -3.95698, 4.17328, -3.07515, 0.0, 0.0, 0.0, 0.0, 0.0, 0.0, 0.0, 0.0, -2.16693, -3.67439, -1.9454, -2.52689, 1.42769, -2.93548, 0.0, 0.0, -6.59984]
0.8057880030749813, 9.326033468832199, 59, [1.61815, 9.7705, -12.0983, 0.401487, -3.41575, 2.31235, 4.64198, -0.950867, -1.92336, 0.58166, 0.0, 0.0, 0.0, 0.0, 0.0, 0.0, 0.0, 0.0, 0.594596, 0.0, 1.65831, 4.62464, 0.243842, 0.0, 0.0, 1.56424, 0.0, -1.55856, 0.0, 0.484124, 3.35022, -0.381222, -3.71825, 0.0, -4.17579, 1.95128, 0.0, 0.0, 0.0, 0.0, 0.637892, 0.0, 0.0, -1.79605, 0.0, -0.881791, 0.0, 1.20102, -1.19868, 3.18537, 1.71119, 0.0, 3.53142, 0.0, 0.115334, -0.978648, -0.745391, -2.66278, 1.08393e-6, 0.0, 0.0, 3.02216, 0.0, 0.828452, 0.0, 0.0, -7.96694, -6.1401, 0.0, 21.1548, 0.0, 0.0, -2.33795, 0.0, 1.69287, -0.235779, -0.346239, -0.621494, 0.0, 0.777877, 0.707333, 0.0, 0.0, 3.56445, 0.0, 0.0, 3.79483, 0.0, -3.55522, 3.79342, -2.20723, 0.0, 0.0, 0.0, 0.0, 0.0, 0.0, 0.0, 0.0, -2.20685, -3.39757, -1.79926, -2.5493, 1.5264, -2.48985, 0.0, 0.0, -6.45311]
0.7999568781724462, 10.0, 56, [1.67691, 9.37789, -11.261, 0.30721, -3.30338, 2.1103, 4.6327, -0.982847, -1.60597, 0.0, 0.0, 0.0, 0.0, 0.0, 0.0, 0.0, 0.0, 0.0, 0.678893, 0.0, 1.56056, 4.45105, 0.241336, 0.0, 0.0, 1.53319, 0.0, -1.29544, 0.0, 0.250964, 3.47453, -0.449097, -3.84269, 0.0, -4.08241, 1.97108, 0.0, 0.0, 0.0, 0.0, 0.704548, 0.0, 0.0, -1.51742, 0.0, -0.868468, 0.0, 1.23397, -0.72848, 3.09586, 1.60544, 0.0, 3.51961, 0.0, 0.0, -0.631936, -0.626181, -2.63246, 0.0, 0.0, 0.0, 2.5809, 0.0, 0.801115, 0.0, 0.0, -7.63359, -6.28933, 0.0, 19.0277, 0.0, 0.0, -2.32736, 0.0, 1.58974, -0.27023, -0.355335, -1.01125, 0.0, 0.746234, 0.669745, 0.0, 0.0, 2.59061, 0.0, 0.0, 3.81374, 0.0, -3.16592, 3.42107, -1.55822, 0.0, 0.0, 0.0, 0.0, 0.0, 0.0, 0.0, 0.0, -2.32955, -3.07078, -1.64357, -2.54718, 1.62989, -1.99978, 0.0, 0.0, -6.28448]
0.794753401626095, 10.722672220103231, 56, [1.56628, 9.08067, -10.6651, 0.194528, -3.19812, 2.04346, 4.63974, -1.02146, -1.40395, 0.0, 0.0, 0.0, 0.0, 0.0, 0.0, 0.0, 0.0, 0.0, 0.980028, 0.0, 1.43424, 4.32633, 0.220645, 0.0, 0.0, 1.31934, 0.0, -1.03623, 0.0, 0.0115076, 3.55954, -0.482178, -3.90066, 0.0, -4.05542, 1.98541, 0.0, 0.0, 0.0, 0.0, 0.777499, 0.0, 0.0, -0.663008, 0.0, -0.930998, 0.0, 1.20352, -0.640727, 3.01203, 1.50083, 0.0, 3.5031, 0.0, 0.0, -0.342445, -0.576459, -2.57252, 0.0, 0.0, 0.0, 2.27951, 0.0, 0.806071, 0.0, 0.0, -7.2868, -6.46331, 0.0, 16.4983, 0.0, 0.0, -2.34795, 0.0, 1.49522, -0.274521, -0.369122, -1.44905, 0.0, 0.733405, 0.638446, 0.0, 0.0, 1.89298, 0.0, 0.0, 3.78057, 0.0, -2.88477, 3.14747, -1.42628, 0.0, 0.0, 0.0, 0.0, 0.0, 0.0, 0.0, 0.0, -2.59425, -2.70863, -1.46952, -2.5159, 1.69542, -1.52392, 0.0, 0.0, -5.9905]
0.7893038345150953, 11.497569953977356, 55, [1.47745, 8.77595, -10.0961, 0.0968637, -3.11262, 2.0208, 4.65576, -1.04488, -1.2294, 0.0, 0.0, 0.0, 0.0, 0.0, 0.0, 0.0, 0.0, 0.0, 1.20345, 0.0, 1.30039, 4.06537, 0.2305, 0.0, 0.0, 1.08242, 0.0, -0.917708, 0.0, 0.0, 3.59669, -0.516088, -3.92414, -0.0170194, -4.03261, 1.96077, 0.0, 0.0, 0.0, 0.0, 0.857135, 0.0, 0.0, 0.0, 0.0, -0.961328, 0.0, 1.18759, -0.502408, 2.80951, 1.40127, 0.0, 3.46637, 0.0, 0.0, -0.0700006, -0.457316, -2.51413, 0.0, 0.0, 0.0, 1.96759, 0.0, 0.811514, 0.0, 0.0, -6.97558, -6.63698, 0.0, 14.2175, 0.0, 0.0, -2.38922, 0.0, 1.39594, -0.279029, -0.354235, -1.83666, 0.0, 0.719406, 0.59359, 0.0, 0.0, 1.11544, 0.0, 0.0, 3.72503, 0.0, -2.5938, 2.92296, -1.26444, 0.0, 0.0, 0.0, 0.0, 0.0, 0.0, 0.0, 0.0, -2.83618, -2.35296, -1.30038, -2.40207, 1.76932, -1.08738, 0.0, 0.0, -5.6877]
0.7839213627086659, 12.32846739442066, 53, [1.39088, 8.6118, -9.55524, 0.0, -3.03239, 1.9711, 4.65048, -1.11619, -1.03346, 0.0, 0.0, 0.0, 0.0, 0.0, 0.0, 0.0, 0.0, 0.0, 1.10115, 0.0, 1.16681, 3.75301, 0.155943, 0.0, 0.0, 0.79648, 0.0, -0.744948, 0.0, 0.0, 3.63562, -0.52198, -3.92896, -0.144064, -3.98371, 1.96012, 0.0, 0.0, 0.0, 0.0, 0.902808, 0.0, 0.0, 0.0, 0.0, -0.88308, 0.0, 1.15118, -0.278522, 2.6349, 1.33025, 0.0, 3.37243, 0.0, 0.0, 0.0, -0.201383, -2.46926, 0.0, 0.0, 0.0, 1.65091, 0.0, 0.826398, 0.0, 0.0, -6.7627, -6.69077, 0.0, 12.6969, 0.0, 0.0, -2.37833, 0.0, 1.30483, -0.31064, -0.352534, -2.06468, 0.0, 0.700041, 0.582748, 0.0, 0.0, 0.31416, 0.0, 0.0, 3.69637, 0.0, -2.29031, 2.66605, -1.08605, 0.0, 0.0, 0.0, 0.0, 0.0, 0.0, 0.0, 0.0, -2.88335, -2.0402, -1.12516, -2.284, 1.8827, -0.781188, 0.0, 0.0, -5.32333]
0.7792615420838116, 13.219411484660288, 52, [1.23647, 8.51559, -9.35671, 0.0, -2.84056, 2.0391, 4.62389, -1.10248, -0.849415, 0.0, 0.0, 0.0, 0.0, 0.0, 0.0, 0.0, 0.0, 0.0, 0.998944, 0.0, 1.09139, 3.46715, 0.0877864, 0.0, 0.0, 0.506037, 0.0, -0.600555, 0.0, 0.0, 3.65186, -0.554992, -3.90871, -0.199927, -3.97488, 1.94818, 0.0, 0.0, 0.0, 0.0, 0.937669, 0.0, 0.0, 0.0, 0.0, -0.823493, 0.0, 1.12856, -0.105967, 2.45807, 1.23638, 0.0, 3.31392, 0.0, 0.0, 0.0, -0.0728672, -2.47867, 0.0, 0.0, 0.0, 1.37531, 0.0, 0.841887, 0.0, 0.0, -6.49879, -6.61338, 0.0, 11.3699, 0.0, 0.0, -2.38143, 0.0, 1.24634, -0.347005, -0.348022, -2.3454, 0.0, 0.692768, 0.559704, 0.0, 0.0, 0.0, 0.0, 0.0, 3.59319, 0.0, -2.08674, 2.44078, -0.973778, 0.0, 0.0, 0.0, 0.0, 0.0, 0.0, 0.0, 0.0, -2.84369, -1.74432, -1.01356, -2.14785, 1.9856, -0.415466, 0.0, 0.0, -5.00799]
0.7742252337797254, 14.174741629268055, 52, [1.06669, 8.42705, -9.29177, 0.0, -2.64523, 2.19588, 4.62804, -1.02988, -0.729508, 0.0, 0.0, 0.0, 0.0, 0.0, 0.0, 0.0, 0.0, 0.0, 0.459109, 0.0, 1.03573, 3.20414, 0.0605882, 0.0, 0.0, 0.209363, 0.0, -0.45213, 0.0, 0.0, 3.669, -0.579774, -3.73008, -0.269738, -3.97321, 1.93101, 0.0, 0.0, 0.0, 0.0, 0.874415, 0.0, 0.0, 0.0, 0.0, -0.663003, 0.0, 1.1442, 0.0, 2.33765, 1.1263, 0.0, 3.18325, 0.0, 0.0, 0.0, -0.0586636, -2.49518, 0.0, 0.0, 0.0, 1.16714, 0.0, 0.85804, 0.0, 0.0, -6.33676, -6.26194, 0.0, 10.4321, 0.0, 0.0, -2.36992, -0.397265, 1.1866, -0.38734, -0.333828, -2.53871, 0.0, 0.695282, 0.550749, 0.0, 0.0, 0.0, 0.0, 0.0, 3.43644, 0.0, -1.9751, 2.30529, -0.965339, 0.0, 0.0, 0.0, 0.0, 0.0, 0.0, 0.0, 0.0, -2.34278, -0.905973, -0.938381, -2.01035, 2.09466, -0.105431, 0.0, 0.0, -4.70479]
0.7689980021493783, 15.199110829529339, 49, [0.893892, 8.32825, -9.16425, 0.0, -2.51777, 2.30221, 4.62387, -0.984149, -0.631734, 0.0, 0.0, 0.0, 0.0, 0.0, 0.0, 0.0, 0.0, 0.0, 0.0, 0.0, 0.970431, 2.94365, 0.0266762, 0.0, 0.0, 0.0, 0.0, -0.337875, 0.0, 0.0, 3.67675, -0.580327, -3.50341, -0.324355, -3.94972, 1.90084, 0.0, 0.0, 0.0, 0.0, 0.810571, 0.0, 0.0, 0.0, 0.0, -0.52901, 0.0, 1.16763, 0.0, 2.20992, 1.07234, 0.0, 3.03398, 0.0, 0.0, 0.0, -0.0368302, -2.50239, 0.0, 0.0, 0.0, 0.975705, 0.0, 0.863841, 0.0, 0.0, -6.16521, -5.86715, 0.0, 9.51645, 0.0, 0.0, -2.35767, -0.818751, 1.1174, -0.412707, -0.316584, -2.51907, 0.0, 0.690091, 0.532582, 0.0, 0.0, 0.0, 0.0, -0.0423165, 3.30942, 0.0, -1.84032, 2.18904, -0.941544, 0.0, 0.0, 0.0, 0.0, 0.0, 0.0, 0.0, 0.0, -1.89554, 0.0, -0.84719, -1.85075, 2.19788, 0.0, 0.0, 0.0, -4.44649]
0.7649381199733253, 16.297508346206442, 48, [0.70069, 8.22248, -9.01384, 0.0, -2.41274, 2.31772, 4.57011, -1.04366, -0.507186, 0.0, 0.0, 0.0, 0.0, 0.0, 0.0, 0.0, 0.0, 0.0, 0.0, 0.0, 0.862375, 2.61781, 0.0, 0.0, 0.0, 0.0, 0.0, -0.365445, 0.0, 0.0, 3.64716, -0.516031, -3.30448, -0.266389, -3.93619, 1.83698, 0.0, 0.0, 0.0, 0.0, 0.845237, 0.0, 0.0, 0.0, 0.0, -0.507448, 0.0, 1.16002, 0.0, 2.05477, 1.08711, 0.0, 2.94017, 0.0, 0.0, 0.0, -9.38821e-6, -2.47018, 0.0, 0.0, 0.0, 0.808374, 0.0, 0.853176, 0.0, 0.0, -5.93333, -5.93354, 0.0, 8.4807, 0.0, 0.0, -2.31823, -0.715973, 1.05838, -0.399292, -0.307883, -2.42064, 0.0, 0.67623, 0.477943, 0.0, 0.0, 0.0, 0.0, -0.253288, 3.22754, 0.0, -1.597, 2.03744, -0.802822, 0.0, 0.0, 0.0, 0.0, 0.0, 0.0, 0.0, 0.0, -1.96495, 0.0, -0.687574, -1.62696, 2.25559, 0.0, 0.0, 0.0, -4.33404]
0.7603219910506362, 17.47528400007684, 47, [0.489978, 8.11849, -8.83572, 0.0, -2.31023, 2.31762, 4.50938, -1.1102, -0.375597, 0.0, 0.0, 0.0, 0.0, 0.0, 0.0, 0.0, 0.0, 0.0, 0.0, 0.0, 0.75234, 2.26801, 0.0, 0.0, 0.0, 0.0, 0.0, -0.391714, 0.0, 0.0, 3.61093, -0.448695, -3.10572, -0.207812, -3.92314, 1.77003, 0.0, 0.0, 0.0, 0.0, 0.883376, 0.0, 0.0, 0.0, 0.0, -0.485131, 0.0, 1.14982, 0.0, 1.91381, 1.10324, 0.0, 2.84427, 0.0, 0.0, 0.0, 0.0, -2.43079, 0.0, 0.0, 0.0, 0.626307, 0.0, 0.843223, 0.0, 0.0, -5.6822, -5.99646, 0.0, 7.35494, 0.0, 0.0, -2.27612, -0.599987, 1.00036, -0.383782, -0.309798, -2.31488, 0.0, 0.66886, 0.421746, 0.0, 0.0, 0.0, 0.0, -0.458971, 3.15701, 0.0, -1.33376, 1.87725, -0.647801, 0.0, 0.0, 0.0, 0.0, 0.0, 0.0, 0.0, 0.0, -2.03692, 0.0, -0.521613, -1.38816, 2.28536, 0.0, 0.0, 0.0, -4.2135]
0.7550145725332031, 18.73817422860384, 47, [0.264037, 8.00698, -8.64472, 0.0, -2.20032, 2.31751, 4.44425, -1.18154, -0.234499, 0.0, 0.0, 0.0, 0.0, 0.0, 0.0, 0.0, 0.0, 0.0, 0.0, 0.0, 0.634354, 1.89295, 0.0, 0.0, 0.0, 0.0, 0.0, -0.419878, 0.0, 0.0, 3.57208, -0.376493, -2.89261, -0.145003, -3.90915, 1.69824, 0.0, 0.0, 0.0, 0.0, 0.924272, 0.0, 0.0, 0.0, 0.0, -0.461201, 0.0, 1.13888, 0.0, 1.76265, 1.12054, 0.0, 2.74144, 0.0, 0.0, 0.0, 0.0, -2.38856, 0.0, 0.0, 0.0, 0.431082, 0.0, 0.832553, 0.0, 0.0, -5.41292, -6.06392, 0.0, 6.14782, 0.0, 0.0, -2.23097, -0.475616, 0.938159, -0.367153, -0.311853, -2.20149, 0.0, 0.660958, 0.361488, 0.0, 0.0, 0.0, 0.0, -0.679514, 3.08139, 0.0, -1.05149, 1.70548, -0.481574, 0.0, 0.0, 0.0, 0.0, 0.0, 0.0, 0.0, 0.0, -2.11409, 0.0, -0.34366, -1.13209, 2.31727, 0.0, 0.0, 0.0, -4.08425]
0.748912332438942, 20.09233002565047, 47, [0.0217682, 7.88742, -8.43992, 0.0, -2.08246, 2.31739, 4.37442, -1.25805, -0.0832036, 0.0, 0.0, 0.0, 0.0, 0.0, 0.0, 0.0, 0.0, 0.0, 0.0, 0.0, 0.507842, 1.49077, 0.0, 0.0, 0.0, 0.0, 0.0, -0.450078, 0.0, 0.0, 3.53042, -0.299073, -2.66409, -0.0776562, -3.89415, 1.62127, 0.0, 0.0, 0.0, 0.0, 0.968123, 0.0, 0.0, 0.0, 0.0, -0.435542, 0.0, 1.12716, 0.0, 1.60058, 1.13909, 0.0, 2.63118, 0.0, 0.0, 0.0, 0.0, -2.34328, 0.0, 0.0, 0.0, 0.221748, 0.0, 0.82111, 0.0, 0.0, -5.12419, -6.13626, 0.0, 4.85347, 0.0, 0.0, -2.18255, -0.342258, 0.87146, -0.349321, -0.314056, -2.0799, 0.0, 0.652486, 0.296876, 0.0, 0.0, 0.0, 0.0, -0.915995, 3.00031, 0.0, -0.748826, 1.5213, -0.303335, 0.0, 0.0, 0.0, 0.0, 0.0, 0.0, 0.0, 0.0, -2.19684, 0.0, -0.152847, -0.857527, 2.35149, 0.0, 0.0, 0.0, -3.94566]
0.7429535079001381, 21.544346900318832, 44, [0.0, 7.75208, -8.31413, 0.0, -2.03875, 2.34053, 4.27437, -1.28617, 0.0, 0.0, 0.0, 0.0, 0.0, 0.0, 0.0, 0.0, 0.0, 0.0, 0.0, 0.0, 0.399091, 1.11338, 0.0, 0.0, 0.0, 0.0, 0.0, -0.507341, 0.0, 0.0, 3.51398, -0.254715, -2.32415, -0.00810926, -3.82691, 1.53449, 0.0, 0.0, 0.0, 0.0, 0.996403, 0.0, 0.0, 0.0, 0.0, -0.41101, 0.0, 1.12381, 0.0, 1.38151, 1.15785, 0.0, 2.47015, 0.0, 0.0, 0.0, 0.0, -2.32015, 0.0, 0.0, 0.0, 0.029642, 0.0, 0.816348, 0.0, 0.0, -4.83664, -6.20427, 0.0, 3.59783, 0.0, 0.0, -2.12857, -0.240046, 0.808797, -0.331901, -0.279027, -1.98467, 0.0, 0.669666, 0.231559, 0.0, 0.0, 0.0, 0.0, -1.04109, 2.88504, 0.0, -0.549603, 1.39759, -0.198309, 0.0, 0.0, 0.0, 0.0, 0.0, 0.0, 0.0, 0.0, -2.26997, 0.0, 0.0, -0.609159, 2.39331, 0.0, 0.0, 0.0, -3.78436]
0.7375231697114604, 23.101297000831593, 42, [0.0, 7.6146, -8.19164, 0.0, -2.04136, 2.40818, 4.22634, -1.27509, 0.0, 0.0, 0.0, 0.0, 0.0, 0.0, 0.0, 0.0, 0.0, 0.0, 0.0, 0.0, 0.383279, 0.658537, 0.0, 0.0, 0.0, 0.0, 0.0, -0.553235, 0.0, 0.0, 3.51251, -0.204124, -1.86649, 0.0, -3.74821, 1.4755, 0.0, 0.0, 0.0, 0.0, 1.01522, 0.0, 0.0, 0.0, 0.0, -0.389807, 0.0, 1.15519, 0.0, 1.16012, 1.16663, 0.0, 2.23293, 0.0, 0.0, 0.0, 0.0, -2.29954, 0.0, 0.0, 0.0, 0.0, 0.0, 0.801413, 0.0, 0.0, -4.55598, -6.23767, 0.0, 2.42163, 0.0, 0.0, -2.0668, -0.143245, 0.78755, -0.317465, -0.225243, -1.91143, 0.0, 0.717954, 0.170955, 0.0, 0.0, 0.0, 0.0, -1.13856, 2.75204, 0.0, -0.526435, 1.34372, -0.106621, 0.0, 0.0, 0.0, 0.0, 0.0, 0.0, 0.0, 0.0, -2.32807, 0.0, 0.0, -0.325104, 2.45246, 0.0, 0.0, 0.0, -3.61281]
0.7312907139273117, 24.770763559917114, 41, [0.0, 7.45637, -8.00586, 0.0, -2.08127, 2.45857, 4.18943, -1.27172, 0.0, 0.0, 0.0, 0.0, 0.0, 0.0, 0.0, 0.0, 0.0, 0.0, 0.0, 0.0, 0.360005, 0.146713, 0.0, 0.0, 0.0, 0.0, 0.0, -0.582764, 0.0, 0.0, 3.50893, -0.15445, -1.39767, 0.0, -3.66461, 1.40951, 0.0, 0.0, 0.0, 0.0, 1.03483, 0.0, 0.0, 0.0, 0.0, -0.363909, 0.0, 1.19558, 0.0, 0.90603, 1.1792, 0.0, 1.9837, 0.0, 0.0, 0.0, 0.0, -2.25947, 0.0, 0.0, 0.0, 0.0, 0.0, 0.779481, 0.0, 0.0, -4.25446, -6.26248, 0.0, 1.13168, 0.0, 0.0, -1.9992, -0.0350382, 0.76129, -0.303268, -0.163203, -1.84416, 0.0, 0.768888, 0.108413, -0.0844586, 0.0, 0.0, 0.0, -1.21798, 2.63494, 0.0, -0.50204, 1.29598, 0.0, 0.0, 0.0, 0.0, 0.0, 0.0, 0.0, 0.0, 0.0, -2.39931, 0.0, 0.0, 0.0, 2.52304, 0.0, 0.0, 0.0, -3.43843]
0.7257814778814828, 26.560877829466868, 40, [0.0, 7.28185, -7.78808, 0.0, -2.1211, 2.47582, 4.12677, -1.22067, 0.0, 0.0, 0.0, 0.0, 0.0, 0.0, 0.0, 0.0, 0.0, 0.0, 0.0, 0.0, 0.332327, 0.0400942, 0.0, 0.0, 0.0, 0.0, 0.0, -0.614111, 0.0, 0.0, 3.51537, -0.126648, -0.939274, 0.0, -3.53178, 1.33161, 0.0, 0.0, 0.0, 0.0, 1.0373, 0.0, 0.0, 0.0, 0.0, -0.347514, 0.0, 1.21975, 0.0, 0.707786, 1.19437, 0.0, 1.73715, 0.0, 0.0, 0.0, 0.0, -2.2386, 0.0, 0.0, 0.0, 0.0, 0.0, 0.7553, 0.0, 0.0, -3.94924, -6.25647, 0.0, 2.05903e-6, 0.0, 0.0, -1.94365, 0.0, 0.741646, -0.294178, -0.0646224, -1.79708, 0.0, 0.835414, 0.0491882, -0.0849899, 0.0, 0.0, 0.0, -1.23748, 2.50597, 0.0, -0.531464, 1.24878, 0.0, 0.0, 0.0, 0.0, 0.0, 0.0, 0.0, 0.0, 0.0, -2.42361, 0.0, 0.0, 0.0, 2.58482, 0.0, 0.0, 0.0, -3.25024]
0.7214513686828334, 28.48035868435802, 36, [0.0, 7.07329, -7.50174, 0.0, -2.08489, 2.44724, 3.97554, -1.18139, 0.0, 0.0, 0.0, 0.0, 0.0, 0.0, 0.0, 0.0, 0.0, 0.0, 0.0, 0.0, 0.326799, 0.0, 0.0, 0.0, 0.0, 0.0, 0.0, -0.613323, 0.0, 0.0, 3.48866, -0.0558633, -0.566191, 0.0, -3.45215, 1.31171, 0.0, 0.0, 0.0, 0.0, 0.992792, 0.0, 0.0, 0.0, 0.0, -0.37724, 0.0, 1.22491, 0.0, 0.505085, 1.18168, 0.0, 1.46423, 0.0, 0.0, 0.0, 0.0, -2.24389, 0.0, 0.0, 0.0, 0.0, 0.0, 0.726758, 0.0, 0.0, -3.85676, -6.03452, 0.0, 0.0, 0.0, 0.0, -1.93238, 0.0, 0.716864, -0.282493, 0.0, -1.75171, 0.0, 0.899354, 0.0, -0.0676866, 0.0, 0.0, 0.0, -1.25136, 2.43825, 0.0, -0.591422, 1.20849, 0.0, 0.0, 0.0, 0.0, 0.0, 0.0, 0.0, 0.0, 0.0, -2.28305, 0.0, 0.0, 0.0, 2.63108, 0.0, 0.0, 0.0, -3.07955]
0.7168141746475849, 30.538555088334157, 35, [0.0, 6.89178, -7.2238, 0.0, -2.0372, 2.41059, 3.80771, -1.1526, 0.0, 0.0, 0.0, 0.0, 0.0, 0.0, 0.0, 0.0, 0.0, 0.0, 0.0, 0.0, 0.332676, 0.0, 0.0, 0.0, 0.0, 0.0, 0.0, -0.596651, 0.0, 0.0, 3.44526, 0.0, -0.209702, 0.0, -3.3567, 1.29106, 0.0, 0.0, 0.0, 0.0, 0.929289, 0.0, 0.0, 0.0, 0.0, -0.407822, 0.0, 1.22003, 0.0, 0.388997, 1.16125, 0.0, 1.19565, 0.0, 0.0, 0.0, 0.0, -2.25393, 0.0, 0.0, 0.0, 0.0, 0.0, 0.693549, 0.0, 0.0, -3.7532, -5.7761, 0.0, 0.0, 0.0, 0.0, -1.91034, 0.0, 0.697575, -0.266236, 0.0, -1.68578, 0.0, 0.92021, 0.0, -0.0411395, 0.0, 0.0, 0.0, -1.26629, 2.36857, 0.0, -0.654219, 1.16621, 0.0, 0.0, 0.0, 0.0, 0.0, 0.0, 0.0, 0.0, 0.0, -2.13564, 0.0, 0.0, 0.0, 2.61411, 0.0, 0.0, 0.0, -2.90124]
0.7118959803044689, 32.74549162877728, 34, [0.0, 6.69861, -6.92905, 0.0, -1.98059, 2.28922, 3.63077, -1.06964, 0.0, 0.0, 0.0, 0.0, 0.0, 0.0, 0.0, 0.0, 0.0, 0.0, 0.0, 0.0, 0.342114, 0.0, 0.0, 0.0, 0.0, 0.0, 0.0, -0.512082, 0.0, 0.0, 3.40144, 0.0, 0.0, 0.0, -3.24706, 1.26161, 0.0, 0.0, 0.0, 0.0, 0.862802, 0.0, 0.0, 0.0, 0.0, -0.437321, 0.0, 1.21486, 0.0, 0.251439, 1.14002, 0.0, 0.987765, 0.0, 0.0, 0.0, 0.0, -2.26815, 0.0, 0.0, 0.0, 0.0, 0.0, 0.655264, 0.0, 0.0, -3.62099, -5.48246, 0.0, 0.0, 0.0, 0.0, -1.8828, 0.0, 0.674024, -0.256413, 0.0, -1.62226, 0.0, 0.941943, 0.0, -0.0370038, 0.0, 0.0, 0.0, -1.24276, 2.37557, 0.0, -0.763885, 1.12823, 0.0, 0.0, 0.0, 0.0, 0.0, 0.0, 0.0, 0.0, 0.0, -1.98324, 0.0, 0.0, 0.0, 2.59541, 0.0, 0.0, 0.0, -2.74446]
0.7067984996265269, 35.11191734215131, 34, [0.0, 6.49795, -6.61332, 0.0, -1.88809, 2.06637, 3.4429, -0.941575, 0.0, 0.0, 0.0, 0.0, 0.0, 0.0, 0.0, 0.0, 0.0, 0.0, 0.0, 0.0, 0.3532, 0.0, 0.0, 0.0, 0.0, 0.0, 0.0, -0.376571, 0.0, 0.0, 3.34159, 0.0, 0.0, 0.0, -3.14765, 1.24059, 0.0, 0.0, 0.0, 0.0, 0.803031, 0.0, 0.0, 0.0, 0.0, -0.468043, 0.0, 1.21561, 0.0, 0.0738964, 1.11284, 0.0, 0.852843, 0.0, 0.0, 0.0, 0.0, -2.28384, 0.0, 0.0, 0.0, 0.0, 0.0, 0.612451, 0.0, 0.0, -3.44705, -5.1699, 0.0, 0.0, 0.0, 0.0, -1.85517, 0.0, 0.649377, -0.251025, 0.0, -1.55289, 0.0, 0.955619, 0.0, -0.0581019, 0.0, 0.0, 0.0, -1.2199, 2.47742, 0.0, -0.906164, 1.09453, 0.0, 0.0, 0.0, 0.0, 0.0, 0.0, 0.0, 0.0, 0.0, -1.82845, 0.0, 0.0, 0.0, 2.57779, 0.0, 0.0, 0.0, -2.61524]
0.7011633363699168, 37.64935806792467, 33, [0.0, 6.28231, -6.26423, 0.0, -1.78632, 1.84167, 3.23972, -0.823352, 0.0, 0.0, 0.0, 0.0, 0.0, 0.0, 0.0, 0.0, 0.0, 0.0, 0.0, 0.0, 0.370554, 0.0, 0.0, 0.0, 0.0, 0.0, 0.0, -0.235401, 0.0, 0.0, 3.2648, 0.0, 0.0, 0.0, -3.03119, 1.20843, 0.0, 0.0, 0.0, 0.0, 0.738613, 0.0, 0.0, 0.0, 0.0, -0.503679, 0.0, 1.20706, 0.0, 0.0, 1.08261, 0.0, 0.715229, 0.0, 0.0, 0.0, 0.0, -2.29531, 0.0, 0.0, 0.0, 0.0, 0.0, 0.564456, 0.0, 0.0, -3.27727, -4.83827, 0.0, 0.0, 0.0, 0.0, -1.82626, 0.0, 0.621465, -0.253241, 0.0, -1.47237, 0.0, 0.971761, 0.0, -0.0729718, 0.0, 0.0, 0.0, -1.2111, 2.58337, 0.0, -1.04496, 1.06341, 0.0, 0.0, 0.0, 0.0, 0.0, 0.0, 0.0, 0.0, 0.0, -1.6496, 0.0, 0.0, 0.0, 2.54195, 0.0, 0.0, 0.0, -2.48769]
0.6948432395437294, 40.37017258596554, 34, [0.0, 6.05078, -5.88273, 0.0, -1.67543, 1.61043, 3.02066, -0.709574, 0.0, 0.0, 0.0, 0.0, 0.0, 0.0, 0.0, 0.0, 0.0, 0.0, 0.0, 0.0, 0.39288, 0.0, 0.0, 0.0, 0.0, 0.0, 0.0, -0.0868411, 0.0, 0.0, 3.1739, -2.25479e-6, 0.0, 0.0, -2.89959, 1.1674, 0.0, 0.0, 0.0, 0.0, 0.669317, 0.0, 0.0, 0.0, 0.0, -0.543721, 0.0, 1.19152, 0.0, 0.0, 1.04945, 0.0, 0.572472, 0.0, 0.0, 0.0, 0.0, -2.30396, 0.0, 0.0, 0.0, 0.0, 0.0, 0.511571, 0.0, 0.0, -3.10659, -4.48508, 0.0, 0.0, 0.0, 0.0, -1.79573, 0.0, 0.590526, -0.261055, 0.0, -1.38186, 0.0, 0.990076, 0.0, -0.0836419, 0.0, 0.0, 0.0, -1.21237, 2.69476, 0.0, -1.18442, 1.03344, 0.0, 0.0, 0.0, 0.0, 0.0, 0.0, 0.0, 0.0, 0.0, -1.44907, 0.0, 0.0, 0.0, 2.492, 0.0, 0.0, 0.0, -2.35843]
0.6881484004211844, 43.287612810830595, 32, [0.0, 5.83644, -5.4999, 0.0, -1.54248, 1.36099, 2.81962, -0.613091, 0.0, 0.0, 0.0, 0.0, 0.0, 0.0, 0.0, 0.0, 0.0, 0.0, 0.0, 0.0, 0.419393, 0.0, 0.0, 0.0, 0.0, 0.0, 0.0, 0.0, 0.0, 0.0, 3.09223, 0.0, 0.0, 0.0, -2.77348, 1.14541, 0.0, 0.0, 0.0, 0.0, 0.573134, 0.0, 0.0, 0.0, 0.0, -0.586294, 0.0, 1.17221, 0.0, 0.0, 1.01451, 0.0, 0.460353, 0.0, 0.0, 0.0, 0.0, -2.32056, 0.0, 0.0, 0.0, 0.0, 0.0, 0.45396, 0.0, 0.0, -2.92153, -4.10467, 0.0, 0.0, 0.0, 0.0, -1.7396, 0.0, 0.559976, -0.265975, 0.0, -1.26507, 0.0, 0.999687, 0.0, -0.0761192, 0.0, 0.0, 0.0, -1.23521, 2.81153, 0.0, -1.31425, 1.00279, 0.0, 0.0, 0.0, 0.0, 0.0, 0.0, 0.0, 0.0, 0.0, -1.24561, 0.0, 0.0, 0.0, 2.44471, 0.0, 0.0, 0.0, -2.24999]
0.6812119118822946, 46.4158883361278, 32, [0.0, 5.65022, -5.12315, 0.0, -1.38186, 1.09162, 2.64752, -0.542427, 0.0, 0.0, 0.0, 0.0, 0.0, 0.0, 0.0, 0.0, 0.0, 0.0, 0.0, 0.0, 0.451127, 0.0, 0.0, 0.0, 0.0, 0.0, 0.0, 0.0, 0.0, 0.0, 3.02498, 0.0, 0.0, 0.0, -2.65755, 1.15011, 0.0, 0.0, 0.0, 0.0, 0.44188, 0.0, 0.0, 0.0, 0.0, -0.631474, 0.0, 1.14812, 0.0, 0.0, 0.977834, 0.0, 0.392769, 0.0, 0.0, 0.0, 0.0, -2.34775, 0.0, 0.0, 0.0, 0.0, 0.0, 0.391024, 0.0, 0.0, -2.72048, -3.69459, 0.0, 0.0, 0.0, 0.0, -1.64932, 0.0, 0.530591, -0.266806, 0.0, -1.11448, 0.0, 0.997106, 0.0, -0.0436813, 0.0, 0.0, 0.0, -1.2873, 2.9333, 0.0, -1.42813, 0.971826, 0.0, 0.0, 0.0, 0.0, 0.0, 0.0, 0.0, 0.0, 0.0, -1.04232, 0.0, 0.0, 0.0, 2.40206, 0.0, 0.0, 0.0, -2.17248]
0.6732366353934486, 49.770235643321115, 32, [0.0, 5.45054, -4.71916, 0.0, -1.20963, 0.802785, 2.46298, -0.466657, 0.0, 0.0, 0.0, 0.0, 0.0, 0.0, 0.0, 0.0, 0.0, 0.0, 0.0, 0.0, 0.485154, 0.0, 0.0, 0.0, 0.0, 0.0, 0.0, 0.0, 0.0, 0.0, 2.95286, 0.0, 0.0, 0.0, -2.53324, 1.15515, 0.0, 0.0, 0.0, 0.0, 0.301141, 0.0, 0.0, 0.0, 0.0, -0.67992, 0.0, 1.12229, 0.0, 0.0, 0.938507, 0.0, 0.320301, 0.0, 0.0, 0.0, 0.0, -2.37692, 0.0, 0.0, 0.0, 0.0, 0.0, 0.323539, 0.0, 0.0, -2.50489, -3.25489, 0.0, 0.0, 0.0, 0.0, -1.55251, 0.0, 0.499083, -0.267697, 0.0, -0.953008, 0.0, 0.994338, 0.0, -0.00889782, 0.0, 0.0, 0.0, -1.34315, 3.06387, 0.0, -1.55024, 0.93862, 0.0, 0.0, 0.0, 0.0, 0.0, 0.0, 0.0, 0.0, 0.0, -0.824335, 0.0, 0.0, 0.0, 2.35633, 0.0, 0.0, 0.0, -2.08936]
0.6640854591185923, 53.3669923120631, 32, [0.0, 5.23366, -4.26882, 0.0, -1.03711, 0.488656, 2.27014, -0.390612, 0.0, 0.0, 0.0, 0.0, 0.0, 0.0, 0.0, 0.0, 0.0, 0.0, 0.0, 0.0, 0.52011, 0.0, 0.0, 0.0, 0.0, 0.0, 0.0, 0.0, 0.0, 0.0, 2.87502, 0.0, 0.0, 0.0, -2.40108, 1.15889, 0.0, 0.0, 0.0, 0.0, 0.148579, 0.0, 0.0, 0.0, 0.0, -0.731174, 0.0, 1.09647, 0.0, 0.0, 0.897911, 0.0, 0.243855, 7.31625e-5, 0.0, 0.0, 0.0, -2.40215, 0.0, 0.0, 0.0, 0.0, 0.0, 0.250028, 0.0, 0.0, -2.2751, -2.77528, 0.0, 0.0, 0.0, 0.0, -1.4485, 0.0, 0.464102, -0.269523, 0.0, -0.78406, 0.0, 0.991357, 0.0, 0.0, 0.0, 0.0, 0.0, -1.39105, 3.20804, 0.0, -1.67123, 0.907221, 0.0, 0.0, 0.0, 0.0, 0.0, 0.0, 0.0, 0.0, 0.0, -0.590953, 0.0, 0.0, 0.0, 2.30717, 0.0, 0.0, 0.0, -2.00357]
0.6537789607623901, 57.22367659350217, 30, [0.0, 5.00427, -3.78707, 0.0, -0.864184, 0.16849, 2.07064, -0.307684, 0.0, 0.0, 0.0, 0.0, 0.0, 0.0, 0.0, 0.0, 0.0, 0.0, 0.0, 0.0, 0.556972, 0.0, 0.0, 0.0, 0.0, 0.0, 0.0, 0.0, 0.0, 0.0, 2.79242, 0.0, 0.0, 0.0, -2.26503, 1.16702, 0.0, 0.0, 0.0, 0.0, 0.0, 0.0, 0.0, 0.0, 0.0, -0.788868, 0.0, 1.0705, 0.0, 0.0, 0.854057, 0.0, 0.0, 0.16044, 0.0, 0.0, 0.0, -2.42602, 0.0, 0.0, 0.0, 0.0, 0.0, 0.171455, 0.0, 0.0, -2.02466, -2.27915, 0.0, 0.0, 0.0, 0.0, -1.34646, 0.0, 0.426322, -0.271658, 0.0, -0.601452, 0.0, 0.989809, 0.0, 0.0, 0.0, 0.0, 0.0, -1.43793, 3.35125, 0.0, -1.79759, 0.872563, 0.0, 0.0, 0.0, 0.0, 0.0, 0.0, 0.0, 0.0, 0.0, -0.334212, 0.0, 0.0, 0.0, 2.255, 0.0, 0.0, 0.0, -1.9036]
0.6435203606396278, 61.35907273413173, 31, [0.0, 4.7562, -3.30125, 0.0, -0.764827, 2.86557e-6, 1.83013, -0.19348, 0.0, 0.0, 0.0, 0.0, 0.0, 0.0, 0.0, 0.0, 0.0, 0.0, 0.0, 0.0, 0.586514, 0.0, 0.0, 0.0, 0.0, 0.0, 0.0, 0.0, 0.0754383, 0.0, 2.68279, 0.0, 0.0, 0.0, -2.12101, 1.15304, 0.0, 0.0, 0.0, 0.0, 0.0, 0.0, 0.0, 0.0, 0.0, -0.861312, 0.0, 1.04489, 0.0, 0.0, 0.792265, 0.0, 0.0, 0.0506378, 0.0, 0.0, 0.0, -2.43625, 0.0, 0.0, 0.0, 0.0, 0.0, 0.0927536, 0.0, 0.0, -1.73474, -1.92316, 0.0, 0.0, 0.0, 0.0, -1.35186, 0.0, 0.387512, -0.266846, 0.0, -0.416252, 0.0, 1.01902, 0.0, 0.0, 0.0, 0.0, 0.0, -1.45962, 3.40164, 0.0, -1.9362, 0.830041, 0.0, 0.0, 0.0, 0.0, 0.0, 0.0, 0.0, 0.0, 0.0, -0.0184958, 0.0, 0.0, 0.0, 2.17688, 0.0, 0.0, 0.0, -1.75825]
0.6356288293476586, 65.79332246575679, 28, [0.0, 4.47718, -2.87888, 0.0, -0.721497, 0.0, 1.6216, -0.0769803, 0.0, 0.0, 0.0, 0.0, 0.0, 0.0, 0.0, 0.0, 0.0, 0.0, 0.0, 0.0, 0.583241, 0.0, 0.0, 0.0, 0.0, 0.0, 0.0, 0.0, 0.179637, 0.0, 2.55334, 0.0, 0.0, 0.0, -1.96333, 1.08817, 0.0, 0.0, 0.0, 0.0, 0.0, 0.0, 0.0, 0.0, 0.0, -0.833554, 0.0, 1.02746, 0.0, 0.0, 0.724693, 0.0, 0.0, 0.0, 0.0, 0.0, 0.0, -2.40989, 0.0, 0.0, 0.0, 0.0, 0.0, 0.040918, 0.0, 0.0, -1.61588, -1.83209, 0.0, 0.0, 0.0, 0.0, -1.42334, 0.0, 0.378049, -0.260256, 0.0, -0.306211, 0.0, 1.0073, 0.0, 0.0, 0.0, 0.0, 0.0, -1.49565, 3.27551, 0.0, -1.97833, 0.809393, 0.0, 0.0, 0.0, 0.0, 0.0, 0.0, 0.0, 0.0, 0.0, 0.0, 0.0, 0.0, 0.0, 2.1014, 0.0, 0.0, 0.0, -1.65408]
0.628214433885188, 70.54802310718642, 26, [0.0, 4.21884, -2.49355, 0.0, -0.674712, 0.0, 1.45292, 0.0, 0.0, 0.0, 0.0, 0.0, 0.0, 0.0, 0.0, 0.0, 0.0, 0.0, 0.0, 0.0, 0.573736, 0.0, 0.0, 0.0, 0.0, 0.0, 0.0, 0.0, 0.274391, 0.0, 2.42621, 0.0, 0.0, 0.0, -1.83804, 1.01424, 0.0, 0.0, 0.0, 0.0, 0.0, 0.0, 0.0, 0.0, 0.0, -0.80238, 0.0, 1.02038, 0.0, 0.0, 0.653447, 0.0, 0.0, 0.0, 0.0, 0.0, 0.0, -2.37149, 0.0, 0.0, 0.0, 0.0, 0.0, 0.0, 0.0, 0.0, -1.50517, -1.78239, 0.0, 0.0, 0.0, 0.0, -1.5014, 0.0, 0.365772, -0.257836, 0.0, -0.191187, 0.0, 0.961457, 0.0, 0.0, 0.0, 0.0, 0.0, -1.55301, 3.1215, 0.0, -1.96288, 0.80425, 0.0, 0.0, 0.0, 0.0, 0.0, 0.0, 0.0, 0.0, 0.0, 0.0, 0.0, 0.0, 0.0, 2.05919, 0.0, 0.0, 0.0, -1.59684]
0.6194594254168777, 75.64633275546291, 27, [0.0, 3.90065, -2.04796, 0.0, -0.57023, 0.0, 1.31602, 0.0, 0.0, 0.0, 0.0, 0.0, 0.0, 0.0, 0.0, 0.0, 0.0, 0.0, 0.0, 0.0, 0.568587, 0.0, 0.0, 0.0, 0.0, 0.0, 0.0, 0.0, 0.38676, 0.0, 2.28874, 0.0, 0.0, 0.0, -1.72823, 0.938862, 0.0, 0.0, 0.0, 0.0, 0.0, 0.0, 0.0, 0.0, 0.0, -0.783987, 0.0, 1.00245, 0.0, 0.0, 0.561431, 0.0, 0.0, 0.0, 0.0, 0.0, 0.0, -2.34171, 0.0, 0.0, 0.0, 0.0, 0.0, 0.0, 0.0, 0.0, -0.442263, -1.54209, 0.0, 0.0, 0.0, 0.0, -1.62932, 0.0, 0.336801, -0.263329, 0.0, -0.0249738, -0.984346, 0.907595, 0.0, 0.0, 0.0, 0.0, 0.0, -1.68133, 2.99007, 0.0, -1.8963, 0.745939, 0.0, 0.0, 0.0, 0.0, 0.0, 0.0, 0.0, 0.0, 0.0, 0.0, 0.0, 0.0, 0.0, 2.04573, 0.0, 0.0, 0.0, -1.52804]
0.6106660289871355, 81.11308307896873, 26, [0.0, 3.57109, -1.62651, 0.0, -0.433186, 0.0, 1.16167, 0.0, 0.0, 0.0, 0.0, 0.0, 0.0, 0.0, 0.0, 0.0, 0.0, 0.0, 0.0, 0.0, 0.553826, 0.0, 0.0, 0.0, 0.0, 0.0, 0.0, 0.0, 0.502527, 0.0, 2.16476, 0.0, 0.0, 0.0, -1.6049, 0.857988, 0.0, 0.0, 0.0, 0.0, 0.0, 0.0, 0.0, 0.0, 0.0, -0.739184, 0.0, 0.974831, 0.0, 0.0, 0.510654, 0.0, 0.0, 0.0, 0.0, 0.0, 0.0, -2.30348, 0.0, 0.0, 0.0, 0.0, 0.0, 0.0, 0.0, 0.0, 0.0, -1.34465, 0.0, 0.0, 0.0, 0.0, -1.74825, 0.0, 0.321415, -0.273815, 0.0, 0.0, -1.36783, 0.832459, 0.0, 0.0, 0.0, 0.0, 0.0, -1.78516, 2.84809, 0.0, -1.8588, 0.704156, 0.0, 0.0, 0.0, 0.0, 0.0, 0.0, 0.0, 0.0, 0.0, 0.0, 0.0, 0.0, 0.0, 1.99184, 0.0, 0.0, -0.265283, -1.2085]
0.6007334158921337, 86.97490026177834, 26, [0.0, 3.2374, -1.18786, 0.0, -0.282299, 0.0, 0.988516, 0.0, 0.0, 0.0, 0.0, 0.0, 0.0, 0.0, 0.0, 0.0, 0.0, 0.0, 0.0, 0.0, 0.537122, 0.0, 0.0, 0.0, 0.0, 0.0, 0.0, 0.0, 0.618215, 0.0, 2.03628, 0.0, 0.0, 0.0, -1.46245, 0.769604, 0.0, 0.0, 0.0, 0.0, 0.0, 0.0, 0.0, 0.0, 0.0, -0.683079, 0.0, 0.937668, 0.0, 0.0, 0.471129, 0.0, 0.0, 0.0, 0.0, 0.0, 0.0, -2.25932, 0.0, 8.23264e-6, 0.0, 0.0, 0.0, 0.0, 0.0, 0.0, 0.0, -1.21409, 0.0, 0.0, 0.0, 0.0, -1.84768, 0.0, 0.313085, -0.294266, 0.0, 0.0, -1.30011, 0.672806, 0.0, 0.0, 0.0, 0.0, 0.0, -1.91829, 2.68024, 0.0, -1.81124, 0.682658, 0.0, 0.0, 0.0, 0.0, 0.0, 0.0, 0.0, 0.0, 0.0, 0.0, 0.0, 0.0, 0.0, 1.9057, 0.0, 0.0, -1.44504, 0.0]
0.5898849046905776, 93.26033468832199, 27, [0.0, 2.86799, -0.698071, 0.0, -0.137307, 0.0, 0.795053, 0.0, 0.0, 0.0, 0.0, 0.0, 0.0, 0.0, 0.0, 0.0, 0.0, 0.0, 0.0, 0.0, 0.498832, 0.0, 0.0, 0.0, 0.0, 0.0, 0.0, 0.0, 0.742144, 0.0, 1.89965, 0.0, 0.0, 0.0, -1.31217, 0.677045, 0.0, 0.0, 0.0, 0.0, 0.0, 0.0, 0.0, 0.0, 0.0, -0.625447, 0.0, 0.89734, 0.0, 0.0, 0.423525, 0.0, 0.0, 0.0, 0.0, 0.0, 0.0, -2.20946, 0.0, 0.0155667, 0.0, 0.0, 0.0, 0.0, 0.0, 0.0, 0.0, -1.10036, 0.0, 0.0, 0.0, 0.0, -1.96378, 0.0, 0.299438, -0.295979, 0.0, 0.0, -1.23463, 0.607101, 0.0, 0.0, 0.0, 0.0, 0.0, -2.03448, 2.51276, 0.0, -1.76711, 0.648736, 0.0, 0.0, 0.0, 0.0, 0.0, 0.0, 0.0, 0.0, 0.0, 0.0, 0.0, 0.0247016, 0.0, 1.83426, 0.0, 0.0, -1.398, 0.0]
0.5760292945451982, 100.0, 27, [0.0, 2.41645, -0.0422259, 0.0, 0.0, 0.0, 0.531156, 0.0, 0.0, 0.0, 0.0, 0.0, 0.0, 0.0, 0.0, 0.0, 0.0, 0.0, 0.0, 0.0, 0.405759, 0.0, 0.0, 0.0, 0.0, 0.0, 0.0, 0.0, 0.887419, 0.0, 1.74765, 0.0, 0.0, 0.0, -1.09894, 0.581862, 0.0, 0.0, 0.0, 0.0, 0.0, 0.0, 0.0, 0.0, 0.0, -0.55928, 0.0, 0.816295, 0.0, 0.0, 0.37336, 0.0, 0.0, -0.0633764, 0.0, 0.0, 0.0, -2.17299, 0.0, 0.013425, 0.0, 0.0, 0.0, 0.0, 0.0, 0.0, 0.0, -0.961368, 0.0, 0.0, 0.0, 0.0, -2.08892, 0.0, 0.266064, -0.290621, 0.0, 0.0, -1.1841, 0.564392, 0.0, 0.0, 0.0, 0.0, 0.0, -2.1771, 2.38679, 0.0, -1.74697, 0.580113, 0.0, 0.0, 0.0, 0.0, 0.0, 0.0, 0.0, 0.0, 0.0, 0.0, 0.0, 0.130956, 0.0, 1.71904, 0.0, 0.0, -1.29284, 0.0]
0.5684523471560234, 107.22672220103232, 25, [0.0, 2.31903, 0.0, 0.0, 0.0, 0.0, 0.524421, 0.0, 0.0, 0.0, 0.0, 0.0, 0.0, 0.0, 0.0, 0.0, 0.0, 0.0, 0.0, 0.0, 0.418024, 0.0, 0.0, 0.0, 0.0, 0.0, 0.0, 0.0, 0.937407, 0.0, 1.65821, 0.0, 0.0, 0.0, -0.995988, 0.555225, 0.0, 0.0, 0.0, 0.0, 0.0, 0.0, 0.0, 0.0, 0.0, -0.506472, 0.0, 0.795377, 0.0, 0.0, 0.322702, 0.0, 0.0, -0.0862801, 0.0, 0.0, 0.0, -2.13954, 0.0, 0.0, 0.0, 0.0, 0.0, 0.0, 0.0, 0.0, 0.0, -0.826369, 0.0, 0.0, 0.0, 0.0, -2.09992, 0.0, 0.242537, -0.28503, 0.0, 0.0, -1.1007, 0.518467, 0.0, 0.0, 0.0, 0.0, 0.0, -2.12659, 2.26929, 0.0, -1.70722, 0.524414, 0.0, 0.0, 0.0, 0.0, 0.0, 0.0, 0.0, 0.0, 0.0, 0.0, 0.0, 0.112585, 0.0, 1.63408, 0.0, 0.0, -1.1546, 0.0]
0.5602709208744268, 114.97569953977356, 25, [0.0, 2.23729, 0.0, 0.0, 0.0, 0.0, 0.535705, 0.0, 0.0, 0.0, 0.0, 0.0, 0.0, 0.0, 0.0, 0.0, 0.0, 0.0, 0.0, 0.0, 0.438669, 0.0, 0.0, 0.0, 0.0, 0.0, 0.0, 0.0, 0.984947, 0.0, 1.56678, 0.0, 0.0, 0.0, -0.894794, 0.530722, 0.0, 0.0, 0.0, 0.0, 0.0, 0.0, 0.0, 0.0, 0.0, -0.450787, 0.0, 0.777903, 0.0, 0.0, 0.269092, 0.0, 0.0, -0.105198, 0.0, 0.0, 0.0, -2.10247, 0.0, 0.0, 0.0, 0.0, 0.0, 0.0, 0.0, 0.0, 0.0, -0.682764, 0.0, 0.0, 0.0, 0.0, -2.10589, 0.0, 0.218748, -0.277868, 0.0, 0.0, -1.00886, 0.46706, 0.0, 0.0, 0.0, 0.0, 0.0, -2.06573, 2.12764, 0.0, -1.66256, 0.467499, 0.0, 0.0, 0.0, 0.0, 0.0, 0.0, 0.0, 0.0, 0.0, 0.0, 0.0, 0.0847867, 0.0, 1.54603, 0.0, 0.0, -1.00554, 0.0]
0.5497320157490878, 123.28467394420659, 26, [0.0, 2.14861, 0.0, 0.0, 0.0, 0.0, 0.549205, 0.0, 0.0, 0.0, 0.0, 0.0, 0.0, 0.0, 0.0, 0.0, 0.0, 0.0, 0.0, 0.0, 0.464478, 0.0, 0.0, 0.0, 0.0, 0.0, 0.0, 0.0, 1.0184, 0.0, 1.46091, 0.0, 0.0, 0.0, -0.76494, 0.499083, 0.0, 0.0, 0.0, 0.0, -0.0980509, 0.0, 0.0, 0.0, 0.0, -0.391688, 0.0, 0.750887, 0.0, 0.0, 0.221692, 0.0, 0.0, -0.119899, 0.0, 0.0, 0.0, -2.0702, 0.0, 0.0, 0.0, 0.0, 0.0, 0.0, 0.0, 0.0, 0.0, -0.374067, 0.0, 0.0, 0.0, 0.0, -2.04272, 0.0, 0.191501, -0.276915, 0.0, 0.0, -0.914408, 0.389146, 0.0, 0.0, 0.0, 0.0, 0.0, -1.96778, 1.97857, 0.0, -1.62445, 0.419166, 0.0, 0.0, 0.0, 0.0, 0.0, 0.0, 0.0, 0.0, 0.0, 0.0, 0.0, 0.0605687, 0.0, 1.44606, 0.0, 0.0, -0.877057, 0.0]
0.5369127613832825, 132.19411484660287, 27, [0.0, 2.02272, 0.0, 0.0, 0.0, 0.138225, 0.53455, 0.0, 0.0, 0.0, 0.0, 0.0, 0.0, 0.0, 0.0, 0.0, 0.0, 0.0, 0.0, 0.0, 0.482264, 0.0, 0.0, 0.0, 0.0, 0.0, 0.0, 0.0, 1.07611, 0.0, 1.33441, 0.0, 0.0, 0.0, -0.600104, 0.45489, 0.0, 0.0, 0.0, 0.0, -0.199767, 0.0, 0.0, 0.0, 0.0, -0.326578, 0.0, 0.704489, 0.0, 0.0, 0.171042, 0.0, 0.0, -0.153196, 0.0, 0.0, 0.0, -2.03325, 0.0, 0.0, 0.0, 0.0, 0.0, 0.0, 0.0, 0.0, 0.0, -0.0291824, 0.0, 0.0, 0.0, 0.0, -1.98692, 0.0, 0.166768, -0.277735, 0.0, 0.0, -0.809449, 0.311075, 0.0, 0.0, 0.0, 0.0, 0.0, -1.84485, 1.7288, 0.0, -1.57817, 0.369503, 0.0, 0.0, 0.0, 0.0, 0.0, 0.0, 0.0, 0.0, 0.0, 0.0, 0.0, 0.04538, 0.0, 1.31166, 0.0, 0.0, -0.733261, 0.0]
0.5247961855939969, 141.74741629268047, 26, [0.0, 1.87621, 0.0, 0.0, 0.0, 0.418888, 0.473427, 0.0, 0.0, 0.0, 0.0, 0.0, 0.0, 0.0, 0.0, 0.0, 0.0, 0.0, 0.0, 0.0, 0.457144, 0.0, 0.0, 0.0, 0.0, 0.0, 0.0, 0.0, 1.18182, 0.0, 1.20943, 0.0, 0.0, 0.0, -0.432323, 0.40201, 0.0, 0.0, 0.0, 0.0, -0.159867, 0.0, 0.0, 0.0, 0.0, -0.284519, 0.0, 0.654081, 0.0, 0.0, 0.121374, 0.0, 0.0, -0.20156, 0.0, 0.0, 0.0, -1.97682, 0.0, 0.0, 0.0, 0.0, 0.0, 0.0, 0.0, 0.0, 0.0, 0.0, 0.0, 0.0, 0.0, 0.0, -2.02482, 0.0, 0.145091, -0.265252, 0.0, 0.0, -0.721331, 0.276156, 0.0, 0.0, 0.0, 0.0, 0.0, -1.7634, 1.34227, 0.0, -1.4976, 0.285558, 0.0, 0.0, 0.0, 0.0, 0.0, 0.0, 0.0, 0.0, 0.0, 0.0, 0.0, 0.0606487, 0.0, 1.18494, 0.0, 0.0, -0.511095, 0.0]
0.5109898065681349, 151.99110829529332, 27, [0.0, 1.71555, 0.0, 0.0, 0.0, 0.701923, 0.395063, 0.0, 0.0311943, 0.0, 0.0, 0.0, 0.0, 0.0, 0.0, 0.0, 0.0, 0.0, 0.0, 0.0, 0.428275, 0.0, 0.0, 0.0, 0.0, 0.0, 0.0, 0.0, 1.29966, 0.0, 1.07564, 0.0, 0.0, 0.0, -0.253409, 0.343466, 0.0, 0.0, 0.0, 0.0, -0.106228, 0.0, 0.0, 0.0, 0.0, -0.242993, 0.0, 0.603835, 0.0, 0.0, 0.0711629, 0.0, 0.0, -0.25218, 0.0, 0.0, 0.0, -1.91089, 0.0, 0.0, 0.0, 0.0, 0.0, 0.0, 0.0, 0.0, 0.0, 0.0, 0.0, 0.0, 0.0, 0.0, -2.07082, 0.0, 0.120346, -0.25187, 0.0, 0.0, -0.634301, 0.244233, 0.0, 0.0, 0.0, 0.0, 0.0, -1.6801, 0.935599, 0.0, -1.40685, 0.163838, 0.0, 0.0, 0.0, 0.0, 0.0, 0.0, 0.0, 0.0, 0.0, 0.0, 0.0, 0.0783667, 0.0, 1.05823, 0.0, 0.0, -0.262619, 0.0]
0.4949701537443335, 162.97508346206433, 26, [0.0, 1.53608, 0.0, 0.0, 0.0, 0.962212, 0.290348, 0.0, 0.122898, 0.0, 0.0, 0.0, 0.0, 0.0, 0.0, 0.0, 0.0, 0.0, 0.0, 0.0, 0.400145, 0.0, 0.0, 0.0, 0.0, 0.0, 0.0, 0.0, 1.43152, 0.0, 0.926947, 0.0, 0.0, 0.0, -0.059309, 0.272088, 0.0, 0.0, 0.0, 0.0, -0.0521925, 0.0, 0.0, 0.0, 0.0, -0.200933, 0.0, 0.557108, 0.0, 0.0, 0.0234397, 0.0, 0.0, -0.300368, 0.0, 0.0, 0.0, -1.83228, 0.0, 0.0, 0.0, 0.0, 0.0, 0.0, 0.0, 0.0, 0.0, 0.0, 0.0, 0.0, 0.0, 0.0, -2.11731, 0.0, 0.0917031, -0.241821, 0.0, 0.0, -0.546351, 0.210232, 0.0, 0.0, 0.0, 0.0, 0.0, -1.58513, 0.518113, 0.0, -1.30794, 0.0, 0.0, 0.0, 0.0, 0.0, 0.0, 0.0, 0.0, 0.0, 0.0, 0.0, 0.0, 0.0945597, 0.0, 0.93549, 0.0, 0.0, -0.0012662, 0.0]
0.481426233627568, 174.7528400007683, 23, [0.0, 1.379, 0.0, 0.0, 0.0, 1.18173, 0.206625, 0.0, 0.150346, 0.0, 0.0, 0.0, 0.0, 0.0, 0.0, 0.0, 0.0, 0.0, 0.0, 0.0, 0.362, 0.0, 0.0, 0.0, 0.0, 0.0, 0.0, 0.0, 1.54165, 0.0, 0.815873, 0.0, 0.0, 0.0, 0.0, 0.227237, 0.0, 0.0, 0.0, 0.0, -0.0150173, 0.0, 0.0, 0.0, 0.0, -0.172947, 0.0, 0.534021, 0.0, 0.0, 0.0, 0.0, 0.0, -0.285399, 0.0, 0.0, 0.0, -1.74633, 0.0, 0.0, 0.0, 0.0, 0.0, 0.0, 0.0, 0.0, 0.0, 0.0, 0.0, 0.0, 0.0, 0.0, -2.16759, 0.0, 0.0621293, -0.237587, 0.0, 0.0, -0.434152, 0.121915, 0.0, 0.0, 0.0, 0.0, 0.0, -1.39692, 0.107066, 0.0, -1.15039, 0.0, 0.0, 0.0, 0.0, 0.0, 0.0, 0.0, 0.0, 0.0, 0.0, 0.0, 0.0, 0.102539, 0.0, 0.860641, 0.0, 0.0, 0.0, 0.0]
0.47028487910706906, 187.3817422860385, 22, [0.0, 1.25101, 0.0, 0.0, 0.0, 1.1151, 0.189535, 0.0, 0.178736, 0.0, 0.0, 0.0, 0.0, 0.0, 0.0, 0.0, 0.0, 0.0, 0.0, 0.0, 0.327059, 0.0, 0.0, 0.0, 0.0, 0.0, 0.0, 0.0, 1.61501, 0.0, 0.72972, 0.0, 0.0, 0.0, 0.0, 0.190024, 0.0, 0.0, 0.0, 0.0, -0.00590197, 0.0, 0.0, 0.0, 0.0, -0.155815, 0.0, 0.541946, 0.0, 0.0, 0.0, 0.0, 0.0, -0.246886, 0.0, 0.0, 0.0, -1.67584, 0.0, 0.0, 0.0, 0.0, 0.0, 0.0, 0.0, 0.0, 0.0, 0.0, 0.0, 0.0, 0.0, 0.0, -2.16024, 0.0, 0.00812271, -0.223183, 0.0, 0.0, -0.33711, 0.0412768, 0.0, 0.0, 0.0, 0.0, 0.0, -1.2693, 0.0, 0.0, -1.0097, 0.0, 0.0, 0.0, 0.0, 0.0, 0.0, 0.0, 0.0, 0.0, 0.0, 0.0, 0.0, 0.0938241, 0.0, 0.85081, 0.0, 0.0, 0.0, 0.0]
0.4586322680203334, 200.9233002565048, 21, [0.0, 1.1237, 0.0, 0.0, 0.0, 0.949325, 0.18392, 0.0, 0.218863, 0.0, 0.0, 0.0, 0.0, 0.0, 0.0, 0.0, 0.0, 0.0, 0.0, 0.0, 0.361096, 0.0, 0.0, 0.0, 0.0, 0.0, 0.0, 0.0, 1.67289, 0.0, 0.635888, 0.0, 0.0, 0.0, 0.0, 0.152018, 0.0, 0.0, 0.0, 0.0, -0.0243215, 0.0, 0.0, 0.0, 0.0, -0.137239, 0.0, 0.544351, 0.0, 0.0, 0.0, 0.0, 0.0, -0.209975, 0.0, 0.0, 0.0, -1.60284, 0.0, 0.0, 0.0, -0.0169606, 0.0, 0.0, 0.0, 0.0, -0.229839, 0.0, 0.0, 0.0, 0.0, 0.0, -2.10789, 0.0, 0.0, -0.20038, 0.0, 0.0, 0.0, 0.0, 0.0, 0.0, 0.0, 0.0, 0.0, -1.12182, 0.0, 0.0, -0.867967, 0.0, 0.0, 0.0, 0.0, 0.0, 0.0, 0.0, 0.0, 0.0, 0.0, 0.0, 0.0, 0.00312335, 0.0, 0.836327, 0.0, 0.0, 0.0, 0.0]
0.44592608555308, 215.44346900318845, 21, [0.0, 0.989533, 0.0, 0.0, 0.0, 0.789193, 0.137383, 0.0, 0.257779, 0.0, 0.0, 0.0, 0.0, 0.0, 0.0, 0.0, 0.0, 0.0, 0.0, 0.0, 0.368482, 0.0, 0.0, 0.0, 0.0, 0.0, 0.0, 0.0, 1.64406, 0.0, 0.534766, 0.0, 0.0, 0.151131, 0.0, 0.0374787, 0.0, 0.0, 0.0, 0.0, -0.012885, 0.0, 0.0, 0.0, 0.0, -0.127826, 0.0, 0.492461, 0.0, 0.0, 0.0, 0.0, 0.0, -0.151558, 0.0, 0.0, 0.0, -1.5184, 0.0, 0.0, 0.0, -0.183981, 0.0, 0.0, 0.0, 0.0, -0.173188, 0.0, 0.0, 0.0, 0.0, 0.0, -2.08346, 0.0, 0.0, -0.174009, 0.0, 0.0, 0.0, 0.0, 0.0, 0.0, 0.0, 0.0, 0.0, -0.899105, 0.0, 0.0, -0.621594, 0.0, 0.0, 0.0, 0.0, 0.0, 0.0, 0.0, 0.0, 0.0, 0.0, 0.0, 0.0, 0.0, 0.0, 0.82137, 0.0, 0.0, 0.0, 0.0]
0.43225357733584413, 231.01297000831605, 20, [0.0, 0.875581, 0.0, 0.0, 0.0, 0.621576, 0.0948887, 0.0, 0.277619, 0.0, 0.0, 0.0, 0.0, 0.0, 0.0, 0.0, 0.0, 0.0, 0.0, 0.0, 0.369622, 0.0, 0.0, 0.0, 0.0, 0.0, 0.0, 0.0, 1.63544, 0.0, 0.437725, 0.0, 0.0, 0.229159, 0.0, 0.0, 0.0, 0.0, 0.0, 0.0, -0.00514222, 0.0, 0.0, 0.0, 0.0, -0.120348, 0.0, 0.432824, 0.0, 0.0, 0.0, 0.0, 0.0, -0.121757, 0.0, 0.0, 0.0, -1.43319, 0.0, 0.0, 0.0, -0.339661, 0.0, 0.0, 0.0, 0.0, -0.109632, 0.0, 0.0, 0.0, 0.0, 0.0, -2.04937, 0.0, 0.0, -0.132491, 0.0, 0.0, 0.0, 0.0, 0.0, 0.0, 0.0, 0.0, 0.0, -0.67501, 0.0, 0.0, -0.378321, 0.0, 0.0, 0.0, 0.0, 0.0, 0.0, 0.0, 0.0, 0.0, 0.0, 0.0, 0.0, 0.0, 0.0, 0.793815, 0.0, 0.0, 0.0, 0.0]
0.41700662655999465, 247.70763559917114, 19, [0.0, 0.763379, 0.0, 0.0, 0.0, 0.441423, 0.056492, 0.0, 0.290776, 0.0, 0.0, 0.0, 0.0, 0.0, 0.0, 0.0, 0.0, 0.0, 0.0, 0.0, 0.367151, 0.0, 0.0, 0.0, 0.0, 0.0, 0.0, 0.0, 1.65369, 0.0, 0.336898, 0.0, 0.0, 0.25681, 0.0, 0.0, 0.0, 0.0, 0.0, 0.0, 0.0, 0.0, 0.0, 0.0, 0.0, -0.114191, 0.0, 0.369818, 0.0, 0.0, 0.0, 0.0, 0.0, -0.105114, 0.0, 0.0, 0.0, -1.3442, 0.0, 0.0, 0.0, -0.495738, 0.0, 0.0, 0.0, 0.0, -0.0391247, 0.0, 0.0, 0.0, 0.0, 0.0, -2.00903, 0.0, 0.0, -0.0819937, 0.0, 0.0, 0.0, 0.0, 0.0, 0.0, 0.0, 0.0, 0.0, -0.443932, 0.0, 0.0, -0.124703, 0.0, 0.0, 0.0, 0.0, 0.0, 0.0, 0.0, 0.0, 0.0, 0.0, 0.0, 0.0, 0.0, 0.0, 0.761672, 0.0, 0.0, 0.0, 0.0]
0.40071608935542435, 265.6087782946687, 18, [0.0, 0.661613, 0.0, 0.0, 0.0, 0.26892, 0.0244935, 0.0, 0.295006, 0.0, 0.0, 0.0, 0.0, 0.0, 0.0, 0.0, 0.0, 0.0, 0.0, 0.0, 0.368311, 0.0, 0.0, 0.0, 0.0, 0.0, 0.0, 0.0, 1.64776, 0.0, 0.235131, 0.0, 0.0, 0.302451, 0.0, 0.0, 0.0, 0.0, 0.0, 0.0, -0.00486705, 0.0, 0.0, 0.0, 0.0, -0.114775, 0.0, 0.287798, 0.0, 0.0, 0.0, 0.0, 0.0, -0.0852832, 0.0, 0.0, 0.0, -1.23875, 0.0, 0.0, 0.0, -0.523561, 0.0, 0.0, 0.0, 0.0, 0.0, 0.0, 0.0, 0.0, 0.0, 0.0, -1.94938, 0.0, 0.0, -0.0261711, 0.0, 0.0, 0.0, 0.0, 0.0, 0.0, 0.0, 0.0, 0.0, -0.217182, 0.0, 0.0, 0.0, 0.0, 0.0, 0.0, 0.0, 0.0, 0.0, 0.0, 0.0, 0.0, 0.0, 0.0, 0.0, 0.0, 0.0, 0.730158, 0.0, 0.0, 0.0, 0.0]
0.3839507280157538, 284.8035868435802, 16, [0.0, 0.576107, 0.0, 0.0, 0.0, 0.0974862, 0.0, 0.0, 0.28959, 0.0, 0.0, 0.0, 0.0, 0.0, 0.0, 0.0, 0.0, 0.0, 0.0, 0.0, 0.377421, 0.0, 0.0, 0.0, 0.0, 0.0, 0.0, 0.0, 1.61744, 0.0, 0.132281, 0.0, 0.0, 0.362165, 0.0, 0.0, 0.0, 0.0, 0.0, 0.0, -0.0247012, 0.0, 0.0, 0.0, 0.0, -0.124862, 0.0, 0.18746, 0.0, 0.0, 0.0, 0.0, 0.0, -0.0590863, 0.0, 0.0, 0.0, -1.10579, -0.0295192, 0.0, 0.0, -0.407957, 0.0, 0.0, 0.0, 0.0, 0.0, 0.0, 0.0, 0.0, 0.0, 0.0, -1.86116, 0.0, 0.0, 0.0, 0.0, 0.0, 0.0, 0.0, 0.0, 0.0, 0.0, 0.0, 0.0, 0.0, 0.0, 0.0, 0.0, 0.0, 0.0, 0.0, 0.0, 0.0, 0.0, 0.0, 0.0, 0.0, 0.0, 0.0, 0.0, 0.0, 0.0, 0.697432, 0.0, 0.0, 0.0, 0.0]
0.3672930025553133, 305.3855508833416, 14, [0.0, 0.493346, 0.0, 0.0, 0.0, 0.0, 0.0, 0.0, 0.266719, 0.0, 0.0, 0.0, 0.0, 0.0, 0.0, 0.0, 0.0, 0.0, 0.0, 0.0, 0.372978, 0.0, 0.0, 0.0, 0.0, 0.0, 0.0, 0.0, 1.60817, 0.0, 0.0209074, 0.0, 0.0, 0.404153, 0.0, 0.0, 0.0, 0.0, 0.0, 0.0, -0.0342035, 0.0, 0.0, 0.0, 0.0, -0.130586, 0.0, 0.0783156, 0.0, 0.0, 0.0, 0.0, 0.0, -0.0317909, 0.0, 0.0, 0.0, -0.9272, 0.0, 0.0, 0.0, -0.204471, 0.0, 0.0, 0.0, 0.0, 0.0, 0.0, 0.0, 0.0, 0.0, 0.0, -1.77121, 0.0, 0.0, 0.0, 0.0, 0.0, 0.0, 0.0, 0.0, 0.0, 0.0, 0.0, 0.0, 0.0, 0.0, 0.0, 0.0, 0.0, 0.0, 0.0, 0.0, 0.0, 0.0, 0.0, 0.0, 0.0, 0.0, 0.0, 0.0, 0.0, 0.0, 0.651207, 0.0, 0.0, 0.0, 0.0]
