k,Rsquared,gamma,NoDur,Durbl,Manuf,Enrgy,HiTec,Telcm,Shops,Hlth,Utils,Other,Index,D12,E12,b.m,tbl,AAA,BAA,lty,ntis,Rfree,infl,ltr,corpr,svar,csp,CRSP_SPvw,CRSP_SPvwx,NoDur^2,Durbl^2,Manuf^2,Enrgy^2,HiTec^2,Telcm^2,Shops^2,Hlth^2,Utils^2,Other^2,Index^2,D12^2,E12^2,b.m^2,tbl^2,AAA^2,BAA^2,lty^2,ntis^2,Rfree^2,infl^2,ltr^2,corpr^2,svar^2,csp^2,CRSP_SPvw^2,CRSP_SPvwx^2,ln(NoDur),ln(Durbl),ln(Manuf),ln(Enrgy),ln(HiTec),ln(Telcm),ln(Shops),ln(Hlth),ln(Utils),ln(Other),ln(Index),ln(D12),ln(E12),ln(b.m),ln(tbl),ln(AAA),ln(BAA),ln(lty),ln(ntis),ln(Rfree),ln(infl),ln(ltr),ln(corpr),ln(svar),ln(csp),ln(CRSP_SPvw),ln(CRSP_SPvwx),sqrt(NoDur),sqrt(Durbl),sqrt(Manuf),sqrt(Enrgy),sqrt(HiTec),sqrt(Telcm),sqrt(Shops),sqrt(Hlth),sqrt(Utils),sqrt(Other),sqrt(Index),sqrt(D12),sqrt(E12),sqrt(b.m),sqrt(tbl),sqrt(AAA),sqrt(BAA),sqrt(lty),sqrt(ntis),sqrt(Rfree),sqrt(infl),sqrt(ltr),sqrt(corpr),sqrt(svar),sqrt(csp),sqrt(CRSP_SPvw),sqrt(CRSP_SPvwx),
0,0,0,0,0,0,0,0,0,0,0,0,0,0,0,0,0,0,0,0,0,0,0,0,0,0,0,0,0,0,0,0,0,0,0,0,0,0,0,0,0,0,0,0,0,0,0,0,0,0,0,0,0,0,0,0,0,0,0,0,0,0,0,0,0,0,0,0,0,0,0,0,0,0,0,0,0,0,0,0,0,0,0,0,0,0,0,0,0,0,0,0,0,0,0,0,0,0,0,0,0,0,0,0,0,0,0,0,0,0,0
1,0,0,0,0,0,0,0,0,0,0,0,0,0,0,0,0,0,0,0,0,0,0,0,0,0,0,0,0,0,0,0,0,0,0,0,0,0,0,0,0,0,0,0,0,0,0,0,0,0,0,0,0,0,0,0,0,0,0,0,0,0,0,0,0,0,0,0,0,0,0,0,0,0,0,0,0,0,0,0,0,0,0,0,0,0,0,0,0,0,0,0,0,0,0,0,0,0,0,0,0,0,0,0,0,0,0,0,0,0,0
2,0,0,0,0,0,0,0,0,0,0,0,0,0,0,0,0,0,0,0,0,0,0,0,0,0,0,0,0,0,0,0,0,0,0,0,0,0,0,0,0,0,0,0,0,0,0,0,0,0,0,0,0,0,0,0,0,0,0,0,0,0,0,0,0,0,0,0,0,0,0,0,0,0,0,0,0,0,0,0,0,0,0,0,0,0,0,0,0,0,0,0,0,0,0,0,0,0,0,0,0,0,0,0,0,0,0,0,0,0,0
3,0.21647727258456895,1e3,0,0,0,0,0,0,0,0,0,0,0,0,0,0,0,0,0,0,0,0,0,0,0,0,0,0,0,0,0.8031005280506894,0,0,0,0,0.7636893058845469,0,0,0,0,0,0,0,0,0,0,0,-0.056419109045654316,0,0,0,0,0,0,0,0,0,0,0,0,0,0,0,0,0,0,0,0,0,0,0,0,0,0,0,0,0,0,0,0,0,0,0,0,0,0,0,0,0,0,0,0,0,0,0,0,0,0,0,0,0,0,0,0,0,0,0,0,0,0
4,0.2265672181031667,869.7490026177834,0,0.0972939323116208,0,0,0,0,0,0,0,0,0,0,0,0,0,0,0,0,0,0,0,0,0,0,0,0,0,0,0.8192049994593703,0,0,0,0,0.7779417544872046,0,0,0,0,0,0,0,0,0,0,0,-0.11179274980764489,0,0,0,0,0,0,0,0,0,0,0,0,0,0,0,0,0,0,0,0,0,0,0,0,0,0,0,0,0,0,0,0,0,0,0,0,0,0,0,0,0,0,0,0,0,0,0,0,0,0,0,0,0,0,0,0,0,0,0,0,0,0
5,0.24834121780307505,705.4802310718645,0,0.21749906024072413,0,0,0,0,0,0,0,0,0,0,0,0,0,0,0,0,0,0,0.25964387040443243,0,0,0,0,0,0,0,0.8424419687918463,0,0,0,0,0.815988060907861,0,0,0,0,0,0,0,0,0,0,0,-0.1391697574580524,0,0,0,0,0,0,0,0,0,0,0,0,0,0,0,0,0,0,0,0,0,0,0,0,0,0,0,0,0,0,0,0,0,0,0,0,0,0,0,0,0,0,0,0,0,0,0,0,0,0,0,0,0,0,0,0,0,0,0,0,0,0
6,0.2541639547670175,657.9332246575682,0,0.248689524603693,0,0,0,0,0,0,0,0,0,0,0,0,0,0,0,0,0,0,0.3327416967891476,0,0,0,0,0,0,0,0.8537089810557396,0,0,0,0,0.8256121278998987,0,0,0,0,0,0,-0.009440429247232767,0,0,0,0,-0.14918883097193764,0,0,0,0,0,0,0,0,0,0,0,0,0,0,0,0,0,0,0,0,0,0,0,0,0,0,0,0,0,0,0,0,0,0,0,0,0,0,0,0,0,0,0,0,0,0,0,0,0,0,0,0,0,0,0,0,0,0,0,0,0,0
7,0.27429991323353164,572.236765935022,0,0.26478225984661324,0,0,0,0,0,0,0,0,0,0,0,0,0,0,0,0,0,0,0.3651820899720611,0,0,0,0,0,0,0,0.95988174649085,0,0,0,0,0.810794495666538,0,0,0,0,0,0,-0.02955924028399878,0,0,0,0,-0.1425337232865969,0,0,0,0,0,0,0,0,0,0,0,0,0,0,0,0,0,0,0,0,0,0,0,0,0,0,-0.4030026804202098,0,0,0,0,0,0,0,0,0,0,0,0,0,0,0,0,0,0,0,0,0,0,0,0,0,0,0,0,0,0,0,0,0,0,0
8,0.30379336500924414,432.8761281083057,0,0.2110803671792099,0,0,0,0,0,0,0.08135167217050718,0,0,0,0,0,0,0,0,0,0,0,0.3907187067712226,0,0,0,0,0,0,0,1.1746154240681188,0,0,0,0,0.7561744062759685,0,0,0,0,0,0,-0.028709799412362725,0,0,0,0,-0.11980756710816394,0,0,0,0,0,0,0,0,0,0,0,0,0,0,0,0,0,0,0,0,0,0,0,0,0,0,-1.2063421328536879,0,0,0,0,0,0,0,0,0,0,0,0,0,0,0,0,0,0,0,0,0,0,0,0,0,0,0,0,0,0,0,0,0,0,0
9,0.31233976052866685,403.70172585965537,0,0.17881205993366991,0,0,0,0,0,0,0.11275283012600108,0,0,0,0,0,0,0,0,0,0,0,0.3908218256304489,0,0,0,0,0,0,0,1.242123473176167,0,0,0,0,0.7070280212542239,0,0,0,0,0,0,-0.03652180051764543,0,0,0,0,-0.12201788601789466,0,0,0,0,0,0,0,0,0,0,0,0,0,0,0,0,0,0,0,0,0,0,0,0,0,0,-1.3399830345652883,0,0,0,0,0,0,0,0,0,0,0,0,0,0,0,0,0,0,0,0,0,0,0,0,0,0,0,0,0,0,0.18500060685865616,0,0,0,0
10,0.32596464865084773,376.49358067924675,0,0.23447495408903268,0,0,0,0,0,0,0.1467301140685899,0,0,0,0,0,0,0,0,0,0,0,0.3858357081325694,0,0,0,0,0,0,0,1.3306805151383092,0,0,0,0,0.6338104489992062,0,0,0,0,0,0,-0.0404024518992833,0,0,0,0,-0.12610892112240144,0,0,0,0,0,0,0,0,0,0,0,-0.21495938976374065,0,0,0,0,0,0,0,0,0,0,0,0,0,0,-1.4580838820567992,0,0,0,0,0,0,0,0,0,0,0,0,0,0,0,0,0,0,0,0,0,0,0,0,0,0,0,0,0,0,0.33672294813250925,0,0,0,0
11,0.3394854522576083,351.1191734215131,0,0.3062777577918364,0,0,0,0,0,0,0.18336342081599583,0,0,0,0,0,0,0,0,0,0,0,0.38022178158061287,0,0,0,0,0,0,0,1.4344435277313137,0,0,0,0,0.5538312617348355,0,0,0,0,0,0,-0.037000159150286406,0,0,0,0,-0.12925016484986368,0,0,0,0,0,0,0,-0.013266679257875665,0,0,0,-0.4740192484667182,0,0,0,0,0,0,0,0,0,0,0,0,0,0,-1.5699030587607414,0,0,0,0,0,0,0,0,0,0,0,0,0,0,0,0,0,0,0,0,0,0,0,0,0,0,0,0,0,0,0.45481379716664216,0,0,0,0
12,0.35125541577958896,327.45491628777285,0,0.3726682682472792,0,0,0,0,0,0,0.2179499233093719,0,0,0,0,0,0,0,0,0,0,0,0.3750164997688384,0,0,0,0,0,0,0,1.5327754381655494,0,0,0,0,0.4786622279980152,0,0,0,0,0,0,-0.033230937849236766,0,0,0,0,-0.13207998817617148,0,0,0,0,0,0,0,-0.02704144046817804,0,0,0,-0.7152939033259009,0,0,0,-18145746870443377e-22,0,0,0,0,0,0,0,0,0,0,-1.674385000453955,0,0,0,0,0,0,0,0,0,0,0,0,0,0,0,0,0,0,0,0,0,0,0,0,0,0,0,0,0,0,0.5639985655535005,0,0,0,0
13,0,0,0,0,0,0,0,0,0,0,0,0,0,0,0,0,0,0,0,0,0,0,0,0,0,0,0,0,0,0,0,0,0,0,0,0,0,0,0,0,0,0,0,0,0,0,0,0,0,0,0,0,0,0,0,0,0,0,0,0,0,0,0,0,0,0,0,0,0,0,0,0,0,0,0,0,0,0,0,0,0,0,0,0,0,0,0,0,0,0,0,0,0,0,0,0,0,0,0,0,0,0,0,0,0,0,0,0,0,0
14,0.3669653742053597,305.3855508833416,0,0.48148560822009495,0,0,0,0,0,0,0.2677702521518844,0,0,0,0,0,0,0,0,0,0,0,0.3850261607420853,0,0,0,0,0,0,0,1.6032095523096703,0,0.018544754007897752,0,0,0.4135467314769107,0,0,0,0,0,0,-0.03120301969570018,0,0,0,0,-0.12815796185733816,0,0.07447054521329743,0,0,0,0,0,-0.03392464694922019,0,0,0,-0.8870271501187033,0,0,0,-0.22801768101713843,0,0,0,0,0,0,0,0,0,0,-1.7649321520245487,0,0,0,0,0,0,0,0,0,0,0,0,0,0,0,0,0,0,0,0,0,0,0,0,0,0,0,0,0,0,0.6473035809344388,0,0,0,0
15,0,0,0,0,0,0,0,0,0,0,0,0,0,0,0,0,0,0,0,0,0,0,0,0,0,0,0,0,0,0,0,0,0,0,0,0,0,0,0,0,0,0,0,0,0,0,0,0,0,0,0,0,0,0,0,0,0,0,0,0,0,0,0,0,0,0,0,0,0,0,0,0,0,0,0,0,0,0,0,0,0,0,0,0,0,0,0,0,0,0,0,0,0,0,0,0,0,0,0,0,0,0,0,0,0,0,0,0,0,0
16,0.3838485189154506,284.8035868435802,0,0.5779177992044868,0,0,0,0.08220413517407464,0,0,0.2940727263041429,0,0,0,0,0,0,0,0,0,0,0,0.3847469895858193,0,0,0,0,0,0,0,1.613454719627276,0,0.12955559634794148,0,0,0.3658404486030453,0,0,0,0,0,0,-0.02422105278336946,0,0,0,0,-0.12303066171738768,0,0.1871517404482165,0,0,0,0,0,-0.057314516830279244,0,0,0,-1.076085910768979,-0.04567882496772041,0,0,-0.4165338463409972,0,0,0,0,0,0,0,0,0,0,-1.8559897217330816,0,0,0,0,0,0,0,0,0,0,0,0,0,0,0,0,0,0,0,0,0,0,0,0,0,0,0,0,0,0,0.699316565185031,0,0,0,0
17,0,0,0,0,0,0,0,0,0,0,0,0,0,0,0,0,0,0,0,0,0,0,0,0,0,0,0,0,0,0,0,0,0,0,0,0,0,0,0,0,0,0,0,0,0,0,0,0,0,0,0,0,0,0,0,0,0,0,0,0,0,0,0,0,0,0,0,0,0,0,0,0,0,0,0,0,0,0,0,0,0,0,0,0,0,0,0,0,0,0,0,0,0,0,0,0,0,0,0,0,0,0,0,0,0,0,0,0,0,0
18,0.40078666017214015,265.6087782946687,0,0.6608998041296381,0,0,0,0.26465947211961915,0.026416565818603584,0,0.2962285010898166,0,0,0,0,0,0,0,0,0,0,0,0.3702564520469956,0,0,0,0,0,0,0,1.6465142187964636,0,0.2341060997526285,0,0,0.30353233168989224,0,0,0,0,0,0,-0.005020403748193794,0,0,0,0,-0.1141513814574434,0,0.28771345146704724,0,0,0,0,0,-0.08451493919346967,0,0,0,-1.2273897428971996,0,0,0,-0.5268587726306232,0,0,0,0,0,0,0,0,0,0,-1.9473243972683287,0,0,-0.02536133231890863,0,0,0,0,0,0,0,0,0,-0.22308308387716214,0,0,0,0,0,0,0,0,0,0,0,0,0,0,0,0,0,0.7311265207563791,0,0,0,0
19,0,0,0,0,0,0,0,0,0,0,0,0,0,0,0,0,0,0,0,0,0,0,0,0,0,0,0,0,0,0,0,0,0,0,0,0,0,0,0,0,0,0,0,0,0,0,0,0,0,0,0,0,0,0,0,0,0,0,0,0,0,0,0,0,0,0,0,0,0,0,0,0,0,0,0,0,0,0,0,0,0,0,0,0,0,0,0,0,0,0,0,0,0,0,0,0,0,0,0,0,0,0,0,0,0,0,0,0,0,0
20,0.4326059943526782,231.01297000831605,0,0.8745589739944384,0,0,0,0.6345594948681379,0.09077983455765413,0,0.2739562681124575,0,0,0,0,0,0,0,0,0,0,0,0.3647637720843012,0,0,0,0,0,0,0,1.637653624478432,0,0.4390343292672701,0,0,0.22774943762010752,0,0,0,0,0,0,-0.0060411238092169806,0,0,0,0,-0.12245648927010871,0,0.4319753532016598,0,0,0,0,0,-0.12397358917789027,0,0,0,-1.4550944342126695,0,0,0,-0.3320068737715617,0,0,0,0,-0.11236244197400841,0,0,0,0,0,-2.052354259041647,0,0,-0.134856262760471,0,0,0,0,0,0,0,0,0,-0.659929413128787,0,0,-0.38008612762080535,0,0,0,0,0,0,0,0,0,0,0,0,0,0,0.7924083697321717,0,0,0,0
21,0.4592091950732765,200.9233002565048,0,1.122993227048406,0,0,0,0.9780364472029658,0.17337154091425946,0,0.21070919633880814,0,0,0,0,0,0,0,0,0,0,0,0.3490479586005828,0,0,0,0,0,0,0,1.6752556945423833,0,0.6396224486354014,0,0,0,0,0.15083012100641188,0,0,0,0,-0.026092277443823118,0,0,0,0,-0.14186037002405408,0,0.5415073340556805,0,0,0,0,0,-0.21438319309161988,0,0,0,-1.6551017190368476,0,0,0,-525489031808518e-19,0,0,0,0,-0.23620473226764804,0,0,0,0,0,-2.115313336305752,0,0,-0.20551009590685348,0,0,0,0,0,0,0,0,0,-1.0871453851547506,0,0,-0.8710862211076268,0,0,0,0,0,0,0,0,0,0,0,0,0.005665823853533506,0,0.8324856576898737,0,0,0,0
22,0.47116025875412504,187.3817422860385,0,1.2505817556060963,0,0,0,1.1492233002667354,0.17216203980928577,0,0.170829039364846,0,0,0,0,0,0,0,0,0,0,0,0.3405759743512928,0,0,0,0,0,0,0,1.618316569005625,0,0.7343533368226789,0,0,0,0,0.188358705467781,0,0,0,0,-0.006818154210775179,0,0,0,0,-0.16324684146780227,0,0.5350993443669161,0,0,0,0,0,-0.25493249210477087,0,0,0,-1.744365210522089,0,0,0,0,0,0,0,0,0,0,0,0,0,0,-2.17125695097173,0,0.03158401253393797,-0.22762195422122863,0,0,-0.3433264112317926,0.054615613138693876,0,0,0,0,0,-1.2102728657804835,0,0,-0.9997419835773993,0,0,0,0,0,0,0,0,0,0,0,0,0.06630593954068863,0,0.8403463508235651,0,0,0,0
23,0.4828167996442281,174.7528400007683,0,1.3867445365609727,0,0,0,1.1910926765786882,0.1922700529103956,0,0.13968977594822596,0,0,0,0,0,0,0,0,0,0,0,0.3769421647258849,0,0,0,0,0,0,0,1.541395852185513,0,0.8221450074198038,0,0,0,0,0.22423544461201947,0,0,0,0,-0.017356117075711747,0,0,0,0,-0.1821016252064255,0,0.528647152918603,0,0,0,0,0,-0.2935632681710167,0,0,0,-1.8355610906716946,0,0,0,0,0,0,0,0,0,0,0,0,0,0,-2.1754630009830582,0,0.08554162821933715,-0.24213376946583787,0,0,-0.4446695953510878,0.13974446313418457,0,0,0,0,0,-1.3359481981705472,0.1455100060861975,0,-1.1414258451948784,0,0,0,0,0,0,0,0,0,0,0,0,0.07046727458896644,0,0.8532008435756423,0,0,0,0
24,0,0,0,0,0,0,0,0,0,0,0,0,0,0,0,0,0,0,0,0,0,0,0,0,0,0,0,0,0,0,0,0,0,0,0,0,0,0,0,0,0,0,0,0,0,0,0,0,0,0,0,0,0,0,0,0,0,0,0,0,0,0,0,0,0,0,0,0,0,0,0,0,0,0,0,0,0,0,0,0,0,0,0,0,0,0,0,0,0,0,0,0,0,0,0,0,0,0,0,0,0,0,0,0,0,0,0,0,0,0
25,0.6213740073603655,75.64633275546291,0,3.965394147204471,-2.190263018816893,0,-0.5478585542626002,0,1.3377222882582955,0,0,0,0,0,0,0,0,0,0,0,0,0,0.5524661913848307,0,0,0,0,0,0,0,0.383090747740149,0,2.3655268558415856,0,0,0,-1.8160684592155913,0.9639932346015527,0,0,0,0,0,0,0,0,0,-0.797737140958965,0,1.022500497800438,0,0,0.5584148436493666,0,0,0,0,0,0,-2.6619025965578373,0,0,0,0,0,0,0,0,0,-1.42197735863606,0,0,0,0,-1.69661802316761,0,0.3506822516898784,-0.2613767822318539,0,0,-1.3927778440455643,0.9087228872645418,0,0,0,0,0,-1.5906152019434712,2.9774316290081915,0,-1.8347080389979438,0.6988021967444414,0,0,0,0,0,0,0,0,0,0,0,0,0,2.0364655585389917,0,0,0,-1.3265006336847156
26,0.6289204445099394,70.54802310718642,0,4.281936209622133,-2.5822443609373105,0,-0.6800492157611601,0,1.4799686848197695,0,0,0,0,0,0,0,0,0,0,0,0,0,0.5668855325723644,0,0,0,0,0,0,0,0.27171977478406534,0,2.481448583753633,0,0,0,-1.9315186775494975,1.0401124137103268,0,0,0,0,0,0,0,0,0,-0.8422587605881143,0,1.047742761500106,0,0,0.6013126801716382,0,0,0,0,0,0,-2.71074810396821,0,0,0,0,0,0,0,0,-0.47071862918883195,-1.6311003707092069,0,0,0,0,-1.5793057635378729,0,0.36628028819083674,-0.25296543611639083,0,0,-0.9677307708418317,0.9546644139180455,0,0,0,0,0,-1.506555046691594,3.104042251532334,0,-1.855852548987347,0.7408755222651637,0,0,0,0,0,0,0,0,0,0,0,0,0,2.083558128817696,0,0,0,-1.3753548386626528
27,0.5124071880445712,151.99110829529332,0,1.715066595565196,0,0,0,0.7226887270307064,0.38046128059380585,0,0.004176411080715335,0,0,0,0,0,0,0,0,0,0,0,0.4351235557592367,0,0,0,0,0,0,0,1.301881787438294,0,1.1079047545318512,0,0,0,-0.2770671503913984,0.35427582543875974,0,0,0,0,-0.10500672626282265,0,0,0,0,-0.252566822583266,0,0.6017727911799191,0,0,0.07108598057073479,0,0,-0.2743982548839519,0,0,0,-2.0719802069639033,0,0,0,0,0,0,0,0,0,0,0,0,0,0,-2.097261794019058,0,0.15265417467230583,-0.24693205483725317,0,0,-0.6273188536268031,0.2717721520536826,0,0,0,0,0,-1.626010852780485,0.9489316106687197,0,-1.389370388592715,0.16006008477403322,0,0,0,0,0,0,0,0,0,0,0,0.04960412124125742,0,1.0366461436906762,0,0,-0.16480787266159172,0
28,0.6367233338134075,65.79332246575679,0,4.579499230986968,-2.9747317574670484,0,-0.7558955248996287,0,1.621204147396787,-0.06586720165634911,0,0,0,0,0,0,0,0,0,0,0,0,0.569954278692531,0,0,0,0,0,0,0,0.15531997699902356,0,2.6168624079342133,0,0,0,-2.0463750363776474,1.1190623566630802,0,0,0,0,0,0,0,0,0,-0.8664538417287481,0,1.0554274560032055,0,0,0.6759943560498721,0,0,0,0,0,0,-2.7532825111460837,0,0,0,0,0,0.02485328703279029,0,0,-1.504564222383678,-1.9075706673395012,0,0,0,0,-1.4505534576019194,0,0.39396971281271476,-0.24565722897485243,0,-0.1052610130346854,0,0.9878930866488985,0,0,0,0,0,-1.4582457282697256,3.236597712708221,0,-1.8496636823815142,0.7821370316953098,0,0,0,0,0,0,0,0,0,0,0,0,0,2.102128441118423,0,0,0,-1.4400746754819396
29,0.6435711472311055,61.35907273413173,0,4.839469040227471,-3.3417404554080092,0,-0.7851114056704869,0,1.8013025096702233,-0.2002023337686709,0,0,0,0,0,0,0,0,0,0,0,0,0.576739618616759,0,0,0,0,0,0,0,0.05380221577260624,0,2.74692666588933,0,0,0,-2.188772717821984,1.195363049497499,0,0,0,0,0,0,0,0,0,-0.9004277333143944,0,1.0622526520701776,0,0,0.7349499694578239,0,0,0.01347199416781035,0,0,0,-2.8067598161473866,0,0,0,0,0,0.06963843342705843,0,0,-1.597354403764413,-1.9802594683378478,0,0,0,0,-1.3736539902213831,0,0.40297088800289127,-0.24836621683742122,0,-0.17995506144310763,0,1.014632579032432,0,0,0,0,0,-1.4436431484853884,3.3735078682043076,0,-1.7962942277672511,0.7870660435825412,0,0,0,0,0,0,0,0,0,0,0,0,0,2.153863972196797,0,0,0,-1.5005287249690873
30,0.652559442127735,57.22367659350217,0,5.088738970840472,-3.8001713972714333,0,-0.8700412491099788,0.10518094927310882,2.014292307133339,-0.28049209204789805,0,0,0,0,0,0,0,0,0,0,0,0,0.5561710652201123,0,0,0,0,0,0,0,0,0,2.837719167218637,0,0,0,-2.3365940066078648,1.206129160108007,0,0,0,0,0,0,0,0,0,-0.8600548312645795,0,1.0995935953192435,0,0,0.7893555306352256,0,0,0.12001968880383557,0,0,0,-2.8087126372282527,0,0,0,0,0,0.1347889165009773,0,0,-1.816244311950729,-2.2658834020770278,0,0,0,0,-1.3605254350801839,0,0.4283047159989794,-0.25430687024674375,0,-0.31696431901893285,0,0.9834892299745129,0,0,0,0,0,-1.4254507607205706,3.358206576854286,0,-1.6885375007101913,0.8353606878715004,0,0,0,0,0,0,0,0,0,-0.2252102640362595,0,0,0,2.238900842585932,0,0,0,-1.6298941965397822
31,0.679057602817849,46.4158883361278,0,5.752491387082019,-5.125817912738442,0,-1.370193658080843,0.9977649656976155,2.5654450213306834,-0.4953684602063109,0,0,0,0,0,0,0,0,0,0,0,0,0.4587444375387874,0,0,0,0,0,0,0,0,0,3.060131211897435,0,0,0,-2.728430733166098,1.195057489722628,0,0,0,0,0.43605106905803553,0,0,0,0,-0.713587940980201,0,1.189640156155707,0,0,0.8875181235894319,0,0.35083137426439126,0,0,0,0,-2.754490257813127,0,0,0,0,0,0.3381417977069104,0,0,-2.457393917028025,-3.707170254378952,0,0,0,0,-1.652153025237638,0,0.5213703920597651,-0.24308271892419103,0,-0.7354484029429127,0,0.9776198898721258,0,0,0,0,0,-1.3371515321008745,2.920531746396277,0,-1.3055871338630238,0.9350405062977447,0,0,0,0,0,0,0,0,0,-0.9203730930618872,0,0,0,2.3926639899773297,0,0,0,-1.8718075327575476
32,0.6931267959943237,40.37017258596554,0,6.207896833433664,-5.9139024954925095,0,-1.643684020242986,1.5037686168212567,2.971572421625866,-0.6871285109841895,0,0,0,0,0,0,0,0,0,0,0,0,0.40729533403367674,0,0,0,0,0,0,-0.18059728703008046,0,0,3.2258741772456148,0,0,0,-2.9911989850250396,1.2437322861347826,0,0,0,0,0.6383736597380972,0,0,0,0,-0.6313043348762174,0,1.2363615489154482,0,0,0.946888329829195,0,0.5828921766644923,0,0,0,0,-2.731987695271687,0,0,0,0,0,0.44941930954763837,0,0,-2.8131322530657976,-4.51453258895045,0,0,0,0,-1.7664267800592157,0,0.5789386655290655,-0.2293490430530764,0,-0.9309901811340415,0,0.9523929226776363,0,0,0,0,0,-1.3166232397820934,2.666871928134255,0,-1.0265204850272756,0.999104381885767,0,0,0,0,0,0,0,0,0,-1.3341080280786954,0,0,0,2.4939614447457608,0,0,0,-2.0827513866421086
33,0.6993972311802921,37.64935806792467,0,6.446150828360127,-6.286670504753682,0,-1.761961954268265,1.7246865277727907,3.197465771394215,-0.805672789585665,0,0,0,0,0,0,0,0,0,0,0,0,0.3840145325549496,0,0,0,0,0,0,-0.33758982671710497,0,0,3.3161871679819668,0,0,0,-3.12434357637125,1.2844869873588423,0,0,0,0,0.69788564962548,0,0,0,0,-0.5912076982331961,0,1.258524206667113,0,0,0.9766956019956045,0,0.7322069939335243,0,0,0,0,-2.7289891205893717,0,0,0,0,0,0.4958490544805981,0,0,-2.972577983648358,-4.864188074004939,0,0,0,0,-1.790554733268795,0,0.6057299624820245,-0.22158795571990966,0,-1.0069590321682056,0,0.899231884008894,0.04102365504361842,0,0,0,0,-1.3237259721623262,2.543105732519731,0,-0.8738446348726389,1.0377676003210718,0,0,0,0,0,0,0,0,0,-1.538907540918736,0,0,0,2.5509899913527923,0,0,0,-2.1974156538682674
34,0.7050411401964218,35.11191734215131,0,6.676362705247589,-6.636860766985764,0,-1.8787112262054195,1.9127599299738827,3.4212031887863037,-0.9138048407418011,0,0,0,0,0,0,0,0,0,0,0,0,0.3596503116102302,0,0,0,0,0,0,-0.49203751250031613,0,0,3.400615693829058,0,0,0,-3.2431039519206943,1.3145469090376622,0,0,0,0,0.7434683829534015,0,0,0,0,-0.5537099806926536,0,1.2863191009441142,0,0,1.0091054946809639,0,0.8829943843057999,0,0,0,0,-2.7281273559858956,0,0,0,0,0,0.536856027559261,0,0,-3.113820066434761,-5.221613861182536,0,0,0,0,-1.7959273341535837,-0.057893962214547824,0.6321946030973521,-0.2126173406777813,0,-1.0831255312904784,0,0.8367800103892545,0.08678799976422481,0,0,0,0,-1.3258768164924135,2.4266644295393607,0,-0.7283166542341771,1.0816075393844806,0,0,0,0,0,0,0,0,0,-1.7337158198929217,0,0,0,2.598523877573634,0,0,0,-2.3172830850005957
35,0,0,0,0,0,0,0,0,0,0,0,0,0,0,0,0,0,0,0,0,0,0,0,0,0,0,0,0,0,0,0,0,0,0,0,0,0,0,0,0,0,0,0,0,0,0,0,0,0,0,0,0,0,0,0,0,0,0,0,0,0,0,0,0,0,0,0,0,0,0,0,0,0,0,0,0,0,0,0,0,0,0,0,0,0,0,0,0,0,0,0,0,0,0,0,0,0,0,0,0,0,0,0,0,0,0,0,0,0,0
36,0.7101513123391106,32.74549162877728,0,6.894700999571434,-6.962232922981515,0,-1.9844173046558422,2.073582970856977,3.6344785237976596,-1.0139776566454395,0,0,0,0,0,0,0,0,0,0,0,0,0.33767682273947314,0,0,0,0,0,0,-0.6343244219682223,0,0,3.474040810693466,0,-0.03021661035022753,0,-3.351317395435693,1.3383334551877328,0,0,0,0,0.7836261954922479,0,0,0,0,-0.5191384336431346,0,1.3129239162396518,0,0.02925381444129618,1.0401970095547177,0,1.041797367947331,0,0,0,0,-2.7260849905101145,0,0,0,0,0,0.5734872635013007,0,0,-3.2437238937017185,-5.567668244411839,0,0,0,0,-1.7950779554189573,-0.1326288480924443,0.6570654105806519,-0.20664927332445174,0,-1.1547229420431429,0,0.7718260099087404,0.13374392178440964,0,0,0,0,-1.3317829484576988,2.3288558441623644,0,-0.5914458218362763,1.1277842479845992,0,0,0,0,0,0,0,0,0,-1.9147340578870613,0,0,0,2.6365721637923305,0,0,0,-2.442096903706146
37,0.715519820286267,30.538555088334157,0,7.102458106091661,-7.275427000337593,0,-2.0284695143749776,2.1154146394979207,3.8247382822902285,-1.0564125511536138,0,0,0,0,0,0,0,0,0,0,0,0,0.3299648317001995,0,0,0,0,0,0,-0.6810895068609722,0,0,3.5184714749339148,-0.043813252240870564,-0.3890711801971006,0,-3.453910869391275,1.3606317297266284,0,0,0,0,0.83692567817154,0,0,0,0,-0.4858619871837019,0,1.3249575569907357,0,0.16160770679486045,1.060876138765583,0,1.3303284921498204,0,0,0,0,-2.7238853246220174,0,0,0,0,0,0.6043603931708958,0,0,-3.348026329305059,-5.8657567258237355,0,0,0,0,-1.8047772508987976,-0.1575340512911625,0.6770253496367215,-0.22218319157502217,0,-1.2153610567282749,0,0.6993036229470728,0.19028045943402283,0,0,0,0,-1.3475513310434473,2.3713195610758206,0,-0.5140446668884011,1.1809306851253847,0,0,0,0,0,0,0,0,0,-2.0814218739772605,0,0,0,2.6604136953951585,0,0,0,-2.6175014784886073
38,0,0,0,0,0,0,0,0,0,0,0,0,0,0,0,0,0,0,0,0,0,0,0,0,0,0,0,0,0,0,0,0,0,0,0,0,0,0,0,0,0,0,0,0,0,0,0,0,0,0,0,0,0,0,0,0,0,0,0,0,0,0,0,0,0,0,0,0,0,0,0,0,0,0,0,0,0,0,0,0,0,0,0,0,0,0,0,0,0,0,0,0,0,0,0,0,0,0,0,0,0,0,0,0,0,0,0,0,0,0
39,0.7247884311743191,26.560877829466868,0,7.535010596306217,-7.870466021077108,0,-2.106489991007455,2.1926988183417753,4.129605070525454,-1.13914188021892,0,0,0,0,0,0,0,0,0,0,0,0,0.33926800980455296,0.11414142796014443,0,0,0,0,0,-0.6817803157768726,0,0,3.572960401443572,-0.20338936120060097,-1.1473355713045514,0,-3.6082916025939102,1.3976719197354643,0,0,0,0,0.9315894344664009,0,0,0,0,-0.4304479318882968,0,1.315180826292304,0,0.5703523708723954,1.0827129086659386,0,1.8931000455430103,0,0,0,0,-2.7194914444022986,0,0,0,0,0,0.6616713063498338,0,0,-3.5367028713364297,-6.371352671893629,0,0,0,0,-1.8250494397464028,-0.18311284235790398,0.7259688402449079,-0.23645460321242728,-0.10009090568544451,-1.2938410820133213,0,0.5537638995250282,0.3108885510803181,0,0,0,0,-1.3376259182998123,2.477729530668808,0,-0.3834027643680878,1.2678667623243252,0,0,0,0,0,0,0,0,0,-2.3664254306938113,0,0,0,2.586197539838161,0,0,0,-2.961144183721707
40,0,0,0,0,0,0,0,0,0,0,0,0,0,0,0,0,0,0,0,0,0,0,0,0,0,0,0,0,0,0,0,0,0,0,0,0,0,0,0,0,0,0,0,0,0,0,0,0,0,0,0,0,0,0,0,0,0,0,0,0,0,0,0,0,0,0,0,0,0,0,0,0,0,0,0,0,0,0,0,0,0,0,0,0,0,0,0,0,0,0,0,0,0,0,0,0,0,0,0,0,0,0,0,0,0,0,0,0,0,0
41,0.7297324846995148,24.770763559917114,0,7.731997190030249,-8.132500497854387,0,-2.1000928351465635,2.190636117609049,4.2294852731130534,-1.1544370778580997,0,0,0,0,0,0,0,0,0,0,0,0,0.35101853989014464,0.6141898291690804,0,0,0,0,0,-0.6373113540161035,0,0,3.5841133077145586,-0.29539416390722556,-1.6328250924512309,0,-3.6445122962586076,1.4109022541386282,0,0,0,0,0.981801952791075,0,0,0,0,-0.40651683397786303,0,1.2708766951523438,0,0.8851736818475413,1.0913397412279593,0,2.187363399449108,0,0,0,0,-2.7287905345113317,0,0,0,0,0,0.6755972155859591,0,0,-3.5995778595704753,-6.548050984020323,0,0,0,0,-1.8747054200632367,-0.17970559992824522,0.7704782811965076,-0.25059460547016377,-0.1518527557759824,-1.3401670051544297,0,0.47741034644291774,0.3872589006112734,0,0,0,0,-1.3267879313827018,2.540472290799685,0,-0.34832147563876154,1.2945916621886633,-14899933704728735e-22,0,0,0,0,0,0,0,0,-2.4724107062717215,0,0,-0.33252769542534455,2.492085519174814,0,0,0,-3.1000653569834307
42,0.73438445413158,23.101297000831593,0,7.912883347748269,-8.350907227206216,0,-2.124490750812226,2.1796183383273804,4.324639315408603,-1.1546623507579672,0,0,0,0,0,0,0,0,0,0,0,0,0.3577130983631237,1.1841230193006396,0,0,0,0,0,-0.5815009889645966,0,0,3.600104105387275,-0.39866169144742775,-2.1024508039787366,-0.00793614983433363,-3.6612374667892853,1.4207246123472257,0,0,0,0,1.0288582066877403,0,0,0,0,-0.38364913440382786,0,1.2281448186757784,0,1.2014721664428964,1.100480189141093,0,2.4668871480569905,0,0,0,0,-2.7311577503210387,0,0,0,0,0,0.6934986385834869,0,0,-3.655803747327794,-6.6982051349814515,0,0,0,0,-1.925570706024661,-0.17599652284507453,0.8096093453151791,-0.2664306254712343,-0.19071215405821793,-1.395869698781512,0,0.4204355986399332,0.45588231812526514,0,0,0,0,-1.2641703423797064,2.6113858438107327,0,-0.3274725801084126,1.323896963458621,-0.06453529490470006,0,0,0,0,0,0,0,0,-2.5673623608542426,0,0,-0.7243833278813809,2.4051774325551785,0,0,0,-3.232755876444991
43,0,0,0,0,0,0,0,0,0,0,0,0,0,0,0,0,0,0,0,0,0,0,0,0,0,0,0,0,0,0,0,0,0,0,0,0,0,0,0,0,0,0,0,0,0,0,0,0,0,0,0,0,0,0,0,0,0,0,0,0,0,0,0,0,0,0,0,0,0,0,0,0,0,0,0,0,0,0,0,0,0,0,0,0,0,0,0,0,0,0,0,0,0,0,0,0,0,0,0,0,0,0,0,0,0,0,0,0,0,0
44,0.7391308878205488,21.544346900318832,0.02192205446886421,8.09955754835229,-8.492066792047178,0,-2.2173473546800535,2.157484986750428,4.446372685916471,-1.1908342593464005,0,0,0,0,0,0,0,0,0,0,0,0,0.3509544216055337,1.671706040310852,0,0,0,0,0,-0.48272885823093237,0,0,3.620254049341651,-0.43839933089839994,-2.5018603593345774,-0.1480395168676248,-3.651432324449356,1.4975133105929872,0,0,0,0,1.064726228217298,0,0,0,0,-0.35874538925139315,0,1.1933005826796728,0,1.5413785605148809,1.0969928113786032,0,2.6375139616384677,0,0,0,0,-2.717457934077455,0,0,0,0.19325572712154152,0,0.704217933790676,0,0,-3.7489944710260716,-6.887058262503609,0,0,0,0,-1.950439584131723,-0.16956626966177782,0.8475541525719481,-0.2748554943191297,-0.23606073346698003,-1.441024840790395,0,0.37996251627395894,0.5234789300146377,0,0,0,0,-1.239760229908096,2.7217960071529617,0,-0.4314150328947719,1.3327530375438306,-0.18864852302894414,0,0,0,0,0,0,0,0,-2.689472353790101,0,0,-1.0654152824501697,2.333856620573581,0,0,0,-3.3523689640353886
45,0.7492937380580036,18.73817422860384,0.5679449603661036,8.409622309704245,-8.833641771593758,0,-2.526795321825729,1.9971090057449694,4.529886447066664,-1.2536351781756276,0,0,0,0,0,0,0,0,0,0,0,0,0.3402223434070946,2.5972837284020356,0,0,0,0,0,-0.28518180832685025,0,0,3.6749690203466514,-0.4840762545102782,-3.1921802833753463,-0.5035471110062895,-3.5626769100241464,1.7209709384002714,0,0,0,0,1.0536573318247446,0,0,0,0,-0.34027830427237604,0,1.1320819624323442,0,2.089379434583863,1.071313218170673,0,2.8270100434446803,0,0,0,0,-2.707864352399238,0,0,0,0.6068303202834681,0,0.7489491559102102,0,0,-4.173156114369083,-7.166871957159935,0,1.0405315004199671,0,0,-1.9796126806563965,-0.290409989116169,0.8920263822168004,-0.29031465255054495,-0.3002492137481811,-1.5762145014516014,0,0.361086676761508,0.6237583039937343,0,0,0,0,-1.0017458806608819,3.032695623545335,0,-0.7947337398588468,1.3459225936955554,-0.632092602043503,0,0,0,0,0,0,0,0,-2.824990269312616,0,0,-1.6924422642117505,2.209694169471351,0,0,0,-3.594383248562779
46,0,0,0,0,0,0,0,0,0,0,0,0,0,0,0,0,0,0,0,0,0,0,0,0,0,0,0,0,0,0,0,0,0,0,0,0,0,0,0,0,0,0,0,0,0,0,0,0,0,0,0,0,0,0,0,0,0,0,0,0,0,0,0,0,0,0,0,0,0,0,0,0,0,0,0,0,0,0,0,0,0,0,0,0,0,0,0,0,0,0,0,0,0,0,0,0,0,0,0,0,0,0,0,0,0,0,0,0,0,0
47,0,0,0,0,0,0,0,0,0,0,0,0,0,0,0,0,0,0,0,0,0,0,0,0,0,0,0,0,0,0,0,0,0,0,0,0,0,0,0,0,0,0,0,0,0,0,0,0,0,0,0,0,0,0,0,0,0,0,0,0,0,0,0,0,0,0,0,0,0,0,0,0,0,0,0,0,0,0,0,0,0,0,0,0,0,0,0,0,0,0,0,0,0,0,0,0,0,0,0,0,0,0,0,0,0,0,0,0,0,0
48,0,0,0,0,0,0,0,0,0,0,0,0,0,0,0,0,0,0,0,0,0,0,0,0,0,0,0,0,0,0,0,0,0,0,0,0,0,0,0,0,0,0,0,0,0,0,0,0,0,0,0,0,0,0,0,0,0,0,0,0,0,0,0,0,0,0,0,0,0,0,0,0,0,0,0,0,0,0,0,0,0,0,0,0,0,0,0,0,0,0,0,0,0,0,0,0,0,0,0,0,0,0,0,0,0,0,0,0,0,0
49,0.760956944218405,16.297508346206442,1.062122228943532,8.549517225758539,-8.898327479143,0,-2.967744231896872,1.8372430612571666,4.4916969869571215,-1.005808281183677,-0.2638935514153097,0,0,0,0,0,0,0,0,0,0.32895828362953267,0,0.5140491500470407,3.425974742461438,0,0,0,0,0,-0.0673180627914371,0,0,3.7383913571284926,-0.7413833071046253,-3.816878016796256,-0.6131517498341046,-3.5104999810903617,1.81848564536084,0,0,0,0,0.9876664903213448,0,0,0,0,-0.48514984960911683,0,1.1585995787098897,0,2.240109124941743,1.3600687144192876,0,3.0780160489715236,0,0,0,0,-2.746400796142425,0,0,0,0.9968309353996304,0,0.7380017112304872,0,0,-4.880486076424505,-6.823840202600705,0,4.425454365349334,0,0,-2.122937172291483,-0.516502086585591,0.965563036791318,-0.3299433482608406,-0.31425076107860667,-0.8623441254021471,0,0.4049474607708955,0.7042145930341384,0,0,0,0,-0.45255367074652864,3.3659642717304075,0,-1.4484553756135856,1.6974650652852903,-1.0078731650576565,0,0,0,0,0,0,0,0,-2.8813354282692663,0,-0.224856804833335,-2.2574512715752695,2.077083686692712,-1.0664193492657439,0,0,-3.9120482282125724
50,0,0,0,0,0,0,0,0,0,0,0,0,0,0,0,0,0,0,0,0,0,0,0,0,0,0,0,0,0,0,0,0,0,0,0,0,0,0,0,0,0,0,0,0,0,0,0,0,0,0,0,0,0,0,0,0,0,0,0,0,0,0,0,0,0,0,0,0,0,0,0,0,0,0,0,0,0,0,0,0,0,0,0,0,0,0,0,0,0,0,0,0,0,0,0,0,0,0,0,0,0,0,0,0,0,0,0,0,0,0
51,0.7813321196090923,12.32846739442066,1.9248069093858489,8.876010546247402,-9.142329405197357,0,-4.056808911838628,1.2494633419772956,4.501608295619262,-1.1715422165018798,-0.9261967960582521,0,0,0,0,0,0,0,0,0,1.8301624421162435,0,0.7946489185798152,4.401250562638701,0.2699004730746291,0,0,1.2469829730455655,0,-0.482523710403892,0,0,3.6749438094655136,-0.6822463055876149,-4.40553912570015,-0.4522533257171233,-3.4896760089795436,1.9408908500068554,0,0,0,0,1.032115993383431,0,0,0,0,-0.9942681507780838,0,1.205908111603131,0,2.7118233530753137,1.7338434429595635,0,3.433792550436818,0,0,0,-0.038607540403913024,-2.637025713978487,0,0,0,1.847780690120191,0,0.6857752036514128,0,0,-5.977087695251969,-7.182680424598657,0,9.521979852587712,0,0,-2.245852266886423,0,1.123290580313134,-0.2647291946929516,-0.34068442570622687,0,0,0.48147870570266793,0.7466658046517644,0,0,0.08631809111663953,0,0,4.041519651416884,0,-2.111323430254661,2.487964273218907,-1.4220203634784114,0,0,0,0,0,0,0,0,-3.9452272103378307,-1.6001667459541002,-0.6332678498018621,-2.8759698450625506,1.68024667399701,-2.443768518656438,0,0,-5.291366866556352
52,0,0,0,0,0,0,0,0,0,0,0,0,0,0,0,0,0,0,0,0,0,0,0,0,0,0,0,0,0,0,0,0,0,0,0,0,0,0,0,0,0,0,0,0,0,0,0,0,0,0,0,0,0,0,0,0,0,0,0,0,0,0,0,0,0,0,0,0,0,0,0,0,0,0,0,0,0,0,0,0,0,0,0,0,0,0,0,0,0,0,0,0,0,0,0,0,0,0,0,0,0,0,0,0,0,0,0,0,0,0
53,0.786269651928464,11.497569953977356,2.060503731732194,9.005583145248151,-9.608806399212108,0.011811621666937359,-4.147632072954515,1.2499284974727973,4.520678832883838,-1.1257369186281327,-1.1007828352622715,0,0,0,0,0,0,0,0,0,1.9878951836677643,0,0.8831418887760516,4.654930779226374,0.3871315457609081,0,0,1.5648831046937792,0,-0.6517761389020738,0,0,3.647613608154916,-0.6607151593563204,-4.412045534836573,-0.35866369504267215,-3.5301151249723097,1.960101699734847,0,0,0,0,1.0011140601500876,0,0,0,0,-1.0746490482440143,0,1.2351309665568726,0,2.887669055461307,1.7356594789100137,0,3.509570431459102,0,0,-20205068247014946e-22,-0.3208989608617935,-2.6067155235332384,0,0,0,2.1440895436498364,0,0.675209646276845,0,0,-6.208709933615442,-7.202536522433196,0,10.821411260031061,0,0,-2.2459976232413474,0,1.1793740052438388,-0.24664939697042354,-0.34660502440699004,0,0,0.4965920873227335,0.7726523492062282,0,0,0.8145343612837188,0,0,4.0990428058745865,0,-2.3816387769695364,2.7273420252361795,-1.6420963922047327,0,0,0,0,0,0,0,0,-3.9746654750848593,-1.8995110566393347,-0.7561844967153555,-3.0173717889791547,1.5837221483978978,-2.523009376712165,0,0,-5.693803920929128
54,0.7912238470072082,10.722672220103231,2.1439943046964127,9.272942216644488,-10.234191896099661,0.11667244581944504,-4.211307275605954,1.2938414779856606,4.530696271064697,-1.1082804189177107,-1.2787555979662883,0,0,0,0,0,0,0,0,0,2.065086650386037,0,1.0050768532567234,4.956043847958414,0.39013243348233295,0,0,1.8836169275720542,0,-0.8283534226718049,0,0,3.593846802153542,-0.6216872585898422,-4.447644896263592,-0.2597517538682299,-3.573440991152534,1.9826506111151172,0,0,0,0,0.9493433113871003,0,0,0,0,-1.1322308107309147,0,1.2545952102570408,-0.1415214495948443,3.0575617761803553,1.7365034224510059,0,3.6043974567840125,0,0,-0.21773496684963187,-0.5025754718861749,-2.643050864255328,0,0,0,2.4316559292554505,0,0.6748594376004134,0,0,-6.425573956438441,-7.18529940135724,0,12.18763954360131,0,0,-2.2458157020958573,0,1.2644298909363731,-0.2309915092547158,-0.33571824446678633,0,0,0.4976905927040983,0.7995737597350696,0,0,1.627712730140394,0,0,4.113634786133371,0,-2.6305490447212656,2.9527884963871833,-1.8089971825965925,0,0,0,0,0,0,0,0,-3.9277938323818535,-2.2300126340455493,-0.9141172918035909,-3.138586257519832,1.548025637306285,-2.595139955575701,0,0,-6.093609817779384
55,0,0,0,0,0,0,0,0,0,0,0,0,0,0,0,0,0,0,0,0,0,0,0,0,0,0,0,0,0,0,0,0,0,0,0,0,0,0,0,0,0,0,0,0,0,0,0,0,0,0,0,0,0,0,0,0,0,0,0,0,0,0,0,0,0,0,0,0,0,0,0,0,0,0,0,0,0,0,0,0,0,0,0,0,0,0,0,0,0,0,0,0,0,0,0,0,0,0,0,0,0,0,0,0,0,0,0,0,0,0
56,0,0,0,0,0,0,0,0,0,0,0,0,0,0,0,0,0,0,0,0,0,0,0,0,0,0,0,0,0,0,0,0,0,0,0,0,0,0,0,0,0,0,0,0,0,0,0,0,0,0,0,0,0,0,0,0,0,0,0,0,0,0,0,0,0,0,0,0,0,0,0,0,0,0,0,0,0,0,0,0,0,0,0,0,0,0,0,0,0,0,0,0,0,0,0,0,0,0,0,0,0,0,0,0,0,0,0,0,0,0
57,0.7957854682529935,10,2.177719060460785,9.549466726043708,-10.880832382833145,0.24291377526074553,-4.294249467882937,1.3588504582629921,4.635288398565729,-1.0994489495888482,-1.4869412622187024,0,0,0,0,0,0,0,0,0,2.158056837505636,0,1.1218541795479122,5.19561413282027,0.37578017729079993,0,0,2.218345823727904,0,-1.0935442374973803,0,0.038262565896091456,3.5373228262205276,-0.5600588556521722,-4.432628759691948,-0.1439484637028304,-3.6306078016762013,1.9974600285904822,0,0,0,0,0.9006072326264222,0,0,0,0,-1.1952287215383872,0,1.284246958643658,-0.35025206576861406,3.15467422387516,1.7296180789323066,0,3.705179017571343,0,0.05537400336596767,-0.4472311445952213,-0.6855934261851042,-2.6939792069855244,0,0,-0.08683721864512751,2.691709704948972,0,0.678405751366616,0,0,-6.587974768833882,-7.146047756928889,0,13.397905570573846,0,0,-2.250369349752799,0,1.3425620137547687,-0.20153686477061974,-0.30345590027093644,0,0,0.49550488448999175,0.8291274878040157,0,0,2.4364312183950982,0,0,4.099419675085621,0,-2.8468562462354314,3.197517953763087,-1.9690977932969451,0,0,0,0,0,0,0,0,-3.8925829441891673,-2.5047785672766394,-1.0706156018574209,-3.225312917005434,1.5456808466057348,-2.6443913924521074,0,0,-6.475202243929609
58,0.8105335555945775,8.11130830789687,1.8479821442142637,10.706245125752062,-13.428249460996556,0.621629524647161,-4.782222115997691,1.8815478584530014,5.425279701461962,-1.2359372588567958,-2.539879395029646,1.277288318814395,0,0,0,0,0,0,0,0,2.4515216753155165,0,1.3125107270950374,5.578162363101273,0.2661897668736116,0,0,2.958539915452478,0,-2.3057272456416174,0,0.6258601618060339,3.206377083171206,-0.11527240254816588,-3.9257242589911696,0,-3.9184826499273155,2.0244110596496228,0,0,0,0,0.7493185101653983,0,0,0,0,-1.3754524060265683,0,1.2648302359783035,-1.6677063265494312,3.2777083246275565,1.6591149625769939,0,3.795660234080117,0,0.7078179576926303,-1.3872288937387438,-1.2879364894622414,-2.81609988866066,0,0,-0.21216060426341815,3.6732671690941627,0,0.7688055660625079,0,0,-7.107820579243594,-6.884309325978584,0,17.044231764543444,0,0,-2.2867746985506225,0,1.5303142768359623,-0.03400534685919687,-0.13714323248277294,0,0,0.4952221100544892,0.9590118217971048,0,0,5.314389447271435,0,0,3.897117467396258,-0.48695073065048955,-3.5562152265768607,4.311929937400552,-3.5722679089511686,0,0,0,0,0,0,0,0,-3.8910020016592246,-3.1368099395927627,-1.4220951322063962,-3.258942455199703,1.5746998178568228,-2.798201372800682,0,0,-7.293590092515175
59,0.805883696473841,8.697490026177835,1.9885699214053334,10.297013838515262,-12.561903891653778,0.517347992621773,-4.626009571717805,1.6784955917427646,5.196975451544085,-1.1879813740010505,-2.186319720053625,0.6951403138689705,0,0,0,0,0,0,0,0,2.364557759262836,0,1.2678223498670518,5.456569825114463,0.3071614949008756,0,0,2.805572155627288,0,-1.9419943396182873,0,0.42845878502163004,3.318853317536827,-0.2692903139786458,-4.128695835887532,-49436123406220605e-21,-3.8191021810804457,2.0065770255317736,0,0,0,0,0.7985589219517615,0,0,0,0,-1.3185863396482336,0,1.295760930050406,-1.1651606062292976,3.2142361459744344,1.6842746619514681,0,3.799589704956022,0,0.46671972647697757,-1.0625039569427073,-1.0973038277296707,-2.792204485700735,0,0,-0.16722579900488194,3.318856832390632,0,0.7266921137988099,0,0,-6.920027940337563,-6.967008391200768,0,15.823123877258526,0,0,-2.2794887299634343,0,1.471611173469889,-0.09136474902832331,-0.18127458755382572,0,0,0.4854340087892892,0.9117643945314284,0,0,4.344536661344717,0,0,3.9724636352720615,-0.3638555415371296,-3.294486498454355,3.9425643229330496,-2.8857197914149495,0,0,0,0,0,0,0,0,-3.8871073915607095,-2.931408402722829,-1.3259071209290945,-3.25870546701958,1.5802967281647935,-2.742485198577916,0,0,-7.095110869597649
60,0.8005207703466852,9.326033468832199,2.149594560240156,9.86142972183594,-11.618759905915466,0.40009968709097965,-4.461854905209383,1.4560622045654794,4.942172949219375,-1.1394115453135305,-1.7985959106813842,0.06376606977432274,0,0,0,0,0,0,0,0,2.239737012166382,0,1.216259048966511,5.319566922548078,0.3487677211488983,0,0,2.6317259094189724,0,-1.5376542425714659,0,0.22881504742092004,3.440253849620102,-0.43176650551428475,-4.341717917854779,-0.03050526077190873,-3.7041342196880036,1.9962325300049524,0,0,0,0,0.85050538060675,0,0,-0.06339281823571961,0,-1.246603301231642,0,1.3266841469323216,-0.6133604843057555,3.159552343665479,1.7077057642991476,0,3.784520371048114,0,0.20413545662095317,-0.715591470119502,-0.8837075068140043,-2.7615482238958036,0,0,-0.11907067896186772,2.937095287072277,0,0.6831402642706176,0,0,-6.734117126343758,-7.059939876776953,0,14.583333920590484,0,0,-2.266221609181224,0,1.4066052262605717,-0.15458488200497003,-0.23189833315768713,0,0,0.4766121963100152,0.862380181293635,0,0,3.283296696355577,0,0,4.058224532323529,-0.22059802923756314,-3.0121690537865007,3.537437728260552,-2.1502194541866064,0,0,0,0,0,0,0,0,-3.8680105157195626,-2.716621917585623,-1.2174321553235883,-3.256460710347746,1.5870991199253708,-2.677696509587405,0,0,-6.873089105324211
61,0.8157002375061279,7.564633275546289,1.8790655860770997,11.137859072992327,-14.536410147882988,0.9025008213766456,-5.036427029935154,2.08404320829308,5.590027638244422,-1.254275106349759,-2.860961860385311,1.807894794382932,0,0,0,0,0,0,0,0,2.6540519626696017,0,1.371782163981559,5.500230231031986,0.2871639558076146,0,0,3.168704714361316,0,-2.5580961737208465,0,0.800068581189774,3.100882700148762,-26155836718918255e-22,-3.7653854681935774,0,-4.001492645068801,2.0348011832234913,0,0,0,0,0.721728494576124,0,0,0,0,-1.458875850954231,0,1.272611592971393,-2.005952009019471,3.225842233334317,1.633365231288361,0,3.7786193003760866,0,1.3709017823246505,-1.7353859634674076,-1.810868461404708,-2.639804326499848,0.01191702831742912,0,-0.3135029039751209,3.966516127540914,0,0.8227161033796208,0,0,-7.21281771388597,-6.6832630240836055,0,17.994281233674663,0,0,-2.3118242639699167,0,1.5789894903048154,-0.01161443573393248,-0.09408510713140002,0,0,0.47803231829413817,0.9907378461544917,-0.7105475455725611,0,6.9679598770875995,-0.332356092695537,0,3.897078402601425,-0.505069355529619,-3.7387782780154017,4.633542318109758,-4.226723271992107,0,0,0,0,0,0,0,0,-3.964216842865353,-3.2180270695273547,-1.5308406717348586,-3.1416534171988304,1.5211492424735333,-2.858028609755531,0,0,-7.539678975094905
62,0.831443866192147,6.1359072734131725,1.8172524584445198,12.571213891245,-17.800392957028077,1.9177823939311802,-5.6732118967749665,2.483391883081332,5.75015472189556,-1.0643530362632985,-3.552892131577968,3.5750734079488007,0,0,0,0,0,0,0,0,3.8210901358404477,0,1.5597474862936507,5.218607749915373,0.24292015522012525,0,0,3.274659436199338,0,-2.9567101552309722,-0.163075615339718,1.5435869036361587,2.856727894721131,0,-3.939642507668624,0,-4.235153851232912,1.977480582355495,0,0,0,0,0.9577381544143401,0,0,0,0,-1.817427168285485,0,1.1804681623166708,-2.9459532399914576,2.8609573292185746,1.7487268404296308,0,4.014926749107279,0,3.344709910672812,-2.7807288120771485,-3.382680614258788,-1.7436675189083268,0.10025779523830328,0,-0.6775430018200534,4.861699767691171,0,0.962259625945375,3.1147755110827533,0,-9.680426073009839,-6.096367494455895,0.8646016249604749,18.917669720796095,0,0,-2.3931598760900834,0,1.7901213665950462,0,-0.060181098639891975,0,0,0.3741463404618018,1.1140480479446622,-2.8847219942608997,0,11.679566807411993,-1.9085046996446366,0,4.15156262789689,-0.3396366069447822,-4.50316252647252,5.3673607026435555,-6.006884017731099,0,0,0,0,0,0,0,0,-4.787701736335089,-4.039933885518196,-1.8089613654011618,-2.794859077903313,1.2570376109104044,-3.2497923044578116,0,0,-7.929059975835636
63,0.844452652867492,4.977023564332112,1.6515206860715288,13.98783983414228,-20.40435701543617,2.808538482589387,-6.059548314386738,2.558106550036529,5.74036245163218,-1.026182323555472,-3.9308869888058284,5.1376479295245,0,0,0,0,0,0,0,0,5.438128738307775,0,1.6837675034467126,4.877920677290078,0,0,0,3.020801537376743,0,-3.2265492039974135,-0.6441764819015442,2.5052513722013194,2.6616994648798022,0,-4.520866549966158,0,-4.489794079565759,1.848675271969983,0.10613424481742789,0,0,0,1.4643058488344174,0,0,-1.3665433861828755,0,-2.2434367290520805,0,0.970713224422118,-3.5937735498766696,2.5678989981895683,1.9496568280845181,0,4.339328669467265,0,4.640513986037191,-3.689989061299257,-4.425703737969385,-0.7945617468309706,0.20048293109216134,0,-1.021002529166096,5.671520166134009,0,1.0440462900365302,6.781415784768048,0,-12.353685264252748,-6.149121342486622,2.839795804713638,19.908867771912846,0,0,-2.380114344707095,0,1.996901875443803,0,-0.13944676869840494,0,0,0.23867716196436284,1.317641034004253,-4.234181253958792,0,15.003170944607984,-3.475193148497568,0,4.545673745348012,-0.11310076833820595,-5.219202450033824,5.842947610981833,-7.411048810414474,0,0,0,0,0,0,0,0,-6.351214535123253,-6.473746717285407,-1.9285022570155235,-2.4609474738404127,1.005339225393915,-3.6237961933914464,0,0,-8.015883003377551
64,0,0,0,0,0,0,0,0,0,0,0,0,0,0,0,0,0,0,0,0,0,0,0,0,0,0,0,0,0,0,0,0,0,0,0,0,0,0,0,0,0,0,0,0,0,0,0,0,0,0,0,0,0,0,0,0,0,0,0,0,0,0,0,0,0,0,0,0,0,0,0,0,0,0,0,0,0,0,0,0,0,0,0,0,0,0,0,0,0,0,0,0,0,0,0,0,0,0,0,0,0,0,0,0,0,0,0,0,0,0
65,0.8478018935671914,4.641588833612778,1.6267727903355396,14.399921424753503,-21.14889166047647,3.048654296136221,-6.13351353890212,2.559942618209368,5.718163709323867,-1.0441660591701853,-4.029495424004898,5.5549790135266015,0,0,0,0,0,0,0,0,5.900708916484802,0,1.7300173430128958,4.74316237579206,0,0,0,2.9393733145847505,0,-3.2535681254878663,-0.7417097660122097,2.6482768791595435,2.586953721853295,0,-4.718581595987417,0,-4.588193560402913,1.7802797821877863,0.23074661093421442,0,0,0,1.61829326556997,0,0,-1.846999499630097,0,-2.365719665483287,0,0.9165518510994282,-3.7588954374593984,2.5152514086390694,2.0244144753208277,0,4.466869735141041,0,5.062668521971209,-3.9653141509151,-4.751547449987345,-0.5098622071090357,0.2198821391093115,-0.00016976871445608635,-1.1260189189861223,5.898500899575308,-0.007093507500107481,1.069871007807263,8.01502920102658,0,-13.237114819501485,-6.101813902055191,3.4355058586891913,20.131518849132117,0,0,-2.368933285796022,0,2.058784629287921,0,-0.17362974022452968,0,0,0.2091910782852085,1.3634041598451434,-4.7021929844111625,0,16.03950468695321,-3.917749647160034,0,4.695355904959289,-0.03924552804269224,-5.399341773384094,5.99293513141054,-7.842763938380143,0,0,0,0,0,0,0,0,-6.789525117794521,-7.165852565419235,-1.9747295851261366,-2.3404469081190276,0.8602798811883897,-3.7431583870515808,0,0,-8.052543399869405
66,0.8534402579223332,4.0370172585965545,1.5765984426925452,15.042523427524308,-22.316140270081952,3.441152326116978,-6.246568751421303,2.4914017783157343,5.672425919565788,-1.1115066942909828,-4.1966886237601075,6.266077754219726,0,0,0,0,0,0,0,0,6.703858933423812,0,1.8100859284869428,4.5702416370411845,0,0,0,2.791678005378363,0,-3.217439249727358,-0.9491281077678428,2.830916372557524,2.477781561469989,8427188031988396e-20,-5.095741314293187,0,-4.763081001847939,1.678819523791687,0.44178352292831186,0,0,0,1.8712302245486812,0,0,-2.7788393766827553,0,-2.584784650753581,0,0.8097979489410658,-4.091110210974149,2.5173470108260663,2.183265595874609,0,4.67176441645125,0,5.87911728970778,-4.721380318637017,-5.337805573495679,0,0.28192972229843444,-0.07164496516789985,-1.2711584226268655,6.258204962974257,-0.19681532124612586,1.1339889767028095,9.918122235895531,0,-14.654114219716668,-6.013276288242505,4.502151901818941,20.888635191758983,0,0,-2.3415003996276624,0,2.1639071369225165,0,-0.27370612205149963,0.1169577334049505,0,0.17929499414146488,1.4566177737660144,-5.558818769497332,0.2989063861697049,17.79078958408429,-4.699949285277823,0,5.103497680034839,0,-5.662120319958452,6.366128528835228,-8.593160541951377,0,0,0,0,0,0,0,0,-7.544998779995928,-8.450613648070098,-2.0559930338216756,-2.149220044702329,0.5683793059554632,-4.06677469860833,0,0,-8.10671838614792
67,0,0,0,0,0,0,0,0,0,0,0,0,0,0,0,0,0,0,0,0,0,0,0,0,0,0,0,0,0,0,0,0,0,0,0,0,0,0,0,0,0,0,0,0,0,0,0,0,0,0,0,0,0,0,0,0,0,0,0,0,0,0,0,0,0,0,0,0,0,0,0,0,0,0,0,0,0,0,0,0,0,0,0,0,0,0,0,0,0,0,0,0,0,0,0,0,0,0,0,0,0,0,0,0,0,0,0,0,0,0
68,0.8583117730038928,3.511191734215131,1.3267974641902984,15.47301575744359,-23.250425201565193,3.8663824954181187,-6.263613184557809,2.559794894202506,5.760985968200409,-1.2901573980596666,-4.448251132235136,6.782500749220542,0,0,0,0,0,0,0,0,7.155896573071858,0,1.926746256298156,4.618846198114409,0,0,0,2.8711421155914523,0,-3.482972023726526,-1.1821227787180948,2.8646382969875948,2.389309291368832,0.14916834571126733,-5.206540576741553,0.3556276420871702,-5.083440774868956,1.5244722345022124,0.6544665976191398,0,0,0,2.0762856737137794,0,0,-4.2916031606673055,0,-2.749779095747935,0,0.7486049042927277,-4.350382520081529,2.436487119673813,2.404924913515828,0,4.925616404026869,0,6.723055140291193,-5.773957352286013,-5.546207780572474,0,0.24198841805113788,-0.13739237422118178,-1.4290026524683075,6.558203293846529,0,1.1928422672973371,10.437161898903376,0,-15.479363555433043,-5.894811992162027,5.450553777672919,21.84013867067536,0,1.903714271220498,-2.326130350149913,0,2.266166317783954,0,-0.3369681893375839,0.6224492464077861,0,0.21425582058819997,1.4117139651200734,-6.119062206262686,0.9908193558044794,19.004728482074334,-5.092046744748672,0,5.330721502273508,-0.07115856916756219,-5.804541425229121,6.5156104720326455,-9.214156832299025,0,0,0,0,0,0,0,0,-7.876036677316434,-9.944012216791373,-2.1682164497057426,-2.121317528533253,0.30237248006150796,-4.690322413277033,0,0,-8.28029008120573
69,0.8612831132517917,3.2745491628777286,1.16275932235763,15.52963004261104,-23.624515117689825,4.050890132716372,-6.208650389669406,2.6647994491673623,5.904043798169288,-1.3402039454051906,-4.553271850173989,6.93739109518258,0,0,0,0,0,0,0,0,7.416184571197043,0,1.990723320418535,4.75975766715018,0,0,0,5.577970576556001,-2.684149193704835,-3.592338556586513,-1.2683095021892066,2.7818982952957034,2.446496250687343,0.14185180460943075,-5.123245024885539,0.5392358935552549,-5.201009789807181,1.4407967425104096,0.7028319418932977,0,0,0,2.16066204167491,0,0,-5.182773749078213,0,-2.8166514370573505,0,0.7319985684481385,-4.4207653922727985,2.428394183432502,2.5097433051115376,0,5.063678028718071,0,6.965877537724007,-6.290790948127035,-5.589401010200221,0,0.22901142296670424,-0.1541548756290812,-1.4801322550028124,6.671059802920461,0,1.1977038480126452,10.210243253987937,0,-15.632616910680706,-6.001953741008076,5.928533878542228,21.847564150703967,0,3.529693517359758,-2.3096491522456244,0,2.314542369824237,0,-0.37041507640816057,0.7899443882795802,0,0.2235964111558098,1.4143656078452913,-6.1947525158455745,1.4178565242067858,19.451391357168188,-5.301093168611255,0,5.300610452437505,-0.18645296765198288,-5.846847188854859,6.626174338373582,-9.368725775605295,0,0,0,0,0,0,0,0,-8.13463139949583,-10.840031458996297,-2.231804958115328,-2.188703588344517,0.2005368542498697,-4.915599419942407,0,0,-8.343727737302025
70,0,0,0,0,0,0,0,0,0,0,0,0,0,0,0,0,0,0,0,0,0,0,0,0,0,0,0,0,0,0,0,0,0,0,0,0,0,0,0,0,0,0,0,0,0,0,0,0,0,0,0,0,0,0,0,0,0,0,0,0,0,0,0,0,0,0,0,0,0,0,0,0,0,0,0,0,0,0,0,0,0,0,0,0,0,0,0,0,0,0,0,0,0,0,0,0,0,0,0,0,0,0,0,0,0,0,0,0,0,0
71,0.864846890952728,3.0538555088334154,1.0704083717203443,15.52293123599012,-23.93306071913311,4.17996023359125,-6.199055269385527,2.841804084341586,5.9966298639416316,-1.3845876149470036,-4.667648382135346,7.104095807340835,0,0,0,1.4750152687266254,0,0,0,0,7.393779238413421,0,2.022627914697529,4.904312205911227,0,0,0,10.738660631219965,-7.859742539809781,-3.6217748080772063,-1.2402665324067341,2.6171325212949132,2.4906432808959904,0.1885751000106082,-4.850375687168419,0.5183042005312227,-5.273929416085711,1.4199296506041694,0.7565476013726233,0,0,0,1.5881206536221808,0,0,-5.924905653674822,0,-2.815074513148428,0,0.7323195708210608,-4.6330295241918105,2.5015807772814,2.581882283037342,0,5.042765687787494,0,7.125375423757438,-6.720529164535295,-5.630227107684755,0,0.20635657359338472,-0.1320036508503318,-1.5567380763014738,6.7692784406696855,0,1.2028801210560245,9.964863462295336,0,-15.669805273164796,-7.1303350140256105,6.270168414985402,22.611014486066754,0,4.356832941855839,-2.2944419066741357,0,2.3470591618007033,0.05038396430521156,-0.41436199674108815,0.8975732068597997,0,0.21794111072184388,1.4238434237858493,-6.252446418903819,1.8097876570360318,19.84228442918103,-5.428023519474297,0,5.135112901589289,-0.17553384502634012,-5.8137282603889595,6.737780708406274,-9.558506652733861,0,0,0,0,0,0,0,0,-8.128178213294289,-11.690042263029193,-2.2528267795578563,-2.2212102359201484,0.10747023685932458,-5.0887110066148145,0,0,-8.411397082298764
72,0.8914328792571451,1.5199110829529336,1.6179124838549133,15.19820359613076,-27.03438717402848,5.175505105641481,-7.160639908500713,3.590203372546813,6.6138427982147885,-1.9631129119403874,-5.579504958272205,8.811409956663516,0,0,0,5.023399953211064,0,0,0,0,8.480139761235623,0,2.1151950821862577,5.600456847870372,0,11.418006141716733,0,55.93485026220705,-52.090744543189935,-3.8596959924590943,-0.893397015384077,1.1772322894828962,2.754454678462922,0.9396663307857204,-3.177331208032743,0.4484198958413552,-5.868317007257217,1.1101506602017137,1.4025950809684864,0,0,0,0,5071370186812349e-21,0,-11.671227242030556,0,-2.950434964863879,9.576076971330755,0.8171125419581091,-5.7930270678080165,2.5111114068324305,0,0,4.864822283897138,0,9.389067928568695,-9.72620145692396,-6.260036162819242,1.0133548598551865,0,-0.13991859644786622,-1.8160412942248039,7.819651632189421,0,1.4052611113382592,6.387182756310056,0,-16.884511549858203,-9.728776992524827,10.428627709911535,30.560005869917504,0,10.338307069220756,-2.171161793817713,0,2.540861325226896,0.22845038493603614,-0.6625810118589267,8.324439118998653,0,0,0.6877065980893005,-8.739161922890622,4.461835639010833,24.02948307479532,-7.150552874202399,0.5485719366238502,4.859921818633264,-0.2032216426009932,-5.66890122344115,7.645262286649387,-11.643711559069533,0,0,0,0,0,0,0,0,-9.343055094662343,-22.100876384652672,-2.5188487762567333,-2.238073547824337,-0.5035379856921838,-21.257589149564613,0,-10.18671712643433,0
73,0.8899312772782227,1.6297508346206442,1.5215412767386274,15.216949142088964,-26.926034462741093,5.171680181425103,-7.077697380051024,3.6713192880692853,6.618462761952285,-1.8977060267160744,-5.5869570710754655,8.749184574341221,0,0,0,5.095238259833673,0,0,0,0,8.388294727689203,0,2.0753882008944116,5.573116033349656,0,11.038030870348356,0,52.234885188978275,-48.474324761994566,-3.931680096983307,-0.9450202322745779,1.3796562379190185,2.7533259387302778,0.8748137918375074,-3.1727889508644678,0.5031629740482668,-5.841608513616355,1.1449698053028372,1.2993432940491452,0,0,0,0,44171292356717795e-21,0,-11.051974200193742,0,-2.949788555735645,8.061925975199458,0.8088098026641707,-5.768652000764818,2.4640243670198885,0,0,4.845408880692617,0,9.137788071613624,-9.43549499078788,-6.203009849113009,0.9268379005486865,0,-0.14093271283855868,-1.7764119852754805,7.786943184243905,0,1.3642540641644973,6.6205942225527705,0,-16.68712913559355,-9.875895404001973,9.952642846886807,29.46529046945332,0,10.332122154508248,-2.2234045006316707,0,2.51207268014747,0.23796491704120096,-0.6060862987739716,7.931683003574095,0,0,0.8047542199768406,-8.443894009708998,4.226133079016735,23.763568394658307,-7.086904876659214,0.4946057800308214,4.72328327584142,-0.2524763655510523,-5.721993863228586,7.63762631642847,-11.48785963547635,0,0,0,0,0,0,0,0,-9.22130740239315,-20.97695982682556,-2.467785872452004,-2.213623805486971,-0.4071242251787694,-20.510633403906198,0,-8.788219871210634,-1.1796390452977592
74,0.8941223908932615,1.321941148466029,1.7860711463399985,15.139724152923185,-27.427270614156857,5.312260143926964,-7.353190620615198,3.7162763343539553,6.672229795900575,-2.0818018361255737,-5.706836643445877,9.031081536107955,0,0,0,4.708199130152871,0,0,0,0,8.943997689476198,0,2.0946369701781635,5.6817755640479275,0,14.275458263246557,0,61.27744285561969,-57.27951747034314,-3.895094612564137,-0.8416692940055934,0.8918239851408856,2.8063561169957776,1.0629738785950493,-2.890738498312958,0.4547555854367801,-5.913464076223729,1.0772810245516742,1.496930947280181,0,0,0,0,5100651544641226e-21,0,-12.430199449991017,0,-3.024869881485658,12.311509818339522,0.8155689217064758,-5.907098527023974,2.6037509122398554,-0.721500662677441,0,4.814522739174011,0,9.698782446090757,-10.145100801781213,-6.313709782638472,1.0947256412497146,0,-0.2187157757856112,-1.75515989093622,7.938908372606286,0,1.4535631356076575,5.56790069844514,0,-16.976421275095497,-9.304166345095966,11.17368766279737,32.09496909197541,0,10.653000647891478,-2.1677439164390635,0,2.574013415867361,0.2290794633505722,-0.7200560243259816,10.091334482611071,0,0.043277083586773284,0.6233299267882193,-9.10875437598292,4.792374089250865,24.54176629839567,-7.329060884368148,0.7176875587657356,4.883693223259687,-0.2691651196991606,-5.657581184040475,7.741649554928513,-11.968086525575814,0,0,0,0,0,0,0,0,-9.772531950712464,-23.94972702630877,-2.5561989491083135,-2.2604728681454005,-0.6152583963322521,-25.14921963321983,0,-10.388957936187143,0
75,0.8963588400387063,1.1497569953977358,1.9430543216859155,15.058512554570367,-27.835272947616545,5.435909158004048,-7.5046747268098795,3.9048560458321324,6.699973354000419,-2.1769215012657055,-5.8404843956459995,9.28389822336375,0,0,0,4.398596795317721,0,0,0,0,9.348002400383184,0,2.0540732768422405,5.819400735280665,0,17.598109262984593,0,66.0078063331645,-61.86185554445671,-3.9594045864071115,-0.7659138560384818,0.63843108157832,2.8606349148622603,1.1737485345991745,-2.5623902763739212,0.47156161313857253,-5.955400270182353,1.0695726576405715,1.5534384394151144,0,0,0,0,6383269977912852e-21,0,-13.032976513429722,0,-3.0901930358102936,14.662957004791624,0.7984787743510472,-6.045133637260847,2.6829399076816745,-1.6144797140784561,0,4.742368837205735,0,9.984704214989405,-10.536810499914042,-6.3059475491756585,1.0945690705109605,0,-0.3174894567381073,-1.6557529533718358,8.062519439873984,0.06753582994135665,1.5034345297163545,4.657279938346311,0,-16.99774939589888,-8.931583356938125,11.795345825946534,33.357922520078326,0,11.246507711991281,-2.18923887992872,0,2.5979037731061845,0.2317993946480793,-0.7557803611875376,12.059665493993394,0,0.10205766586968072,0.5290201677273823,-9.427669934254228,5.105693297731959,24.97823321353225,-7.429307719325877,0.8639639228195516,4.865717674912349,-0.348381454880908,-5.673803744085835,7.772698566854158,-12.308052672421761,0,0,0,0,0,0,0,0,-10.133450968283153,-25.578784555202184,-2.575308384851681,-2.2952454782278893,-0.70780554723257,-29.543807027986343,0,-10.56029846777778,0
76,0.8980804337114442,1,2.0535992091288144,14.973103916728622,-28.176361834870495,5.528095711409977,-7.6354277517020686,4.103718730478427,6.715732144619947,-2.2376977187266647,-5.971274481565582,9.506182012693063,0,0,0,4.147100709375772,0,0,0,0,9.669315042216912,0,2.025411753397359,6.014966350334006,0,20.557644896207357,0,70.01888697171952,-65.74245490338214,-4.021262058762008,-0.688661714902993,0.4186017478921039,2.9151418999622383,1.2320862149573224,-2.238245703225762,0.5052035759949467,-5.9847754793412475,1.0539918251398153,1.5918331767174405,0,0,0,0,71489525404902846e-22,0,-13.680857512922183,0,-3.1429893710043046,16.61995327257336,0.7714981448685048,-6.213076910216142,2.7799163414627257,-2.3985458107134763,0,4.683183326673081,0,10.250268407859851,-10.861706166388796,-6.283136904854653,1.0600225854475698,-0.07751289363264362,-0.40797992846147035,-1.5418949309495449,8.169424602556711,0.19085366604833812,1.5417394991041973,3.6184633272528623,0,-16.915215498753607,-8.651316613666674,12.342663777922361,34.4779556847484,0,12.185696757002804,-2.209389009320352,0,2.6188640508919927,0.2395914559832466,-0.786658024963302,13.891244251832106,0,0.16446434486330533,0.4287232061627944,-9.699703185969893,5.378220905234493,25.357365782240382,-7.481095144615003,1.0579098572643688,4.830518651022526,-0.43686109872322865,-5.7009410478376354,7.765397933445244,-12.605440109803649,0,0,0,0,0,0,0,0,-10.415370573347355,-27.065772703442573,-2.5865225805665277,-2.3447557449129364,-0.8049714446724093,-33.51624677447522,0,-10.713140386765696,0
77,0.8826765003376282,2.0092330025650473,1.1061579684976943,15.343638714465222,-26.071803297556507,5.17654888897651,-7.081212582494453,3.9252117756539713,6.70544918469202,-1.6665674000763213,-5.595156515163794,8.316769685424163,0,0,0,5.307355966152433,0,0,0,0,8.427835251572843,0,1.9292165441305906,5.260068984291912,0,7.1814792643902265,0,37.01397833260234,-33.65408283216397,-4.169716052384844,-1.2466547392339558,2.171191557466767,2.7815431942700157,0.537595379545734,-3.034469107486776,0.6233539159919822,-5.610764586806212,1.218672603582657,0.9561264872614993,0,0,0,0,0.002891669793183116,0,-8.930298775802816,0,-3.027100192400914,3.398108748491036,0.8097757103355392,-5.648309287766735,2.3828584161717425,0.7974192568834384,0,4.7423839126561536,0,8.118926284245463,-8.410647448361921,-6.053933142179239,0.6896379136319801,0.019113122538540778,-0.13392196220012892,-1.7665665959369536,7.587296111840542,0,1.222484714982708,7.7801576289755685,0,-16.055809043384965,-10.24696787514979,8.353725922987165,25.555774963696226,0,9.308252213910187,-2.358642908490573,9681485640585788e-21,2.4075332874515705,0.2999524592513252,-0.42439729640794527,5.2881574200054295,0,0.22320939033272894,1.42160650099085,-7.1813115458410985,3.4165463391810427,22.45742494010389,-6.921309668982255,0.5912147627618604,4.268610783773673,-0.3081245856646744,-5.893200342273522,7.623158243953607,-10.89556436300177,0,0,0,0,-14130504507364205e-21,0,0,0,-9.134881451945127,-16.963575632427172,-2.269725016426984,-2.0802927749700877,-0.040234640630890765,-14.905335573074282,0,0,-9.01255915646423
78,0,0,0,0,0,0,0,0,0,0,0,0,0,0,0,0,0,0,0,0,0,0,0,0,0,0,0,0,0,0,0,0,0,0,0,0,0,0,0,0,0,0,0,0,0,0,0,0,0,0,0,0,0,0,0,0,0,0,0,0,0,0,0,0,0,0,0,0,0,0,0,0,0,0,0,0,0,0,0,0,0,0,0,0,0,0,0,0,0,0,0,0,0,0,0,0,0,0,0,0,0,0,0,0,0,0,0,0,0,0
79,0,0,0,0,0,0,0,0,0,0,0,0,0,0,0,0,0,0,0,0,0,0,0,0,0,0,0,0,0,0,0,0,0,0,0,0,0,0,0,0,0,0,0,0,0,0,0,0,0,0,0,0,0,0,0,0,0,0,0,0,0,0,0,0,0,0,0,0,0,0,0,0,0,0,0,0,0,0,0,0,0,0,0,0,0,0,0,0,0,0,0,0,0,0,0,0,0,0,0,0,0,0,0,0,0,0,0,0,0,0
80,0,0,0,0,0,0,0,0,0,0,0,0,0,0,0,0,0,0,0,0,0,0,0,0,0,0,0,0,0,0,0,0,0,0,0,0,0,0,0,0,0,0,0,0,0,0,0,0,0,0,0,0,0,0,0,0,0,0,0,0,0,0,0,0,0,0,0,0,0,0,0,0,0,0,0,0,0,0,0,0,0,0,0,0,0,0,0,0,0,0,0,0,0,0,0,0,0,0,0,0,0,0,0,0,0,0,0,0,0,0
81,0,0,0,0,0,0,0,0,0,0,0,0,0,0,0,0,0,0,0,0,0,0,0,0,0,0,0,0,0,0,0,0,0,0,0,0,0,0,0,0,0,0,0,0,0,0,0,0,0,0,0,0,0,0,0,0,0,0,0,0,0,0,0,0,0,0,0,0,0,0,0,0,0,0,0,0,0,0,0,0,0,0,0,0,0,0,0,0,0,0,0,0,0,0,0,0,0,0,0,0,0,0,0,0,0,0,0,0,0,0
82,0,0,0,0,0,0,0,0,0,0,0,0,0,0,0,0,0,0,0,0,0,0,0,0,0,0,0,0,0,0,0,0,0,0,0,0,0,0,0,0,0,0,0,0,0,0,0,0,0,0,0,0,0,0,0,0,0,0,0,0,0,0,0,0,0,0,0,0,0,0,0,0,0,0,0,0,0,0,0,0,0,0,0,0,0,0,0,0,0,0,0,0,0,0,0,0,0,0,0,0,0,0,0,0,0,0,0,0,0,0
83,0,0,0,0,0,0,0,0,0,0,0,0,0,0,0,0,0,0,0,0,0,0,0,0,0,0,0,0,0,0,0,0,0,0,0,0,0,0,0,0,0,0,0,0,0,0,0,0,0,0,0,0,0,0,0,0,0,0,0,0,0,0,0,0,0,0,0,0,0,0,0,0,0,0,0,0,0,0,0,0,0,0,0,0,0,0,0,0,0,0,0,0,0,0,0,0,0,0,0,0,0,0,0,0,0,0,0,0,0,0
84,0,0,0,0,0,0,0,0,0,0,0,0,0,0,0,0,0,0,0,0,0,0,0,0,0,0,0,0,0,0,0,0,0,0,0,0,0,0,0,0,0,0,0,0,0,0,0,0,0,0,0,0,0,0,0,0,0,0,0,0,0,0,0,0,0,0,0,0,0,0,0,0,0,0,0,0,0,0,0,0,0,0,0,0,0,0,0,0,0,0,0,0,0,0,0,0,0,0,0,0,0,0,0,0,0,0,0,0,0,0
85,0,0,0,0,0,0,0,0,0,0,0,0,0,0,0,0,0,0,0,0,0,0,0,0,0,0,0,0,0,0,0,0,0,0,0,0,0,0,0,0,0,0,0,0,0,0,0,0,0,0,0,0,0,0,0,0,0,0,0,0,0,0,0,0,0,0,0,0,0,0,0,0,0,0,0,0,0,0,0,0,0,0,0,0,0,0,0,0,0,0,0,0,0,0,0,0,0,0,0,0,0,0,0,0,0,0,0,0,0,0
86,0,0,0,0,0,0,0,0,0,0,0,0,0,0,0,0,0,0,0,0,0,0,0,0,0,0,0,0,0,0,0,0,0,0,0,0,0,0,0,0,0,0,0,0,0,0,0,0,0,0,0,0,0,0,0,0,0,0,0,0,0,0,0,0,0,0,0,0,0,0,0,0,0,0,0,0,0,0,0,0,0,0,0,0,0,0,0,0,0,0,0,0,0,0,0,0,0,0,0,0,0,0,0,0,0,0,0,0,0,0
87,0,0,0,0,0,0,0,0,0,0,0,0,0,0,0,0,0,0,0,0,0,0,0,0,0,0,0,0,0,0,0,0,0,0,0,0,0,0,0,0,0,0,0,0,0,0,0,0,0,0,0,0,0,0,0,0,0,0,0,0,0,0,0,0,0,0,0,0,0,0,0,0,0,0,0,0,0,0,0,0,0,0,0,0,0,0,0,0,0,0,0,0,0,0,0,0,0,0,0,0,0,0,0,0,0,0,0,0,0,0
88,0,0,0,0,0,0,0,0,0,0,0,0,0,0,0,0,0,0,0,0,0,0,0,0,0,0,0,0,0,0,0,0,0,0,0,0,0,0,0,0,0,0,0,0,0,0,0,0,0,0,0,0,0,0,0,0,0,0,0,0,0,0,0,0,0,0,0,0,0,0,0,0,0,0,0,0,0,0,0,0,0,0,0,0,0,0,0,0,0,0,0,0,0,0,0,0,0,0,0,0,0,0,0,0,0,0,0,0,0,0
89,0,0,0,0,0,0,0,0,0,0,0,0,0,0,0,0,0,0,0,0,0,0,0,0,0,0,0,0,0,0,0,0,0,0,0,0,0,0,0,0,0,0,0,0,0,0,0,0,0,0,0,0,0,0,0,0,0,0,0,0,0,0,0,0,0,0,0,0,0,0,0,0,0,0,0,0,0,0,0,0,0,0,0,0,0,0,0,0,0,0,0,0,0,0,0,0,0,0,0,0,0,0,0,0,0,0,0,0,0,0
90,0,0,0,0,0,0,0,0,0,0,0,0,0,0,0,0,0,0,0,0,0,0,0,0,0,0,0,0,0,0,0,0,0,0,0,0,0,0,0,0,0,0,0,0,0,0,0,0,0,0,0,0,0,0,0,0,0,0,0,0,0,0,0,0,0,0,0,0,0,0,0,0,0,0,0,0,0,0,0,0,0,0,0,0,0,0,0,0,0,0,0,0,0,0,0,0,0,0,0,0,0,0,0,0,0,0,0,0,0,0
91,0,0,0,0,0,0,0,0,0,0,0,0,0,0,0,0,0,0,0,0,0,0,0,0,0,0,0,0,0,0,0,0,0,0,0,0,0,0,0,0,0,0,0,0,0,0,0,0,0,0,0,0,0,0,0,0,0,0,0,0,0,0,0,0,0,0,0,0,0,0,0,0,0,0,0,0,0,0,0,0,0,0,0,0,0,0,0,0,0,0,0,0,0,0,0,0,0,0,0,0,0,0,0,0,0,0,0,0,0,0
92,0,0,0,0,0,0,0,0,0,0,0,0,0,0,0,0,0,0,0,0,0,0,0,0,0,0,0,0,0,0,0,0,0,0,0,0,0,0,0,0,0,0,0,0,0,0,0,0,0,0,0,0,0,0,0,0,0,0,0,0,0,0,0,0,0,0,0,0,0,0,0,0,0,0,0,0,0,0,0,0,0,0,0,0,0,0,0,0,0,0,0,0,0,0,0,0,0,0,0,0,0,0,0,0,0,0,0,0,0,0
93,0,0,0,0,0,0,0,0,0,0,0,0,0,0,0,0,0,0,0,0,0,0,0,0,0,0,0,0,0,0,0,0,0,0,0,0,0,0,0,0,0,0,0,0,0,0,0,0,0,0,0,0,0,0,0,0,0,0,0,0,0,0,0,0,0,0,0,0,0,0,0,0,0,0,0,0,0,0,0,0,0,0,0,0,0,0,0,0,0,0,0,0,0,0,0,0,0,0,0,0,0,0,0,0,0,0,0,0,0,0
94,0,0,0,0,0,0,0,0,0,0,0,0,0,0,0,0,0,0,0,0,0,0,0,0,0,0,0,0,0,0,0,0,0,0,0,0,0,0,0,0,0,0,0,0,0,0,0,0,0,0,0,0,0,0,0,0,0,0,0,0,0,0,0,0,0,0,0,0,0,0,0,0,0,0,0,0,0,0,0,0,0,0,0,0,0,0,0,0,0,0,0,0,0,0,0,0,0,0,0,0,0,0,0,0,0,0,0,0,0,0
95,0,0,0,0,0,0,0,0,0,0,0,0,0,0,0,0,0,0,0,0,0,0,0,0,0,0,0,0,0,0,0,0,0,0,0,0,0,0,0,0,0,0,0,0,0,0,0,0,0,0,0,0,0,0,0,0,0,0,0,0,0,0,0,0,0,0,0,0,0,0,0,0,0,0,0,0,0,0,0,0,0,0,0,0,0,0,0,0,0,0,0,0,0,0,0,0,0,0,0,0,0,0,0,0,0,0,0,0,0,0
96,0,0,0,0,0,0,0,0,0,0,0,0,0,0,0,0,0,0,0,0,0,0,0,0,0,0,0,0,0,0,0,0,0,0,0,0,0,0,0,0,0,0,0,0,0,0,0,0,0,0,0,0,0,0,0,0,0,0,0,0,0,0,0,0,0,0,0,0,0,0,0,0,0,0,0,0,0,0,0,0,0,0,0,0,0,0,0,0,0,0,0,0,0,0,0,0,0,0,0,0,0,0,0,0,0,0,0,0,0,0
97,0,0,0,0,0,0,0,0,0,0,0,0,0,0,0,0,0,0,0,0,0,0,0,0,0,0,0,0,0,0,0,0,0,0,0,0,0,0,0,0,0,0,0,0,0,0,0,0,0,0,0,0,0,0,0,0,0,0,0,0,0,0,0,0,0,0,0,0,0,0,0,0,0,0,0,0,0,0,0,0,0,0,0,0,0,0,0,0,0,0,0,0,0,0,0,0,0,0,0,0,0,0,0,0,0,0,0,0,0,0
98,0,0,0,0,0,0,0,0,0,0,0,0,0,0,0,0,0,0,0,0,0,0,0,0,0,0,0,0,0,0,0,0,0,0,0,0,0,0,0,0,0,0,0,0,0,0,0,0,0,0,0,0,0,0,0,0,0,0,0,0,0,0,0,0,0,0,0,0,0,0,0,0,0,0,0,0,0,0,0,0,0,0,0,0,0,0,0,0,0,0,0,0,0,0,0,0,0,0,0,0,0,0,0,0,0,0,0,0,0,0
99,0,0,0,0,0,0,0,0,0,0,0,0,0,0,0,0,0,0,0,0,0,0,0,0,0,0,0,0,0,0,0,0,0,0,0,0,0,0,0,0,0,0,0,0,0,0,0,0,0,0,0,0,0,0,0,0,0,0,0,0,0,0,0,0,0,0,0,0,0,0,0,0,0,0,0,0,0,0,0,0,0,0,0,0,0,0,0,0,0,0,0,0,0,0,0,0,0,0,0,0,0,0,0,0,0,0,0,0,0,0
100,0,0,0,0,0,0,0,0,0,0,0,0,0,0,0,0,0,0,0,0,0,0,0,0,0,0,0,0,0,0,0,0,0,0,0,0,0,0,0,0,0,0,0,0,0,0,0,0,0,0,0,0,0,0,0,0,0,0,0,0,0,0,0,0,0,0,0,0,0,0,0,0,0,0,0,0,0,0,0,0,0,0,0,0,0,0,0,0,0,0,0,0,0,0,0,0,0,0,0,0,0,0,0,0,0,0,0,0,0,0
101,0,0,0,0,0,0,0,0,0,0,0,0,0,0,0,0,0,0,0,0,0,0,0,0,0,0,0,0,0,0,0,0,0,0,0,0,0,0,0,0,0,0,0,0,0,0,0,0,0,0,0,0,0,0,0,0,0,0,0,0,0,0,0,0,0,0,0,0,0,0,0,0,0,0,0,0,0,0,0,0,0,0,0,0,0,0,0,0,0,0,0,0,0,0,0,0,0,0,0,0,0,0,0,0,0,0,0,0,0,0
102,0,0,0,0,0,0,0,0,0,0,0,0,0,0,0,0,0,0,0,0,0,0,0,0,0,0,0,0,0,0,0,0,0,0,0,0,0,0,0,0,0,0,0,0,0,0,0,0,0,0,0,0,0,0,0,0,0,0,0,0,0,0,0,0,0,0,0,0,0,0,0,0,0,0,0,0,0,0,0,0,0,0,0,0,0,0,0,0,0,0,0,0,0,0,0,0,0,0,0,0,0,0,0,0,0,0,0,0,0,0
103,0,0,0,0,0,0,0,0,0,0,0,0,0,0,0,0,0,0,0,0,0,0,0,0,0,0,0,0,0,0,0,0,0,0,0,0,0,0,0,0,0,0,0,0,0,0,0,0,0,0,0,0,0,0,0,0,0,0,0,0,0,0,0,0,0,0,0,0,0,0,0,0,0,0,0,0,0,0,0,0,0,0,0,0,0,0,0,0,0,0,0,0,0,0,0,0,0,0,0,0,0,0,0,0,0,0,0,0,0,0
104,0,0,0,0,0,0,0,0,0,0,0,0,0,0,0,0,0,0,0,0,0,0,0,0,0,0,0,0,0,0,0,0,0,0,0,0,0,0,0,0,0,0,0,0,0,0,0,0,0,0,0,0,0,0,0,0,0,0,0,0,0,0,0,0,0,0,0,0,0,0,0,0,0,0,0,0,0,0,0,0,0,0,0,0,0,0,0,0,0,0,0,0,0,0,0,0,0,0,0,0,0,0,0,0,0,0,0,0,0,0
105,0,0,0,0,0,0,0,0,0,0,0,0,0,0,0,0,0,0,0,0,0,0,0,0,0,0,0,0,0,0,0,0,0,0,0,0,0,0,0,0,0,0,0,0,0,0,0,0,0,0,0,0,0,0,0,0,0,0,0,0,0,0,0,0,0,0,0,0,0,0,0,0,0,0,0,0,0,0,0,0,0,0,0,0,0,0,0,0,0,0,0,0,0,0,0,0,0,0,0,0,0,0,0,0,0,0,0,0,0,0
106,0,0,0,0,0,0,0,0,0,0,0,0,0,0,0,0,0,0,0,0,0,0,0,0,0,0,0,0,0,0,0,0,0,0,0,0,0,0,0,0,0,0,0,0,0,0,0,0,0,0,0,0,0,0,0,0,0,0,0,0,0,0,0,0,0,0,0,0,0,0,0,0,0,0,0,0,0,0,0,0,0,0,0,0,0,0,0,0,0,0,0,0,0,0,0,0,0,0,0,0,0,0,0,0,0,0,0,0,0,0
107,0,0,0,0,0,0,0,0,0,0,0,0,0,0,0,0,0,0,0,0,0,0,0,0,0,0,0,0,0,0,0,0,0,0,0,0,0,0,0,0,0,0,0,0,0,0,0,0,0,0,0,0,0,0,0,0,0,0,0,0,0,0,0,0,0,0,0,0,0,0,0,0,0,0,0,0,0,0,0,0,0,0,0,0,0,0,0,0,0,0,0,0,0,0,0,0,0,0,0,0,0,0,0,0,0,0,0,0,0,0
108,0,0,0,0,0,0,0,0,0,0,0,0,0,0,0,0,0,0,0,0,0,0,0,0,0,0,0,0,0,0,0,0,0,0,0,0,0,0,0,0,0,0,0,0,0,0,0,0,0,0,0,0,0,0,0,0,0,0,0,0,0,0,0,0,0,0,0,0,0,0,0,0,0,0,0,0,0,0,0,0,0,0,0,0,0,0,0,0,0,0,0,0,0,0,0,0,0,0,0,0,0,0,0,0,0,0,0,0,0,0
