0;1;2;3;4;5;6;7;8;9;10;11;12;13;14;15;16;17;18;19;20;21;22;23;24;25;26;27;28;29;30;31;32;33;34;35;36;37;38;39;40;41;42;43;44;45;46;47;48;49;50;51;52;53;54;55;56;57;58;59;60;61;62;63;64;65;66;67;68;69;70;71;72;73;74;75;76;77;78;79;80;81;82;83;84;85;86;87;88;89;90;91;92;93;94;95;96;97;98;99;100
0;0.171670171;0.183762961;0.395257443;0.130279843;0.350283318;0.266508284;0.58559238;0.505881928;1.001878129;0.657082815;0.182270133;0.390961934;0.214256781;0.355009134;0.375364847;0.272928833;0.328398182;0.162714465;0.035612087;0.263631152;0.119274811;0.29307507;0.353685401;0.202081967;0.528212514;0.133333642;0.181018328;0.317354031;0.27769503;0.710476338;0.099013741;0.230045677;0.087202355;0.953012303;0.050931556;0.742370867;0.179916689;0.27680539;0.40301182;0.993216445;0.136362202;0.079349549;0.318757264;0.507113542;0.452745832;0.543531983;0.397821624;0.830811146;0.733719279;0.35394409;0.236642891;0.28978782;0.4670154;0.424383362;0.746181806;0.611012099;0.723568553;2.060864815;2.164608158;0.638659071;0.769703626;0.044622055;0.158625908;0.325590454;0.1383661;0.162316967;0.501484205;0.283777389;0.131646481;0.506432116;0.168443492;0.34016414;2.436850517;0.289560678;0.483731793;0.990012481;0.074857184;1.258226854;0.918977592;0.405953309;0.530200007;4.076871599;0.520848064;0.34243556;0.278955668;0.797880597;2.015695095;0.277573888;0.061575684;0.169201894;0.092477098;0.307898612;1.064342191;0.253799687;0.298718288;0.158632218;0.682643866;4.043735361;6.312282456;37.33518764
1;-0.474582;-0.324481103;0.346280794;-0.074964091;-0.876263398;-0.180024778;0.60049698;-0.964017991;0.276070188;-8.123189812;0.196393391;0.869538579;-0.525729941;-0.112529387;-1.006480615;-0.129488121;0.125873008;-0.332552321;-0.311262276;0.184712097;-0.753198223;-0.221730366;0.115948066;-0.364961666;-6.015190252;-0.134347448;0.323576063;-1.280057947;-0.097730916;-7.912168909;-0.839506812;-0.14050858;-0.07192861;-0.897496016;-0.036762883;-4.249703465;-0.491598821;-1.125538958;-7.842094109;-0.767132514;-5.829379044;0.160473775;-0.852821494;-0.205465036;-0.257747663;-0.760415061;-0.408248151;-0.897292755;0.178361508;-1.312749462;-0.976914475;0.555024031;-1.228055833;-0.366295956;-1.220109027;-0.297678975;0.474999199;0.340826561;-0.990578114;-0.020032377;0.645384922;0.053465471;-0.016559034;-0.744497263;-11.74011725;-0.221573098;-0.063605058;-0.962303665;-0.591410429;-0.589295952;-0.834445304;0.744539971;0.315185453;-1.655291627;-0.71650161;-1.207089189;0.301208696;0.23396597;-11.82073731;-0.780285239;-2.949967926;-3.561705581;-0.269498948;-0.551157653;-0.410337395;-0.277949882;-2.081374469;0.341420649;-0.476439655;-0.066415854;-0.765630419;-0.063476977;0.422015807;-1.693404719;-0.204840726;-2.089620642;0.131612406;-2.555436796;-12.18413747;0.70080604
1.099;-0.448477159;-0.282069054;0.309193528;-0.070543798;-0.815519243;-0.169386801;0.662450179;-0.879185787;0.295446313;-6.768662878;0.185147415;0.831424563;-0.458584586;-0.060011296;-0.917488521;-0.184049926;0.068590686;-0.375975915;-0.318847563;0.112941117;-0.776837191;-0.224945128;0.243387861;-0.333916988;-5.990690738;-0.118658807;0.299291521;-1.160855076;-0.093261128;-7.902124833;-1.024953553;-0.214415515;-0.062047545;-0.393882814;-0.036765679;-4.02947062;-0.434792725;-1.20060197;-7.559975544;-0.630717254;-6.116475192;0.126018013;-0.794151484;-0.213866154;-0.266528535;-0.692535862;-0.369458912;-0.368065916;0.175802782;-1.199267417;-0.989009832;0.449396892;-1.124593219;-0.375521585;-1.172987212;-0.438669228;0.454305193;0.378760981;-0.740235742;-0.046091596;0.709882935;0.041619029;-0.048436035;-0.841814936;-9.796950244;-0.177624479;-0.053968285;-1.013528564;-0.535297517;-0.462932223;-0.846657532;0.732802276;0.296364158;-1.567037664;-0.655269287;-1.164787781;0.299653977;0.251265613;-11.21298496;-0.69456868;-2.920117405;-3.175716568;-0.228313821;-0.572576063;-0.412202785;-0.352387126;-2.134860134;0.299989604;-0.387427222;-0.090968748;-0.743701655;-0.19701341;0.416965478;-1.576272564;-0.216017574;-2.04117559;0.126266245;-2.642614966;-11.89336429;0.709352335
1.207;-0.37862926;-0.192067888;0.25361879;-0.066284743;-0.739832227;-0.158354032;0.690833502;-0.824311285;0.307466775;-5.138930395;0.168754736;0.77420753;-0.386641327;-0.005721859;-0.805985132;-0.264861561;0.06475535;-0.465308863;-0.329222394;0.025851109;-0.781010175;-0.228560811;0.480045531;-0.310629378;-6.056215531;-0.103452738;0.265119037;-1.301678927;-0.088690568;-8.128500298;-1.027151328;-0.273457927;-0.051328821;-0.019474495;-0.036765661;-3.796123549;-0.395747875;-1.291177596;-7.254706395;-0.500760943;-6.469410308;0.109324038;-0.731786157;-0.237535288;-0.275585834;-0.626969099;-0.329594427;-0.050537715;0.163897771;-1.079229631;-0.946467814;0.32574377;-1.007516844;-0.382698831;-0.942687696;-0.621050647;0.458216177;0.38422333;-0.531648081;-0.077268019;0.767532199;0.028209287;-0.108647059;-0.888251513;-7.972336749;-0.1343447;-0.065006487;-1.091615935;-0.478257881;-0.377228103;-0.861306753;0.719199509;0.27800295;-1.476075921;-0.589252855;-1.135074894;0.296910608;0.097735729;-10.54649664;-0.605077662;-2.891195778;-2.676710363;-0.196895196;-0.612184348;-0.417780662;-0.433773178;-2.007767474;0.245444022;-0.347687883;-0.135367523;-0.722380696;-0.373488097;0.296360048;-1.426944965;-0.235224681;-1.988727243;0.117743724;-2.74551067;-11.58185165;0.71771022
1.326;-0.309432462;-0.139605759;0.175837336;-0.062380841;-0.659594603;-0.146869001;0.674800091;-0.772730055;0.316367317;-3.929302854;0.145660778;0.695519666;-0.31495994;0.033853485;-0.674709637;-0.399103905;0.065917329;-0.515673975;-0.340938764;-0.061886453;-0.782576636;-0.232882835;0.610659611;-0.284280889;-6.144141901;-0.089223326;0.218371837;-1.529016841;-0.077725999;-9.002034617;-0.961316731;-0.312205621;-0.0404632;0.171661066;-0.036765684;-3.545496838;-0.376139726;-1.396222849;-6.931999701;-0.465436179;-6.900175316;0.102538543;-0.666639297;-0.284453087;-0.296215768;-0.515133724;-0.286576092;0.144509137;0.148854411;-0.953411313;-0.85657484;0.244743626;-0.891918394;-0.391901046;-0.741772994;-0.755315764;0.551311568;0.389658633;-0.429472313;-0.102249194;0.814381966;0.019307175;-0.109000526;-0.884001951;-6.426067404;-0.092959813;-0.073865981;-1.204684516;-0.419169382;-0.350454024;-0.879243791;0.70351028;0.257078522;-1.382856667;-0.522380909;-1.091829121;0.292694251;-0.016703065;-9.844336977;-0.513618104;-2.860207874;-2.060159679;-0.172326768;-0.671837186;-0.424699712;-0.447735519;-1.882547499;0.182385164;-0.334850266;-0.130135361;-0.706063101;-0.368243538;0.325468096;-1.279811793;-0.301015087;-1.934321951;0.104985108;-2.861870836;-11.2442319;0.727192829
1.456;-0.240438541;-0.085064089;0.070871392;-0.058917017;-0.569964359;-0.135043183;0.600462907;-0.719866008;0.320974601;-3.18677769;0.118515874;0.637981311;-0.268198061;0.072759734;-0.545309684;-0.455328515;0.067282178;-0.578716307;-0.354154283;-0.103490368;-0.784186836;-0.238053947;0.598611029;-0.247785706;-6.260028044;-0.077372143;0.156029744;-1.853386008;-0.077410207;-10.71726046;-0.890972116;-0.365253416;-0.040445334;0.118027187;-0.036765685;-3.272436277;-0.35852597;-1.518376864;-6.625691837;-0.451222071;-7.427241691;0.07513941;-0.597442837;-0.340943146;-0.320507441;-0.385552875;-0.240149887;0.225784214;0.131381624;-0.918751997;-0.763341973;0.153895444;-0.783948908;-0.403322219;-0.577304172;-0.900958882;0.639120043;0.39516769;-0.318812379;-0.112378896;0.846676295;0.016367286;-0.10900039;-0.865454967;-5.070448855;-0.054768099;-0.085516301;-1.36013186;-0.360790042;-0.322683021;-0.900313754;0.685174049;0.232695809;-1.290243329;-0.453773865;-0.983374624;0.286279004;-0.027042165;-9.054951413;-0.420064732;-2.827527181;-1.583736062;-0.136335855;-0.687733962;-0.432771434;-0.472877366;-1.761728045;0.130750707;-0.320911034;-0.137563795;-0.692153516;-0.36643362;0.3092721;-1.137703727;-0.302668603;-1.890200469;0.086857856;-2.860827746;-10.88024081;0.7362752
1.6;-0.174215577;-0.073225187;0.021758891;-0.054116267;-0.428212614;-0.123063762;0.450171302;-0.667884442;0.319814824;-2.817693515;0.084906001;0.565462279;-0.251760835;0.110828938;-0.422360607;-0.560770674;0.067427922;-0.491093206;-0.369119333;-0.13011582;-0.785991354;-0.243212018;0.558979702;-0.209582286;-6.411553923;-0.067718522;0.076964352;-2.20949419;-0.082352013;-13.50970245;-0.809366379;-0.426273118;-0.040443469;-0.227216771;-0.036765574;-2.960119509;-0.344109729;-1.653088037;-6.297205308;-0.511407661;-7.826601049;0.042657203;-0.524207235;-0.3991864;-0.348911032;-0.252445203;-0.190620793;0.186296886;0.112751692;-0.897660337;-0.667934603;0.068912574;-0.687847632;-0.418607935;-0.456068796;-1.11941921;0.724081594;0.400455882;-0.204936777;-0.124161034;0.858715054;0.013093158;-0.109000508;-0.860153534;-3.643933184;-0.033961697;-0.100343159;-1.485414207;-0.303323081;-0.293401169;-0.925790287;0.663941718;0.205795327;-1.23234973;-0.38135442;-0.868495477;0.275527664;0.101323154;-8.224434325;-0.325608846;-2.788851806;-1.431721507;-0.099373645;-0.685139864;-0.432368517;-0.500790412;-1.649001524;0.063129299;-0.305740533;-0.150311616;-0.677001813;-0.364503274;0.223568372;-1.00145431;-0.265950067;-1.842820689;0.071545388;-2.77533583;-10.4872233;0.744708215
1.758;-0.112384786;-0.063237459;0.010246512;-0.045527043;-0.284872443;-0.111386264;0.253827102;-0.653835128;0.311053127;-2.369600247;0.042434197;0.47225331;-0.234042979;0.136307531;-0.310649298;-0.59182558;0.065955214;-0.370235077;-0.386041872;-0.139697944;-0.787996835;-0.250316299;0.487220713;-0.169526349;-6.60751989;-0.089604319;-0.018086034;-2.676869025;-0.067957058;-15.32046538;-0.714210121;-0.450633572;-0.040443351;-0.103456967;-0.036765482;-2.633572299;-0.334195645;-1.738980407;-5.981812531;-0.592713365;-8.455977515;0.025962852;-0.44718042;-0.476460233;-0.382273858;-0.114069304;-0.13732408;0.112800174;0.091758514;-0.905856661;-0.572489939;-0.033972147;-0.613330278;-0.41016771;-0.387977677;-1.285440008;0.663622079;0.405551863;-0.096897806;-0.137321496;0.843736895;0.009424884;-0.109000577;-0.86303554;-2.319187121;-0.034897861;-0.109862733;-1.4049443;-0.247129555;-0.262706747;-0.956119543;0.639062442;0.175115208;-1.187345076;-0.305380083;-0.749397924;0.261197529;0.226130932;-7.366282149;-0.234299958;-2.74234142;-1.283930942;-0.061798254;-0.678064399;-0.417324031;-0.518618066;-1.549604381;-0.025067132;-0.28927317;-0.168847618;-0.656878551;-0.35169105;0.12598659;-0.831834238;-0.228373163;-1.791449971;0.053946966;-2.684095664;-10.06852866;0.752000479
1.931;-0.058667967;-0.054217684;-0.017877355;-0.039048756;-0.141365305;-0.101466595;0.156319416;-0.646429278;0.291997461;-1.700692083;-0.010359923;0.354423735;-0.214854712;0.134647745;-0.268941989;-0.513790945;0.062297321;-0.214611176;-0.405280693;-0.142661233;-0.790234788;-0.258249214;0.376721046;-0.127924681;-6.944950831;-0.097865362;-0.138028233;-3.034220918;-0.053039319;-15.89146992;-0.617827873;-0.483866083;-0.040443488;-0.006193631;-0.03676568;-2.284916562;-0.33042413;-1.835612917;-5.806794956;-0.692350093;-9.326289;0.023603493;-0.370751535;-0.52631965;-0.421566147;0.009236842;-0.081235213;0.041819276;0.072338227;-0.95008308;-0.474101632;-0.120792077;-0.550688997;-0.372185233;-0.332136087;-1.350002336;0.568578544;0.410396968;0.002560794;-0.153675778;0.792969413;0.005310262;-0.10900051;-0.876235648;-1.148237943;-0.035862596;-0.117043755;-1.328555787;-0.19545937;-0.230688589;-0.959601971;0.609955992;0.141047007;-1.129296619;-0.226278929;-0.640180274;0.24465237;0.240825808;-6.468518157;-0.155236443;-2.691814149;-1.146275661;-0.024514423;-0.670368099;-0.40093452;-0.538107305;-1.612468994;-0.133710021;-0.27149901;-0.194666838;-0.62795251;-0.341265964;0.112055896;-0.655462939;-0.190414751;-1.73686231;0.032015199;-2.588753725;-9.63392154;0.758084196
2.121;-0.01625106;-0.024342633;-0.067345878;-0.039048737;-0.001239414;-0.092997801;0.064759451;-0.642287473;0.262397512;-1.066604431;-0.076733376;0.227968142;-0.194436102;0.132777998;-0.284937488;-0.44228294;0.055927643;-0.085766499;-0.427175339;-0.146031294;-0.792697181;-0.267666491;0.213057851;-0.087943898;-7.333167613;-0.097865359;-0.291473913;-3.578051604;-0.040011992;-16.71401905;-0.620877397;-0.52826091;-0.040443349;0.061103584;-0.036765681;-1.9336351;-0.334876547;-1.845693796;-5.706481905;-0.828049579;-9.360232146;0.020995619;-0.292031646;-0.519185628;-0.468036299;0.021700582;-0.038622065;0.047245199;0.049863649;-1.00859537;-0.381680862;-0.190823879;-0.488779355;-0.333022561;-0.294204803;-1.433721842;0.448947355;0.41403815;0.084835411;-0.18360548;0.689236261;0.000717724;-0.10900057;-0.863991242;-0.220727348;-0.035464041;-0.125780675;-1.328555245;-0.152512342;-0.197622178;-0.952506057;0.575946763;0.100178873;-1.043198853;-0.144269164;-0.535908527;0.225826967;0.249471144;-5.563401408;-0.123332113;-2.637420839;-0.997719372;0.01211516;-0.662918569;-0.383029807;-0.563561115;-1.779349255;-0.181388884;-0.252228714;-0.223025077;-0.596708;-0.334076043;0.10195175;-0.481371966;-0.153004044;-1.678248733;0.001979472;-2.488507798;-9.175003647;0.763387579
2.33;-0.004541527;-0.021659118;-0.119132201;-0.039048982;0.132377266;-0.083676126;0.099187738;-0.642975053;0.220026273;-0.578009456;-0.107866423;0.1732179;-0.172069135;0.130691851;-0.315885693;-0.395038001;0.046018582;-0.101057708;-0.452115081;-0.150043931;-0.795317941;-0.278267306;-0.000369621;-0.087943294;-7.143883786;-0.097865576;-0.458142635;-3.94224215;-0.039686007;-17.85243867;-0.709147;-0.571970424;-0.040443354;0.118168991;-0.036765484;-1.583991633;-0.350143442;-1.841440191;-5.511055458;-0.778680569;-9.389372593;0.018120743;-0.238643566;-0.511232285;-0.518455822;0.033430689;-0.021055027;0.045142309;0.02397893;-1.051092211;-0.293703174;-0.190837596;-0.428271391;-0.29281341;-0.270272099;-1.397022746;0.33222564;0.408051604;0.142875547;-0.19034546;0.382210871;-0.004358883;-0.109000428;-0.827584015;0.378253332;-0.034863837;-0.136069161;-1.32855594;-0.147334101;-0.163795663;-0.945916997;0.538277521;0.047107846;-0.951258325;-0.060504871;-0.434174683;0.203739844;0.265358866;-4.640504164;-0.131034111;-2.579966915;-0.8436144;0.046536034;-0.655895571;-0.363552856;-0.535397776;-1.984090242;-0.247108017;-0.231434273;-0.228152564;-0.563231825;-0.331354655;0.064466405;-0.347017343;-0.116974879;-1.615785103;-0.011760628;-2.384338912;-8.691761049;0.776491859
2.56;-0.02834432;-0.020653643;-0.183990353;-0.039048727;0.144617869;-0.07355199;0.096420916;-0.64990835;0.169059292;-0.383227434;-0.104855456;0.10709929;-0.148856757;0.128270216;-0.351203127;-0.395910146;0.031344109;-0.11822751;-0.480503637;-0.154313605;-0.795412133;-0.272189081;-0.026123441;-0.087942855;-6.941726345;-0.097865421;-0.463424019;-3.94223621;-0.039395767;-19.38648495;-0.755830248;-0.571971035;-0.040443366;0.11454989;-0.036765684;-1.228347032;-0.355265255;-1.836783208;-5.30639371;-0.714097941;-9.421699689;0.014928336;-0.236935124;-0.502735355;-0.532717777;0.044029258;-0.021050103;0.039575723;-0.005727886;-1.055772245;-0.215171609;-0.190837427;-0.384620315;-0.252976403;-0.246553585;-1.310072364;0.230946254;0.395401649;0.16733325;-0.190345415;-0.230879649;-0.008543989;-0.109000475;-0.788125803;0.529996773;-0.034223554;-0.148536488;-1.32855516;-0.143776748;-0.129429416;-0.943516391;0.501494199;-0.156171393;-0.85374898;0.023111591;-0.361772858;0.17840292;0.281743916;-3.621438417;-0.098547843;-2.519785218;-0.738940148;0.077953484;-0.64833969;-0.342351212;-0.492415074;-2.193978763;-0.33491862;-0.209034603;-0.228152242;-0.54184215;-0.331240665;0.085935074;-0.260634886;-0.08360283;-1.549695199;-0.027694123;-2.277451533;-8.18632782;0.778283302
2.812;-0.039771745;-0.019392331;-0.263755601;-0.039048729;0.129954571;-0.062496958;-0.016099942;-0.663735474;0.108025488;-0.211014142;-0.101691594;0.026585719;-0.123853818;0.125611626;-0.350547116;-0.396874807;0.011364162;-0.119214198;-0.513270147;-0.15939142;-0.795412144;-0.264013639;-0.022867735;-0.087942887;-6.723644337;-0.097865435;-0.463425677;-3.942250109;-0.039154204;-21.49814545;-0.755478494;-0.571971026;-0.040443352;0.030490917;-0.036765681;-0.865397688;-0.355265222;-1.831674382;-5.088255881;-0.650854394;-9.459947862;0.011394048;-0.206315345;-0.493328625;-0.532718051;0.052644229;-0.021050113;0.047202561;-0.040743802;-1.06231764;-0.148638409;-0.1908376;-0.393482648;-0.213610356;-0.226997294;-1.251390034;0.10662053;0.39520848;0.166454743;-0.190345447;-0.871470138;-0.008543746;-0.109000594;-0.746248009;0.083009086;-0.033521051;-0.163067688;-1.328555141;-0.14377626;-0.095932204;-0.955389543;0.456154981;-0.229137527;-0.750537151;0.053963065;-0.28972161;0.14898085;0.27295625;-2.628781366;-0.065859572;-2.436901881;-0.650063026;0.103163799;-0.640080033;-0.321150593;-0.447226282;-2.050754771;-0.405024929;-0.184706793;-0.228152686;-0.541840513;-0.330509821;0.110886002;-0.184340049;-0.065300431;-1.479904818;-0.038970556;-2.169004865;-7.659452782;0.776812866
3.089;-0.039773424;-0.018090076;-0.331792957;-0.039048742;0.113029511;-0.050287775;-0.025945848;-0.674497566;0.064575321;-0.054493025;-0.098315436;-0.000621018;-0.097515096;0.122607473;-0.350088404;-0.397964236;-0.008485062;-0.119213592;-0.550856164;-0.165869478;-0.795412139;-0.255687672;-0.027691583;-0.087942878;-6.493769432;-0.097865529;-0.463425662;-3.942250333;-0.038984212;-23.76591448;-0.755111751;-0.571970992;-0.040443528;0.001355027;-0.036765668;-0.507319847;-0.355265404;-1.826082533;-4.833207616;-0.582267989;-9.501052034;0.007486353;-0.147201635;-0.483093648;-0.532718114;0.040929753;-0.021050104;0.035911102;-0.080943155;-1.071445634;-0.102045605;-0.190837363;-0.407182305;-0.177443362;-0.213467966;-1.243850905;-0.003177441;0.394885107;0.15793337;-0.19034546;-1.296120594;-0.008543667;-0.109000593;-0.701488277;-0.028557046;-0.03276352;-0.181179498;-1.328555373;-0.14377626;-0.064879104;-0.968533444;0.400467785;-0.189080445;-0.642065941;0.06245457;-0.217930329;0.114862792;0.229605267;-1.723977113;-0.036183953;-2.336696558;-0.551875565;0.105748338;-0.631093162;-0.305492145;-0.399980388;-2.331096249;-0.420887342;-0.159107497;-0.228152686;-0.541840595;-0.333086358;0.078848612;-0.184289766;-0.065291067;-1.456171669;-0.037007853;-2.060238552;-7.116306332;0.780858693
3.393;-0.039771817;-0.01664893;-0.322667555;-0.039048726;0.098188836;-0.037407851;-0.016634916;-0.692097312;0.03542238;-0.044324009;-0.094853297;-0.000621012;-0.069894465;0.119171874;-0.350088437;-0.39915376;-0.008183175;-0.119214167;-0.593940164;-0.173549966;-0.795412122;-0.247247783;-0.037006983;-0.087942972;-6.247878084;-0.097865453;-0.463425601;-3.94224996;-0.038909936;-26.00640526;-0.75474351;-0.571971024;-0.040443349;-0.014152501;-0.036765684;-0.317503831;-0.355265472;-1.819988021;-4.587112579;-0.495792754;-9.52291419;0.003143787;-0.11326709;-0.471912209;-0.532718251;0.016436303;-0.021050107;-0.000554277;-0.119076809;-1.07507446;-0.081710411;-0.190837618;-0.413603132;-0.146797013;-0.208957339;-1.258670346;0.027186755;0.393239135;0.149740102;-0.190345477;-1.709369255;-0.008543984;-0.109000591;-0.654324686;-0.03102361;-0.032395586;-0.202688912;-1.328555248;-0.143776254;-0.035149593;-0.983011744;0.351116744;-0.149076027;-0.528314899;0.052761724;-0.147833502;0.075101059;0.178035932;-1.115955983;-0.011220519;-2.232352361;-0.519351642;0.078264988;-0.621192211;-0.304658031;-0.350781821;-2.440308842;-0.420947769;-0.131580254;-0.228152484;-0.541840513;-0.340288838;0.047406011;-0.184289084;-0.065290745;-1.456167373;-0.033787542;-1.953692475;-5.97442509;0.771240976
3.728;-0.039771873;-0.016561228;-0.313469227;-0.039048726;0.081428223;-0.02328785;-0.010357031;-0.717045374;0.001091835;-0.048854941;-0.094604849;-0.000621172;-0.040634916;0.115364344;-0.350088394;-0.400497227;-0.007881979;-0.119214317;-0.64373694;-0.17731321;-0.795412142;-0.239184782;-0.047454495;-0.087942869;-5.990280809;-0.097865437;-0.463425651;-3.942250477;-0.038963858;-28.68272368;-0.754372841;-0.57197095;-0.040443349;-0.014151911;-0.036765684;-0.230279514;-0.355265337;-1.813361736;-4.48849998;-0.384305565;-9.522914224;-0.001678345;-0.07683804;-0.459839267;-0.532718;-0.014199866;-0.021050103;-0.060248171;-0.169577339;-1.075074582;-0.081443143;-0.190837583;-0.41360313;-0.116994266;-0.224332412;-1.285039995;0.056974933;0.391328472;0.134513109;-0.19034561;-2.224192705;-0.008543354;-0.109000594;-0.603895577;-0.034192093;-0.032395999;-0.215445616;-1.328555201;-0.143776277;-0.016080228;-0.999081006;0.303639777;-0.084801095;-0.410704067;0.04142518;-0.093641792;0.028544947;0.116784094;-1.0034714;-0.006813581;-2.123935644;-0.504832676;0.043515583;-0.610400226;-0.304657977;-0.300316044;-2.481836912;-0.420949343;-0.102367641;-0.228152672;-0.54184052;-0.353144853;0.008873873;-0.18428914;-0.065290766;-1.456167216;-0.03056343;-1.851680065;-3.96830379;0.772419258
4.095;-0.039773432;-0.016561156;-0.30884283;-0.039048726;0.061706068;-0.007903168;-0.010355717;-0.731114148;-0.012492467;-0.048856553;-0.094604809;-0.000621212;-0.021104208;0.111069382;-0.350088388;-0.401976507;-0.007539484;-0.119214391;-0.701221627;-0.177318484;-0.795412144;-0.226042834;-0.059017415;-0.087942859;-5.718976898;-0.097865435;-0.463425663;-3.942250361;-0.039051175;-29.4042079;-0.754108897;-0.571971005;-0.040443349;-0.014153333;-0.036765653;-0.230278998;-0.35526532;-1.806112759;-4.488499939;-0.25790064;-9.522913357;-0.003253295;-0.036945817;-0.445948175;-0.532718288;-0.017480314;-0.021050157;-0.077545475;-0.173078767;-1.075074649;-0.081443146;-0.190837594;-0.413602887;-0.093219667;-0.257888363;-1.326221259;0.050203625;0.389125001;0.125327802;-0.190345469;-2.316470227;-0.008543991;-0.109000551;-0.551801614;-0.038264955;-0.032395559;-0.215445577;-1.328555161;-0.143776255;-0.016076216;-1.016629394;0.2467446;-0.00600676;-0.381062781;0.028040559;-0.054046689;-8.77E-05;0.044106421;-0.855192557;-0.006813497;-2.013257178;-0.489466242;-0.000148379;-0.598407792;-0.304657977;-0.250196273;-2.373344669;-0.420948327;-0.071439797;-0.228152659;-0.541840515;-0.373157951;-0.03154073;-0.184289069;-0.065290752;-1.456167174;-0.027398122;-1.724779761;-2.788550486;0.779315783
4.498;-0.039773442;-0.016561158;-0.308842863;-0.03904873;0.038562136;-0.003820974;-0.010354747;-0.738815921;-0.012492586;-0.048855253;-0.094604815;-0.000620671;-0.012189147;0.106162712;-0.350088394;-0.403456847;-0.00716459;-0.119214377;-0.739361209;-0.17731854;-0.795412145;-0.211675204;-0.071963293;-0.087942853;-5.437977345;-0.097865483;-0.463425671;-3.942250346;-0.03905142;-29.40421134;-0.754108617;-0.571971029;-0.040443349;-0.014152571;-0.036765682;-0.23028101;-0.355265331;-1.798175127;-4.488500609;-0.127364338;-9.522914434;-0.003418445;-0.017939251;-0.43199217;-0.532718281;-0.017480559;-0.021050123;-0.075042361;-0.173081017;-1.075074661;-0.081443131;-0.190837594;-0.413603132;-0.078776217;-0.292651729;-1.386014703;0.006375283;0.386554114;0.11603323;-0.190345471;-2.316469102;-0.008543872;-0.109000594;-0.551333016;-0.043493838;-0.032395573;-0.215445442;-1.328555114;-0.143776261;-0.01607592;-1.036192872;0.17826685;0.061910845;-0.381062769;0.012399793;-0.002097493;-8.93E-05;-0.042577087;-0.594116676;-0.006813515;-1.901530533;-0.467648959;-0.054033493;-0.585839687;-0.304658057;-0.199986127;-2.258931677;-0.420949108;-0.038218153;-0.228152676;-0.54184055;-0.402630095;-0.037857565;-0.184289088;-0.065290746;-1.456167107;-0.024387531;-1.708414429;-2.203532847;0.785624906
4.942;-0.039773443;-0.016561155;-0.308842796;-0.039048726;0.011143567;-0.003821026;-0.010354553;-0.738816045;-0.012492594;-0.048855125;-0.094604815;-0.000621143;-0.012189056;0.100590544;-0.350088333;-0.403461675;-0.00675065;-0.119214412;-0.739361206;-0.177318547;-0.795412144;-0.196155222;-0.080166717;-0.087942849;-5.147284981;-0.097865433;-0.463425686;-3.942250391;-0.03905141;-29.40421178;-0.754108608;-0.571971003;-0.04044335;-0.014152465;-0.036765683;-0.230279574;-0.355265388;-1.7896751;-4.48850003;-0.057517592;-9.522914403;-0.003618807;-0.017949859;-0.416300038;-0.532718292;-0.017480563;-0.02105011;-0.072310342;-0.173081009;-1.075074662;-0.081443146;-0.190837612;-0.41360314;-0.063521454;-0.34709432;-1.469462572;-0.054775126;0.383666428;0.094873375;-0.190345461;-2.316471208;-0.00854399;-0.109000595;-0.55133246;-0.05002132;-0.032395577;-0.215445449;-1.328555146;-0.143776254;-0.01607584;-1.057714317;0.096472418;0.115125042;-0.381062781;-0.005976032;-0.002094873;-8.89E-05;-0.135018388;-0.353731956;-0.006813502;-1.821278303;-0.442848468;-0.057790139;-0.571867891;-0.304657975;-0.185871742;-2.14056182;-0.42094946;-0.013984412;-0.228152683;-0.541840527;-0.443854707;-0.047581427;-0.184289078;-0.065290748;-1.456167266;-0.021621445;-1.510609618;-1.717534465;0.792600941
5.429;-0.039773342;-0.016561155;-0.308842814;-0.039048736;-0.02125641;-0.003820981;-0.01035454;-0.73881605;-0.012492419;-0.048855379;-0.094604819;-0.000621199;-0.012189054;0.094209077;-0.350088394;-0.403461699;-0.006717443;-0.119214406;-0.739362413;-0.177318508;-0.795412146;-0.17938952;-0.080169851;-0.087942845;-4.852007455;-0.097865433;-0.463425699;-3.94225033;-0.039051421;-29.40420936;-0.754108614;-0.57197103;-0.040443349;-0.014152515;-0.036765684;-0.230279531;-0.355265307;-1.78957552;-4.488499804;-0.043406664;-9.522914184;-0.003866871;-0.017939625;-0.399214599;-0.532718278;-0.017480317;-0.021050106;-0.069333299;-0.173081057;-1.075074642;-0.081443146;-0.19083761;-0.413603144;-0.047691658;-0.426256956;-1.582359363;-0.069450497;0.380271375;0.058993202;-0.19034549;-2.316470628;-0.00854398;-0.109000594;-0.551332348;-0.058302858;-0.032395573;-0.215445609;-1.328555151;-0.143776277;-0.016075825;-1.059209459;0.046258364;0.147247608;-0.381062708;-0.00970313;-0.002094662;-8.90E-05;-0.222446639;-0.153883843;-0.006813503;-1.821237933;-0.416322874;-0.057790708;-0.5566461;-0.304657978;-0.201607943;-1.998247525;-0.420949466;-0.01398275;-0.228152686;-0.541840506;-0.470670636;-0.061727893;-0.184289068;-0.065290747;-1.456167139;-0.019270385;-1.314374345;-1.374955564;0.806352488
5.964;-0.039773438;-0.016561185;-0.308842805;-0.039048727;-0.030472729;-0.003821015;-0.010354547;-0.73881605;-0.012492617;-0.048854955;-0.094604814;-0.000621212;-0.012189151;0.086950384;-0.350088364;-0.403461642;-0.006717428;-0.119214422;-0.739362741;-0.177318548;-0.795412142;-0.161477464;-0.080169829;-0.087942844;-4.755048943;-0.097865433;-0.463425687;-3.942250131;-0.039051419;-29.40420677;-0.75410862;-0.571971019;-0.040443347;-0.01415266;-0.036765684;-0.230278936;-0.355265312;-1.789574354;-4.488499849;-0.028186786;-9.522912926;-0.004171475;-0.017941539;-0.380703157;-0.532718283;-0.017480127;-0.021050105;-0.066193458;-0.173081021;-1.075074631;-0.081443145;-0.190837619;-0.413603144;-0.031108914;-0.451521062;-1.73260846;-0.069450199;0.376340203;0.017164877;-0.190345479;-2.316469615;-0.008543983;-0.109000594;-0.551332351;-0.064155682;-0.032395573;-0.215445579;-1.328555156;-0.143776287;-0.016075826;-1.059209771;-0.01187114;0.150851753;-0.381062724;-0.009702959;-0.002094705;-8.94E-05;-0.259019197;-0.06642763;-0.006813504;-1.821237615;-0.387537852;-0.057790796;-0.540085606;-0.304658027;-0.225008359;-1.76729508;-0.420949442;-0.013982618;-0.228152686;-0.541840508;-0.470670897;-0.081317074;-0.184289071;-0.065290754;-1.456167149;-0.017482603;-1.074291047;-1.229137522;0.810489734
6.551;-0.039773444;-0.016561154;-0.308842812;-0.039048733;-0.030471833;-0.003820985;-0.010354487;-0.738815941;-0.012492575;-0.048854969;-0.094604757;-0.000620767;-0.012189059;0.078633362;-0.350088395;-0.403461671;-0.006717429;-0.119214367;-0.739362642;-0.177318549;-0.79541214;-0.142123443;-0.080169756;-0.087942859;-4.755048743;-0.097865433;-0.463425693;-3.942249991;-0.039051419;-29.40421017;-0.754108553;-0.57197103;-0.040443349;-0.014152465;-0.036765684;-0.230278926;-0.355265385;-1.78957434;-4.488499784;-0.011678497;-9.522914365;-0.004337615;-0.017939204;-0.360544012;-0.532718267;-0.01748037;-0.021050102;-0.064220957;-0.173081068;-1.075074596;-0.081443146;-0.190837518;-0.413603144;-0.013805387;-0.440504176;-1.928364635;-0.06945171;0.371761111;-0.038615882;-0.190345474;-2.316461796;-0.008543907;-0.109000595;-0.551332347;-0.064155043;-0.032395573;-0.215445608;-1.32855514;-0.143776261;-0.016075823;-1.059209554;-0.05361313;0.116754792;-0.381062894;-0.009703187;-0.00209455;-8.86E-05;-0.259018678;-0.097124797;-0.006813489;-1.821237508;-0.349656908;-0.057790796;-0.522104139;-0.304657975;-0.25878573;-1.552709702;-0.420949117;-0.013983928;-0.228152674;-0.541840631;-0.470670753;-0.08856782;-0.184289068;-0.065290743;-1.456167152;-0.017114135;-0.933267042;-1.263227507;0.815228365
7.197;-0.039773413;-0.016561158;-0.308842787;-0.039048726;-0.030473847;-0.003820991;-0.010354553;-0.738815908;-0.01249265;-0.048855018;-0.094604817;-0.000621193;-0.012189108;0.069128577;-0.350088399;-0.403461378;-0.006717428;-0.119214411;-0.739362287;-0.177318513;-0.795412134;-0.121574562;-0.080169839;-0.087942849;-4.755049312;-0.097865433;-0.463425697;-3.94225049;-0.039051422;-29.40421181;-0.754108615;-0.571971029;-0.040443349;-0.014152463;-0.03676567;-0.230278981;-0.355265309;-1.789574429;-4.488499806;-0.001463081;-9.522914125;-0.004337615;-0.017939467;-0.338804641;-0.532718263;-0.017480327;-0.021050106;-0.064220927;-0.173081068;-1.075074613;-0.081443137;-0.19083757;-0.413603163;-0.011765089;-0.428667948;-2.02832218;-0.069451729;0.367041124;-0.059917148;-0.19034547;-2.316471312;-0.00854397;-0.109000594;-0.551332587;-0.064155692;-0.032395572;-0.215445586;-1.328555163;-0.143776259;-0.01607584;-1.059209777;-0.068476977;0.032632619;-0.381062722;-0.009703207;-0.002094549;-8.94E-05;-0.259018972;-0.139815859;-0.006813499;-1.821237503;-0.296857491;-0.057790844;-0.502542103;-0.304657975;-0.305139078;-1.399335714;-0.420949422;-0.013982673;-0.228152684;-0.541840506;-0.470670897;-0.088567641;-0.184289086;-0.065290745;-1.456167105;-0.017114105;-0.834155827;-1.381340765;0.811337936
7.906;-0.039773439;-0.016561155;-0.30884278;-0.039048727;-0.030473592;-0.003820966;-0.010354539;-0.738816003;-0.012492579;-0.04885558;-0.094604818;-0.000621079;-0.012189052;0.058107025;-0.350088389;-0.403461677;-0.006717427;-0.119214411;-0.739361931;-0.177318539;-0.79541214;-0.099652268;-0.080169644;-0.087942844;-4.755048751;-0.097865433;-0.463425649;-3.94225049;-0.03905142;-29.40420879;-0.75410862;-0.571971022;-0.040443349;-0.014152469;-0.036765681;-0.230278927;-0.355265328;-1.78957439;-4.488499906;-0.001457421;-9.522914405;-0.004337616;-0.01793988;-0.315464213;-0.532718295;-0.017480577;-0.021050103;-0.064220972;-0.173080975;-1.075074662;-0.081443146;-0.190837574;-0.413603163;-0.011766381;-0.418286228;-2.028318594;-0.06945178;0.363395139;-0.059920718;-0.190345486;-2.316470474;-0.00854399;-0.109000595;-0.551332344;-0.064155715;-0.032395574;-0.215445624;-1.328555173;-0.143776254;-0.016075824;-1.059209783;-0.085380961;-0.113732157;-0.381062724;-0.009703196;-0.002094549;-8.94E-05;-0.259018573;-0.139816474;-0.006813483;-1.821237517;-0.24356038;-0.057790796;-0.481349672;-0.304657974;-0.348731107;-1.325457119;-0.42094942;-0.013982601;-0.228152663;-0.541840525;-0.470670735;-0.088567937;-0.184289119;-0.065290748;-1.456167097;-0.017114114;-0.806493821;-1.685818611;0.787176615
8.685;-0.039773444;-0.016561162;-0.308842748;-0.039048726;-0.030473854;-0.003820966;-0.010354542;-0.738816044;-0.012492638;-0.048855528;-0.094604803;-0.000621211;-0.012189052;0.045543316;-0.350088394;-0.403461716;-0.006717427;-0.119214406;-0.739362732;-0.177318505;-0.795412144;-0.076191929;-0.080169818;-0.08794285;-4.755048721;-0.097865433;-0.463425701;-3.942250271;-0.03905142;-29.40421184;-0.754108619;-0.571971004;-0.040443349;-0.014152661;-0.036765685;-0.230279892;-0.355265317;-1.789574356;-4.488499797;-0.001456678;-9.522914386;-0.004337611;-0.017939235;-0.290212015;-0.532718252;-0.017480573;-0.021050165;-0.064220933;-0.173080967;-1.075074665;-0.08144315;-0.190837527;-0.413603146;-0.011765586;-0.4182853;-2.028327954;-0.069451378;0.358935642;-0.059920918;-0.190345471;-2.316471313;-0.008543968;-0.109000594;-0.551332208;-0.06415574;-0.032395573;-0.215445625;-1.328555141;-0.143776257;-0.016075822;-1.059209683;-0.095583287;-0.18968612;-0.381062754;-0.009703168;-0.002094653;-8.95E-05;-0.259019168;-0.139815841;-0.006813428;-1.821237475;-0.229762845;-0.057790799;-0.458621856;-0.304657975;-0.348731063;-1.250048261;-0.420949437;-0.013982597;-0.228152687;-0.541840506;-0.470670914;-0.088567939;-0.184289069;-0.065290737;-1.456167096;-0.01711412;-0.840923414;-2.229903682;0.756286028
9.541;-0.039773431;-0.016561158;-0.308842761;-0.039048726;-0.030473657;-0.003820966;-0.010354457;-0.738816001;-0.012492619;-0.048855009;-0.094604772;-0.000621173;-0.01218916;0.03099619;-0.35008839;-0.403461699;-0.006717428;-0.119214374;-0.739362786;-0.177318547;-0.795412116;-0.051743496;-0.080169859;-0.087942848;-4.755048808;-0.097865419;-0.463425672;-3.942250487;-0.039051417;-29.40421176;-0.754108619;-0.571971028;-0.040443351;-0.014152636;-0.036765685;-0.23027894;-0.355265316;-1.789574355;-4.488499798;-0.001456452;-9.522914435;-0.004337616;-0.017939228;-0.262918963;-0.532718237;-0.01748057;-0.021050116;-0.064220936;-0.173081078;-1.075074661;-0.081443146;-0.190837607;-0.413603167;-0.011765059;-0.418284528;-2.028327987;-0.069451306;0.353528849;-0.059921034;-0.190345471;-2.316471318;-0.008543991;-0.109000588;-0.551332344;-0.064155685;-0.032395573;-0.215445616;-1.328555151;-0.143776259;-0.016075822;-1.059209752;-0.095588083;-0.169709312;-0.381062712;-0.009703183;-0.002094591;-8.94E-05;-0.259019208;-0.139816306;-0.006813464;-1.821237471;-0.21495934;-0.057790799;-0.433815165;-0.304657975;-0.348730964;-1.174879584;-0.420949402;-0.013982618;-0.228152682;-0.541840511;-0.470670908;-0.088567932;-0.184289069;-0.065290738;-1.456167096;-0.017114104;-0.894221206;-2.833101104;0.726217047
10.481;-0.039773432;-0.016561169;-0.308842807;-0.039048726;-0.030473816;-0.003820966;-0.010354493;-0.738815971;-0.012492626;-0.048854924;-0.094604814;-0.000621123;-0.012189192;0.014060383;-0.350088394;-0.403461717;-0.006717427;-0.1192144;-0.739362782;-0.177318541;-0.795412143;-0.043811732;-0.080169829;-0.087942845;-4.755048771;-0.097865423;-0.463425699;-3.942250495;-0.039051417;-29.40421087;-0.75410862;-0.571971026;-0.040443349;-0.0141525;-0.036765685;-0.23027908;-0.355265328;-1.789574344;-4.488499843;-0.001456669;-9.522914394;-0.004337616;-0.01793924;-0.233775702;-0.532718268;-0.017480567;-0.021050104;-0.064220931;-0.17308106;-1.075074632;-0.081443138;-0.19083762;-0.413603144;-0.011765123;-0.418284891;-2.02832783;-0.069451795;0.346853146;-0.05992095;-0.190345477;-2.316471318;-0.008543991;-0.109000589;-0.551332347;-0.064155213;-0.032395572;-0.215445614;-1.328555152;-0.143776254;-0.016075847;-1.059209771;-0.095588146;-0.148397375;-0.381062984;-0.009703197;-0.002094769;-8.94E-05;-0.259019166;-0.139816436;-0.006813503;-1.821237572;-0.198915302;-0.0577908;-0.421443222;-0.304657975;-0.348731138;-1.102302314;-0.420949466;-0.013982946;-0.228152628;-0.541840516;-0.470670898;-0.088567922;-0.184289068;-0.065290748;-1.456167096;-0.017114108;-0.897307562;-2.571606441;0.718448867
11.514;-0.039773444;-0.016561155;-0.308842812;-0.039048726;-0.030473256;-0.003820966;-0.010354541;-0.738816051;-0.012492633;-0.048855195;-0.094604819;-0.000621083;-0.012189052;-0.003151852;-0.350088392;-0.403461715;-0.006717427;-0.119214411;-0.739362691;-0.177318549;-0.795412145;-0.043811551;-0.08016986;-0.087942844;-4.755048718;-0.097865433;-0.463425699;-3.942250427;-0.039051416;-29.40420607;-0.75410862;-0.571971026;-0.040443349;-0.014152475;-0.036765685;-0.230279094;-0.35526529;-1.789574335;-4.488499845;-0.001456218;-9.52291444;-0.004337616;-0.0179392;-0.202730079;-0.532718295;-0.017480566;-0.021050102;-0.064220927;-0.173081074;-1.075074641;-0.081443146;-0.190837617;-0.413603148;-0.01176506;-0.41828455;-2.028327225;-0.06945173;0.338749963;-0.059921026;-0.190345473;-2.316471127;-0.008543989;-0.109000594;-0.551332344;-0.064155664;-0.032395573;-0.215445613;-1.328555141;-0.143776255;-0.016075822;-1.059209738;-0.095587652;-0.13152474;-0.381062712;-0.009703199;-0.002094552;-8.94E-05;-0.259019205;-0.13981643;-0.006813505;-1.821237537;-0.181599387;-0.057790801;-0.42144335;-0.304657975;-0.348731131;-1.076471531;-0.420949364;-0.013982731;-0.228152683;-0.541840511;-0.470670901;-0.088567919;-0.184289068;-0.065290747;-1.456167095;-0.017114124;-0.897307637;-2.223510569;0.70959013
12.649;-0.039773321;-0.016561156;-0.308842806;-0.039048726;-0.030473854;-0.00382097;-0.010354536;-0.738816036;-0.012492643;-0.048855099;-0.094604818;-0.000621143;-0.012189087;-0.003151922;-0.350088386;-0.403461716;-0.006717427;-0.119214411;-0.739362692;-0.177318549;-0.795412145;-0.04381154;-0.080169797;-0.087942845;-4.755048851;-0.097865433;-0.4634257;-3.942250375;-0.039051418;-29.40421186;-0.754108616;-0.571971026;-0.040443351;-0.014152468;-0.036765685;-0.230278934;-0.355265311;-1.789574335;-4.488499819;-0.001456555;-9.522914194;-0.004337609;-0.017939219;-0.169619439;-0.532718295;-0.017480565;-0.021050102;-0.064220927;-0.173081076;-1.075074644;-0.081443145;-0.19083762;-0.413603164;-0.01176511;-0.418284526;-2.028327629;-0.069451722;0.32884952;-0.059920392;-0.190345471;-2.316470858;-0.008543986;-0.109000594;-0.551332345;-0.064155736;-0.032395566;-0.215445594;-1.328555142;-0.143776253;-0.016075822;-1.059209783;-0.095588061;-0.131523212;-0.381062776;-0.009703198;-0.002094548;-8.95E-05;-0.259019205;-0.139816454;-0.006813479;-1.821237474;-0.162895503;-0.05779079;-0.421443307;-0.304657976;-0.348730862;-1.076467516;-0.420949467;-0.013982782;-0.228152687;-0.541840506;-0.470670878;-0.088567921;-0.184289069;-0.065290743;-1.456167098;-0.017114117;-0.8973084;-1.869972935;0.699329557
13.895;-0.03977344;-0.016561154;-0.308842773;-0.039048726;-0.030473863;-0.003820966;-0.010354544;-0.738816048;-0.012492646;-0.048854924;-0.094604819;-0.000621203;-0.012189052;-0.003151945;-0.350088385;-0.403461712;-0.006717425;-0.119214411;-0.739362743;-0.177318549;-0.795412144;-0.043811635;-0.080169641;-0.087942845;-4.755048897;-0.097865433;-0.463425701;-3.942250477;-0.039051421;-29.40421172;-0.754108614;-0.571971026;-0.040443349;-0.014152453;-0.036765685;-0.230278924;-0.355265308;-1.789574351;-4.488499853;-0.001456335;-9.522914408;-0.004337616;-0.017939457;-0.138919784;-0.532718293;-0.017480566;-0.021050104;-0.064220926;-0.173081019;-1.075074663;-0.081443145;-0.190837619;-0.413603168;-0.011765045;-0.418284544;-2.028327932;-0.069451749;0.31684584;-0.059920795;-0.190345471;-2.316471318;-0.008543991;-0.109000594;-0.55133235;-0.064155745;-0.032395572;-0.215445614;-1.328555141;-0.143776253;-0.016075825;-1.059209785;-0.095588004;-0.131523142;-0.381062708;-0.009703201;-0.00209458;-8.95E-05;-0.259019209;-0.13981648;-0.006813503;-1.821237471;-0.142769974;-0.057790799;-0.421443227;-0.304657974;-0.348730853;-1.076466699;-0.420949455;-0.013982657;-0.228152687;-0.541840506;-0.470670888;-0.088567686;-0.184289068;-0.065290747;-1.456167099;-0.017114104;-0.897308568;-1.50867181;0.687648678
15.264;-0.039773419;-0.016561155;-0.308842795;-0.039048726;-0.030473841;-0.003820968;-0.010354545;-0.738816051;-0.012492649;-0.048854924;-0.094604819;-0.000621206;-0.012189112;-0.003151954;-0.350088395;-0.403461714;-0.006717428;-0.119214411;-0.739362753;-0.177318542;-0.795412145;-0.043811596;-0.080169853;-0.087942871;-4.755048716;-0.097865433;-0.463425698;-3.942250493;-0.03905142;-29.40421185;-0.7541086;-0.57197103;-0.040443349;-0.014152464;-0.036765685;-0.230278933;-0.355265307;-1.789574344;-4.488499797;-0.001456157;-9.522914377;-0.004337612;-0.01793924;-0.138902485;-0.532718294;-0.017480558;-0.021050103;-0.064220841;-0.173081041;-1.075074663;-0.081443146;-0.190837619;-0.413603144;-0.011765047;-0.418284515;-2.02832787;-0.069451763;0.302216346;-0.059920861;-0.190345471;-2.316471269;-0.008543989;-0.109000594;-0.551332347;-0.064155741;-0.032395572;-0.215445617;-1.328555141;-0.143776254;-0.016075822;-1.059209788;-0.095588147;-0.131523125;-0.381062721;-0.009703197;-0.002094554;-8.95E-05;-0.259019209;-0.139816469;-0.006813499;-1.821237473;-0.121074488;-0.057790799;-0.421443207;-0.304657975;-0.348731131;-1.076466074;-0.420949468;-0.013982608;-0.228152687;-0.541840506;-0.470670918;-0.088567721;-0.18428907;-0.065290748;-1.456167097;-0.017114104;-0.897308535;-1.15312552;0.674109647
16.768;-0.039773444;-0.016561156;-0.308842811;-0.039048726;-0.03047384;-0.003820966;-0.010354545;-0.738816043;-0.01249265;-0.048855147;-0.094604819;-0.000621205;-0.012189053;-0.003151878;-0.350088394;-0.403461709;-0.006717426;-0.119214413;-0.739362788;-0.177318547;-0.795412145;-0.043811595;-0.080169859;-0.087942844;-4.755048807;-0.097865433;-0.463425701;-3.942250495;-0.039051421;-29.40421186;-0.754108617;-0.57197103;-0.04044335;-0.014152464;-0.036765685;-0.230278924;-0.355265307;-1.789574337;-4.488499822;-0.001456156;-9.522914429;-0.004337616;-0.017939206;-0.138902509;-0.532718295;-0.017480566;-0.021050103;-0.064220919;-0.173081078;-1.075074663;-0.081443146;-0.190837619;-0.413603155;-0.011765051;-0.418284543;-2.028327974;-0.06945168;0.284467964;-0.059920999;-0.190345471;-2.316471319;-0.008543991;-0.109000594;-0.551332347;-0.064155724;-0.032395572;-0.215445623;-1.328555144;-0.143776253;-0.016075822;-1.059209775;-0.095588116;-0.131523303;-0.381062713;-0.009703183;-0.002094592;-8.95E-05;-0.259019204;-0.139816484;-0.006813501;-1.82123747;-0.107396543;-0.057790799;-0.421443227;-0.304657975;-0.348731112;-1.076466007;-0.420949425;-0.013982601;-0.22815268;-0.541840506;-0.470670897;-0.088567908;-0.184289069;-0.065290745;-1.456167096;-0.017114105;-0.897308222;-0.807586489;0.658640736
18.421;-0.039773444;-0.016561155;-0.308842813;-0.039048726;-0.030473862;-0.003820966;-0.010354544;-0.738815975;-0.012492649;-0.048854925;-0.094604819;-0.000621203;-0.012189052;-0.003151954;-0.350088393;-0.403461715;-0.006717428;-0.119214411;-0.739362784;-0.177318549;-0.795412144;-0.043811541;-0.08016986;-0.087942844;-4.755048753;-0.097865433;-0.463425701;-3.942250378;-0.039051416;-29.40421186;-0.75410862;-0.571971029;-0.040443349;-0.014152464;-0.036765685;-0.230278924;-0.355265339;-1.789574335;-4.488499799;-0.001456157;-9.522914438;-0.004337616;-0.017939196;-0.138903064;-0.532718295;-0.017480564;-0.021050102;-0.064220929;-0.17308105;-1.075074655;-0.081443146;-0.190837582;-0.413603144;-0.011765043;-0.418284542;-2.02832791;-0.069451741;0.262779558;-0.059920898;-0.190345471;-2.316471316;-0.008543978;-0.109000594;-0.551332347;-0.064155743;-0.032395573;-0.215445624;-1.328555141;-0.143776253;-0.016075822;-1.059209786;-0.095588142;-0.131523133;-0.381062707;-0.009703199;-0.002094569;-8.95E-05;-0.259019167;-0.139816473;-0.006813497;-1.821237498;-0.099601613;-0.057790798;-0.421443207;-0.304657975;-0.348731141;-1.076466008;-0.420949467;-0.013982597;-0.228152687;-0.541840506;-0.470670909;-0.088567933;-0.184289068;-0.065290749;-1.456167097;-0.017114106;-0.89730888;-0.479056476;0.640644011
20.236;-0.03977341;-0.016561154;-0.308842813;-0.039048726;-0.030473861;-0.003820966;-0.010354545;-0.738816017;-0.012492649;-0.048854973;-0.094604819;-0.000621208;-0.012189066;-0.003151954;-0.350088394;-0.403461716;-0.006717428;-0.119214412;-0.739362788;-0.177318549;-0.795412144;-0.043811539;-0.080169846;-0.087942844;-4.75504878;-0.097865436;-0.463425701;-3.942250471;-0.039051421;-29.40421179;-0.75410862;-0.57197103;-0.040443349;-0.014152464;-0.036765685;-0.230278948;-0.355265307;-1.789574335;-4.488499799;-0.00145616;-9.522914439;-0.004337616;-0.0179392;-0.138902461;-0.53271828;-0.017480566;-0.02105012;-0.064220929;-0.173081044;-1.075074663;-0.081443146;-0.190837613;-0.413603144;-0.011765072;-0.418284544;-2.028327505;-0.069451795;0.236589719;-0.059921;-0.190345473;-2.316471319;-0.008543991;-0.109000594;-0.551332347;-0.064155738;-0.032395573;-0.215445625;-1.328555162;-0.143776253;-0.016075822;-1.059209786;-0.09558814;-0.131523161;-0.381062709;-0.009703199;-0.002094548;-8.95E-05;-0.259019208;-0.139816482;-0.006813502;-1.82123753;-0.095491301;-0.057790798;-0.42144321;-0.304657977;-0.348731134;-1.076466011;-0.420949466;-0.013982597;-0.228152667;-0.541840506;-0.470670918;-0.088567891;-0.184289068;-0.065290736;-1.456167096;-0.017114105;-0.897308598;-0.185759236;0.619773357
22.23;-0.039773443;-0.016561154;-0.308842813;-0.039048726;-0.030473862;-0.00382097;-0.010354545;-0.738816049;-0.012492596;-0.048854932;-0.094604819;-0.000621208;-0.012189052;-0.003151954;-0.350088397;-0.403461717;-0.006717428;-0.119214401;-0.739362788;-0.177318549;-0.795412145;-0.043811549;-0.08016986;-0.087942844;-4.755048711;-0.097865433;-0.463425701;-3.942250493;-0.039051421;-29.40421175;-0.75410862;-0.571971027;-0.040443349;-0.014152464;-0.036765685;-0.230278948;-0.355265306;-1.789574335;-4.488499797;-0.001456159;-9.522914439;-0.004337616;-0.017939195;-0.138902461;-0.532718295;-0.017480566;-0.021050102;-0.064220929;-0.173081069;-1.075074663;-0.081443146;-0.19083762;-0.413603144;-0.011765044;-0.418284543;-2.028327994;-0.069451795;0.20495622;-0.059920959;-0.190345471;-2.316471318;-0.008543991;-0.109000595;-0.551332347;-0.064155744;-0.032395573;-0.215445625;-1.328555141;-0.143776259;-0.016075822;-1.059209786;-0.095588095;-0.131523125;-0.381062736;-0.009703198;-0.002094549;-8.95E-05;-0.259019209;-0.139816481;-0.006813485;-1.82123747;-0.095491144;-0.057790799;-0.421443208;-0.304657975;-0.348731133;-1.076466007;-0.420949467;-0.013982597;-0.22815268;-0.541840506;-0.470670914;-0.088567935;-0.18428907;-0.065290742;-1.456167099;-0.017114104;-0.897308598;0.055497751;0.595833161
24.421;-0.039773444;-0.016561155;-0.308842813;-0.039048726;-0.030473863;-0.003820966;-0.010354543;-0.738816049;-0.012492651;-0.048854926;-0.094604819;-0.000621205;-0.01218906;-0.003151954;-0.350088394;-0.403461717;-0.006717428;-0.11921441;-0.739362789;-0.177318549;-0.795412145;-0.043811543;-0.08016986;-0.087942845;-4.7550487;-0.097865433;-0.463425701;-3.942250496;-0.039051421;-29.40421186;-0.75410862;-0.57197103;-0.040443349;-0.014152464;-0.036765685;-0.230278926;-0.355265308;-1.789574334;-4.488499726;-0.001456165;-9.522914439;-0.004337616;-0.017939225;-0.138902458;-0.532718295;-0.017480566;-0.021050102;-0.064220928;-0.173081078;-1.075074663;-0.081443146;-0.190837612;-0.413603144;-0.011765044;-0.418284544;-2.028327983;-0.069451794;0.166385922;-0.059921055;-0.190345471;-2.31647132;-0.008543991;-0.109000595;-0.551332347;-0.064155735;-0.032395573;-0.215445625;-1.328555146;-0.143776253;-0.016075822;-1.059209786;-0.095588037;-0.131523162;-0.381062708;-0.00970319;-0.002094548;-8.95E-05;-0.259019198;-0.139816479;-0.006813504;-1.82123747;-0.095491217;-0.057790799;-0.421443207;-0.304657975;-0.348731137;-1.076466009;-0.420949466;-0.013982596;-0.228152687;-0.541840506;-0.470670835;-0.088567939;-0.184289068;-0.065290748;-1.456167096;-0.017114105;-0.897308511;0.226683767;0.565800528
26.827;-0.039773444;-0.016561154;-0.308842813;-0.039048726;-0.030473858;-0.003820966;-0.010354545;-0.738816051;-0.012492649;-0.048854925;-0.094604819;-0.000621213;-0.012189054;-0.003151952;-0.350088394;-0.403461716;-0.006717426;-0.119214412;-0.739362788;-0.177318549;-0.795412145;-0.043811541;-0.08016986;-0.087942844;-4.755048713;-0.097865433;-0.463425701;-3.942250493;-0.039051421;-29.40421186;-0.75410862;-0.571971029;-0.040443349;-0.014152464;-0.036765685;-0.230278927;-0.355265306;-1.789574334;-4.48849976;-0.00145616;-9.52291444;-0.004337616;-0.0179392;-0.138902666;-0.532718296;-0.017480565;-0.021050102;-0.064220928;-0.173081079;-1.075074663;-0.081443146;-0.190837619;-0.413603144;-0.011765044;-0.418284544;-2.028327994;-0.069451782;0.119561811;-0.059921052;-0.190345471;-2.316471319;-0.008543991;-0.109000595;-0.551332346;-0.064155744;-0.032395573;-0.215445625;-1.328555144;-0.143776253;-0.016075822;-1.059209786;-0.095588147;-0.131523172;-0.381062708;-0.009703199;-0.002094576;-8.95E-05;-0.259019207;-0.139816475;-0.006813504;-1.821237473;-0.095491135;-0.057790801;-0.421443211;-0.304657975;-0.34873114;-1.076466009;-0.420949467;-0.013982596;-0.228152687;-0.541840506;-0.470670919;-0.088567939;-0.184289068;-0.065290748;-1.456167096;-0.017114113;-0.897308603;0.284278571;0.522783299
29.471;-0.039773444;-0.016561154;-0.308842812;-0.039048726;-0.030473863;-0.003820966;-0.010354545;-0.738816049;-0.01249265;-0.048854996;-0.094604819;-0.000621212;-0.012189052;-0.003151954;-0.350088394;-0.403461717;-0.006717428;-0.119214412;-0.739362788;-0.177318549;-0.795412145;-0.043811539;-0.08016986;-0.087942844;-4.75504876;-0.097865433;-0.463425701;-3.942250496;-0.039051421;-29.40421186;-0.75410862;-0.57197103;-0.040443349;-0.014152464;-0.036765685;-0.230278924;-0.355265306;-1.789574334;-4.488499795;-0.001456159;-9.52291444;-0.004337616;-0.017939194;-0.138902448;-0.532718295;-0.017480564;-0.021050102;-0.064220925;-0.173081078;-1.075074662;-0.081443146;-0.19083762;-0.413603146;-0.011765045;-0.41828455;-2.028327993;-0.069451795;0.063232242;-0.059921055;-0.190345479;-2.316471207;-0.008543991;-0.109000595;-0.551332347;-0.064155745;-0.032395573;-0.215445625;-1.328555141;-0.143776253;-0.016075822;-1.059209786;-0.095588148;-0.131523123;-0.381062708;-0.009703191;-0.002094572;-8.95E-05;-0.259019207;-0.139816449;-0.006813504;-1.821237472;-0.095491157;-0.057790799;-0.421443209;-0.304657975;-0.348731131;-1.076466033;-0.420949467;-0.013982597;-0.228152687;-0.541840506;-0.470670919;-0.08856794;-0.184289068;-0.065290748;-1.456167096;-0.017114104;-0.897308573;0.313394225;0.47115965
32.375;-0.039773444;-0.016561154;-0.308842813;-0.039048726;-0.030473853;-0.003820966;-0.010354545;-0.738816048;-0.012492651;-0.048854925;-0.094604819;-0.000621213;-0.012189052;-0.003151954;-0.350088394;-0.403461717;-0.006717428;-0.119214412;-0.739362788;-0.177318549;-0.795412145;-0.043811543;-0.08016986;-0.087942844;-4.755048699;-0.097865433;-0.463425701;-3.942250495;-0.039051421;-29.4042117;-0.75410862;-0.57197103;-0.040443349;-0.014152464;-0.036765685;-0.230278942;-0.355265306;-1.789574334;-4.488499797;-0.001456167;-9.522914437;-0.004337616;-0.017939206;-0.138902449;-0.532718296;-0.017480561;-0.021050102;-0.064220929;-0.173081079;-1.075074663;-0.081443146;-0.19083762;-0.413603145;-0.011765044;-0.418284544;-2.028327993;-0.069451794;-0.004882199;-0.059921044;-0.190345474;-2.316471307;-0.008543991;-0.109000595;-0.551332347;-0.064155742;-0.032395572;-0.215445625;-1.328555141;-0.143776253;-0.016075822;-1.059209786;-0.095588139;-0.131523125;-0.381062708;-0.009703195;-0.002094549;-8.95E-05;-0.259019205;-0.139816484;-0.006813504;-1.821237471;-0.095491128;-0.057790799;-0.421443207;-0.304657975;-0.348731141;-1.076466017;-0.420949467;-0.013982599;-0.228152687;-0.541840506;-0.470670919;-0.088567938;-0.184289068;-0.065290748;-1.456167096;-0.017114107;-0.897308581;0.324526898;0.409105918
35.565;-0.039773444;-0.016561154;-0.308842813;-0.039048726;-0.030473862;-0.003820966;-0.010354551;-0.738816046;-0.012492645;-0.048854941;-0.094604819;-0.000621213;-0.012189052;-0.003151954;-0.350088394;-0.403461717;-0.006717428;-0.119214412;-0.739362788;-0.177318549;-0.795412145;-0.04381154;-0.08016986;-0.087942844;-4.755048699;-0.097865433;-0.463425701;-3.942250496;-0.039051421;-29.40421178;-0.75410862;-0.57197103;-0.040443349;-0.014152476;-0.036765685;-0.230278935;-0.355265307;-1.789574334;-4.488499798;-0.001456157;-9.522914438;-0.004337616;-0.017939197;-0.138902458;-0.532718295;-0.017480566;-0.021050102;-0.064220929;-0.173081079;-1.075074663;-0.081443146;-0.19083762;-0.413603144;-0.011765044;-0.418284544;-2.028327993;-0.069451796;-0.008064313;-0.059921054;-0.190345471;-2.316471313;-0.008543991;-0.109000595;-0.551332347;-0.064155741;-0.032395573;-0.215445626;-1.328555141;-0.143776253;-0.016075823;-1.059209786;-0.095588147;-0.131523128;-0.381062708;-0.009703199;-0.002094548;-8.95E-05;-0.259019209;-0.139816484;-0.006813504;-1.82123747;-0.095491135;-0.057790799;-0.421443207;-0.304657975;-0.348731139;-1.076466009;-0.420949466;-0.013982597;-0.228152687;-0.541840506;-0.470670919;-0.088567937;-0.184289068;-0.065290748;-1.456167096;-0.017114104;-0.897308588;0.311575632;0.33373557
39.069;-0.039773444;-0.016561154;-0.308842813;-0.039048726;-0.030473863;-0.003820966;-0.010354541;-0.738816048;-0.01249265;-0.048854922;-0.094604819;-0.000621213;-0.012189052;-0.003151954;-0.350088394;-0.403461716;-0.006717428;-0.119214412;-0.739362788;-0.177318549;-0.795412145;-0.043811539;-0.08016986;-0.087942844;-4.755048699;-0.097865433;-0.463425701;-3.942250496;-0.039051421;-29.40421171;-0.75410862;-0.57197103;-0.040443349;-0.014152479;-0.036765685;-0.230278925;-0.355265306;-1.789574334;-4.488499797;-0.001456164;-9.52291444;-0.004337616;-0.017939195;-0.138902445;-0.532718296;-0.017480566;-0.021050102;-0.064220929;-0.173081077;-1.075074663;-0.081443146;-0.19083762;-0.413603143;-0.011765044;-0.418284545;-2.028327994;-0.069451788;-0.00806448;-0.059921053;-0.190345471;-2.316471318;-0.008543991;-0.109000595;-0.551332347;-0.064155734;-0.032395573;-0.215445625;-1.328555141;-0.143776253;-0.016075822;-1.059209786;-0.095588147;-0.131523164;-0.381062708;-0.009703199;-0.002094548;-8.95E-05;-0.259019209;-0.139816479;-0.006813504;-1.82123747;-0.095491139;-0.057790799;-0.421443215;-0.304657975;-0.348731142;-1.076466009;-0.420949467;-0.013982597;-0.228152687;-0.541840506;-0.470670919;-0.08856794;-0.184289068;-0.065290748;-1.456167096;-0.017114104;-0.897308579;0.266862806;0.238063821
42.919;-0.039773444;-0.016561154;-0.308842813;-0.039048726;-0.030473859;-0.003820966;-0.010354545;-0.738816051;-0.012492649;-0.048854924;-0.094604819;-0.000621213;-0.012189052;-0.003151954;-0.350088394;-0.403461716;-0.006717428;-0.119214412;-0.739362788;-0.177318549;-0.795412145;-0.04381154;-0.08016986;-0.087942844;-4.755048699;-0.097865433;-0.463425701;-3.942250492;-0.039051421;-29.40421183;-0.75410862;-0.57197103;-0.040443349;-0.014152472;-0.036765685;-0.230278924;-0.355265306;-1.789574335;-4.488499797;-0.001456174;-9.522914439;-0.004337616;-0.017939195;-0.138902446;-0.532718296;-0.017480566;-0.021050102;-0.064220929;-0.173081079;-1.075074663;-0.081443146;-0.19083762;-0.413603144;-0.011765044;-0.418284544;-2.028327994;-0.069451795;-0.008064399;-0.059921051;-0.190345471;-2.316471264;-0.008543991;-0.109000595;-0.551332347;-0.064155743;-0.032395573;-0.215445625;-1.328555141;-0.143776253;-0.016075822;-1.059209786;-0.095588148;-0.131523125;-0.381062708;-0.009703199;-0.002094548;-8.95E-05;-0.259019207;-0.139816471;-0.006813504;-1.82123747;-0.095491133;-0.057790799;-0.421443207;-0.304657975;-0.348731137;-1.076466009;-0.420949467;-0.013982597;-0.228152687;-0.541840506;-0.470670919;-0.08856794;-0.184289068;-0.065290748;-1.456167096;-0.017114108;-0.897308596;0.181057798;0.179368496
47.149;-0.039773444;-0.016561154;-0.308842813;-0.039048726;-0.030473861;-0.003820966;-0.010354545;-0.738816051;-0.012492651;-0.048854924;-0.094604819;-0.000621213;-0.012189052;-0.003151952;-0.350088394;-0.403461716;-0.006717428;-0.119214412;-0.739362788;-0.177318549;-0.795412145;-0.04381154;-0.080169859;-0.087942844;-4.755048699;-0.097865433;-0.463425701;-3.942250496;-0.039051421;-29.40421186;-0.75410862;-0.57197103;-0.040443349;-0.014152469;-0.036765685;-0.230278924;-0.355265306;-1.789574334;-4.488499797;-0.001456157;-9.52291444;-0.004337616;-0.017939196;-0.138902445;-0.532718296;-0.017480566;-0.021050102;-0.064220929;-0.17308108;-1.075074663;-0.081443146;-0.19083762;-0.413603144;-0.011765044;-0.418284543;-2.028327994;-0.069451797;-0.008064484;-0.059920977;-0.190345471;-2.316471318;-0.008543991;-0.109000595;-0.551332347;-0.064155744;-0.032395573;-0.215445625;-1.328555141;-0.143776253;-0.016075822;-1.059209786;-0.095588148;-0.131523125;-0.381062708;-0.009703199;-0.002094548;-8.95E-05;-0.259019209;-0.139816481;-0.006813503;-1.821237475;-0.095491135;-0.057790799;-0.421443207;-0.304657975;-0.348731142;-1.076466009;-0.420949466;-0.013982597;-0.228152687;-0.541840506;-0.470670919;-0.08856794;-0.184289068;-0.065290748;-1.456167096;-0.017114108;-0.897308599;0.041793131;0.14602769
51.795;-0.039773444;-0.016561154;-0.308842813;-0.039048726;-0.030473858;-0.003820966;-0.010354545;-0.738816051;-0.01249265;-0.048854924;-0.094604819;-0.000621213;-0.012189052;-0.003151953;-0.350088394;-0.403461716;-0.006717428;-0.119214412;-0.739362788;-0.177318549;-0.795412145;-0.043811542;-0.08016986;-0.087942844;-4.755048698;-0.097865433;-0.463425701;-3.942250496;-0.039051421;-29.40421186;-0.75410862;-0.571971029;-0.040443349;-0.014152464;-0.036765685;-0.230278924;-0.355265307;-1.789574334;-4.488499797;-0.001456156;-9.52291444;-0.004337616;-0.017939194;-0.13890245;-0.532718296;-0.017480566;-0.021050102;-0.064220929;-0.173081079;-1.075074663;-0.081443146;-0.19083762;-0.413603144;-0.011765047;-0.418284543;-2.028327994;-0.069451796;-0.008064367;-0.059921056;-0.190345471;-2.316471303;-0.008543991;-0.109000595;-0.551332347;-0.064155744;-0.032395573;-0.215445625;-1.328555141;-0.143776253;-0.016075822;-1.059209786;-0.095588144;-0.131523124;-0.381062708;-0.009703199;-0.002094548;-8.95E-05;-0.259019209;-0.139816481;-0.006813504;-1.82123747;-0.095491135;-0.057790799;-0.421443207;-0.304657975;-0.348731142;-1.076466011;-0.420949467;-0.013982597;-0.228152687;-0.541840506;-0.470670919;-0.088567937;-0.184289068;-0.065290748;-1.456167096;-0.017114105;-0.897308597;-0.030577353;0.144818995
56.899;-0.039773444;-0.016561154;-0.308842813;-0.039048726;-0.030473861;-0.003820966;-0.010354545;-0.738816051;-0.01249265;-0.048854924;-0.094604819;-0.000621213;-0.012189052;-0.00315195;-0.350088394;-0.403461716;-0.006717428;-0.119214412;-0.739362788;-0.177318549;-0.795412145;-0.04381154;-0.08016986;-0.087942844;-4.755048699;-0.097865433;-0.463425701;-3.942250496;-0.039051421;-29.40421186;-0.75410862;-0.57197103;-0.040443349;-0.014152464;-0.036765685;-0.230278924;-0.355265306;-1.789574334;-4.488499797;-0.001456157;-9.522914438;-0.004337616;-0.017939194;-0.138902451;-0.532718296;-0.017480566;-0.021050102;-0.064220929;-0.173081079;-1.075074663;-0.081443146;-0.190837619;-0.413603144;-0.011765045;-0.418284543;-2.028327991;-0.069451795;-0.008064481;-0.05992108;-0.190345471;-2.316471319;-0.008543991;-0.109000595;-0.551332347;-0.064155744;-0.032395573;-0.215445625;-1.328555141;-0.143776253;-0.016075822;-1.059209786;-0.095588148;-0.131523124;-0.381062708;-0.009703199;-0.002094548;-8.95E-05;-0.259019208;-0.139816484;-0.006813504;-1.82123747;-0.095491135;-0.057790799;-0.421443207;-0.304657975;-0.348731142;-1.07646601;-0.420949467;-0.013982597;-0.228152687;-0.541840506;-0.470670918;-0.088567933;-0.184289068;-0.065290748;-1.456167096;-0.017114104;-0.897308568;-0.030575221;0.142765691
62.506;-0.039773444;-0.016561154;-0.308842813;-0.039048726;-0.030473863;-0.003820966;-0.010354545;-0.738816051;-0.01249265;-0.048854924;-0.094604819;-0.000621213;-0.012189052;-0.003151954;-0.350088394;-0.403461717;-0.006717428;-0.119214412;-0.739362788;-0.177318549;-0.795412145;-0.043811542;-0.08016986;-0.087942844;-4.755048699;-0.097865433;-0.463425701;-3.942250496;-0.039051421;-29.40421186;-0.75410862;-0.57197103;-0.040443349;-0.014152464;-0.036765685;-0.230278924;-0.355265306;-1.789574334;-4.488499797;-0.001456157;-9.52291444;-0.004337616;-0.017939194;-0.138902445;-0.532718296;-0.017480566;-0.021050102;-0.064220929;-0.173081079;-1.075074663;-0.081443146;-0.19083762;-0.413603144;-0.011765045;-0.418284543;-2.028327989;-0.069451796;-0.008064484;-0.059921049;-0.190345471;-2.31647132;-0.008543991;-0.109000595;-0.551332347;-0.064155744;-0.032395573;-0.215445625;-1.328555141;-0.143776253;-0.016075823;-1.059209786;-0.095588145;-0.131523124;-0.381062708;-0.009703199;-0.002094547;-8.95E-05;-0.259019209;-0.139816484;-0.006813504;-1.82123747;-0.095491136;-0.057790799;-0.421443208;-0.304657975;-0.348731138;-1.076466014;-0.420949467;-0.013982597;-0.228152687;-0.541840506;-0.470670918;-0.088567938;-0.184289068;-0.065290748;-1.456167096;-0.017114104;-0.897308596;-0.030577466;0.139626406
68.665;-0.039773444;-0.016561154;-0.308842813;-0.039048726;-0.030473862;-0.003820966;-0.010354545;-0.738816051;-0.01249265;-0.048854924;-0.094604819;-0.000621213;-0.012189052;-0.003151954;-0.350088394;-0.403461717;-0.006717428;-0.119214412;-0.739362788;-0.177318549;-0.795412145;-0.043811539;-0.080169859;-0.087942844;-4.755048699;-0.097865433;-0.463425701;-3.942250496;-0.039051421;-29.40421185;-0.75410862;-0.57197103;-0.040443349;-0.014152464;-0.036765685;-0.230278924;-0.355265306;-1.789574334;-4.488499797;-0.001456158;-9.52291444;-0.004337616;-0.017939194;-0.138902445;-0.532718296;-0.017480566;-0.021050102;-0.064220928;-0.173081078;-1.075074663;-0.081443146;-0.19083762;-0.413603144;-0.011765045;-0.418284543;-2.028327994;-0.069451795;-0.00806443;-0.059921072;-0.190345471;-2.31647132;-0.008543991;-0.109000595;-0.551332347;-0.064155744;-0.032395573;-0.215445625;-1.328555141;-0.143776253;-0.016075822;-1.059209786;-0.095588147;-0.131523124;-0.381062708;-0.009703199;-0.002094548;-8.95E-05;-0.25901921;-0.139816484;-0.006813504;-1.821237471;-0.095491135;-0.057790799;-0.421443207;-0.304657975;-0.348731141;-1.07646602;-0.420949467;-0.013982597;-0.228152687;-0.541840506;-0.470670919;-0.088567941;-0.184289068;-0.065290748;-1.456167096;-0.017114104;-0.897308576;-0.030577558;0.135112186
75.431;-0.039773444;-0.016561154;-0.308842813;-0.039048726;-0.030473863;-0.003820966;-0.010354545;-0.738816051;-0.012492651;-0.048854924;-0.094604819;-0.000621213;-0.012189052;-0.003151954;-0.350088394;-0.403461716;-0.006717428;-0.119214412;-0.739362788;-0.177318549;-0.795412145;-0.04381154;-0.08016986;-0.087942844;-4.755048699;-0.097865433;-0.463425701;-3.942250496;-0.039051421;-29.40421186;-0.75410862;-0.57197103;-0.040443349;-0.014152463;-0.036765685;-0.230278924;-0.355265307;-1.789574334;-4.488499797;-0.001456156;-9.52291444;-0.004337616;-0.017939194;-0.138902448;-0.532718296;-0.017480566;-0.021050102;-0.064220929;-0.173081079;-1.075074663;-0.081443146;-0.19083762;-0.413603144;-0.011765045;-0.418284544;-2.028327992;-0.069451796;-0.00806447;-0.059921076;-0.190345471;-2.31647132;-0.008543991;-0.109000595;-0.551332347;-0.064155745;-0.032395573;-0.215445625;-1.328555141;-0.143776253;-0.016075822;-1.059209786;-0.095588147;-0.131523125;-0.381062708;-0.009703199;-0.002094549;-8.95E-05;-0.259019209;-0.139816483;-0.006813504;-1.82123747;-0.095491135;-0.057790799;-0.421443207;-0.304657975;-0.348731138;-1.076466009;-0.420949467;-0.013982597;-0.228152687;-0.541840506;-0.470670919;-0.088567939;-0.184289068;-0.065290748;-1.456167096;-0.017114105;-0.897308593;-0.030577231;0.128858107
82.864;-0.039773444;-0.016561154;-0.308842813;-0.039048726;-0.030473861;-0.003820966;-0.010354545;-0.738816051;-0.01249265;-0.048854924;-0.094604819;-0.000621213;-0.012189052;-0.003151954;-0.350088394;-0.403461717;-0.006717428;-0.119214412;-0.739362788;-0.177318549;-0.795412145;-0.043811539;-0.08016986;-0.087942844;-4.755048699;-0.097865433;-0.463425701;-3.942250496;-0.039051421;-29.40421186;-0.75410862;-0.57197103;-0.040443349;-0.014152464;-0.036765685;-0.230278924;-0.355265306;-1.789574334;-4.488499797;-0.001456161;-9.52291444;-0.004337616;-0.017939194;-0.138902447;-0.532718296;-0.017480566;-0.021050102;-0.064220929;-0.173081079;-1.075074663;-0.081443146;-0.19083762;-0.413603144;-0.011765045;-0.418284543;-2.028327992;-0.069451796;-0.008064485;-0.059921055;-0.19034547;-2.31647132;-0.008543991;-0.109000595;-0.551332347;-0.064155745;-0.032395573;-0.215445625;-1.328555141;-0.143776253;-0.016075822;-1.059209786;-0.095588147;-0.131523124;-0.381062708;-0.009703199;-0.002094548;-8.95E-05;-0.259019209;-0.139816484;-0.006813504;-1.82123747;-0.095491135;-0.057790799;-0.421443207;-0.304657975;-0.348731142;-1.076466009;-0.420949467;-0.013982597;-0.228152687;-0.541840506;-0.470670919;-0.08856794;-0.184289068;-0.065290748;-1.456167096;-0.017114104;-0.897308573;-0.030577571;0.120857727
91.03;-0.039773444;-0.016561154;-0.308842813;-0.039048726;-0.030473863;-0.003820966;-0.010354545;-0.738816051;-0.012492651;-0.048854924;-0.094604819;-0.000621213;-0.012189052;-0.003151954;-0.350088394;-0.403461717;-0.006717428;-0.119214412;-0.739362788;-0.177318549;-0.795412145;-0.043811539;-0.08016986;-0.087942844;-4.755048699;-0.097865433;-0.463425701;-3.942250496;-0.039051421;-29.40421186;-0.75410862;-0.57197103;-0.040443349;-0.014152464;-0.036765685;-0.230278924;-0.355265306;-1.789574334;-4.488499797;-0.001456156;-9.52291444;-0.004337616;-0.017939194;-0.138902447;-0.532718296;-0.017480566;-0.021050102;-0.064220929;-0.173081079;-1.075074663;-0.081443146;-0.19083762;-0.413603144;-0.011765045;-0.418284544;-2.028327993;-0.069451796;-0.008064483;-0.059921056;-0.190345471;-2.31647132;-0.008543991;-0.109000595;-0.551332347;-0.064155745;-0.032395573;-0.215445625;-1.328555141;-0.143776253;-0.016075822;-1.059209786;-0.095588148;-0.131523124;-0.381062708;-0.009703199;-0.002094548;-8.95E-05;-0.259019209;-0.139816484;-0.006813504;-1.821237471;-0.095491135;-0.057790799;-0.421443208;-0.304657975;-0.348731141;-1.07646601;-0.420949467;-0.013982597;-0.228152687;-0.541840506;-0.470670919;-0.08856794;-0.184289068;-0.065290748;-1.456167096;-0.017114104;-0.897308598;-0.030577569;0.11092257
100;-0.039773444;-0.016561154;-0.308842813;-0.039048726;-0.030473863;-0.003820966;-0.010354545;-0.738816051;-0.012492651;-0.048854924;-0.094604819;-0.000621213;-0.012189052;-0.003151954;-0.350088394;-0.403461717;-0.006717428;-0.119214412;-0.739362788;-0.177318549;-0.795412145;-0.04381154;-0.08016986;-0.087942844;-4.755048699;-0.097865433;-0.463425701;-3.942250496;-0.039051421;-29.40421186;-0.75410862;-0.57197103;-0.040443349;-0.014152464;-0.036765685;-0.230278924;-0.355265306;-1.789574334;-4.488499797;-0.001456156;-9.52291444;-0.004337616;-0.017939194;-0.138902445;-0.532718296;-0.017480566;-0.021050102;-0.064220929;-0.173081079;-1.075074663;-0.081443146;-0.19083762;-0.413603144;-0.011765044;-0.418284543;-2.028327993;-0.069451796;-0.008064479;-0.059921056;-0.190345471;-2.316471328;-0.008543991;-0.109000595;-0.551332347;-0.064155744;-0.032395573;-0.215445625;-1.328555141;-0.143776253;-0.016075822;-1.059209786;-0.095588146;-0.131523124;-0.381062708;-0.009703199;-0.002094548;-8.95E-05;-0.259019209;-0.139816484;-0.006813504;-1.82123747;-0.095491135;-0.057790799;-0.421443207;-0.304657975;-0.348731142;-1.076466011;-0.420949467;-0.013982597;-0.228152687;-0.541840506;-0.470670919;-0.08856794;-0.184289068;-0.065290748;-1.456167096;-0.017114104;-0.897308597;-0.030577573;0.100212208
