0.0003162130138770181,-6.511789377293158,-2.3721512854756797,0.6356835027336069
0.0003163940731910037,-11.717243949840869,9401451418571192e-20,0.9999810216843371
1.163982461003457,-1.5490621163971536,-0.613826996938473,0.3447179332212583
1.439991270494751,-0.4863348334210649,-0.2909681421632208,0.10141932399748133
7.819985518593248,4.550028783040069,7.342278469118014,0.8539102844140779
9.98999954974294,2.5209378728676732,2.577563211656731,0.007581318944570148
0.2399989628345053,-1.4426984909203415,-0.625044623260412,0.4859185267294367
1.4799994382820358,-2.554516674369899,-0.29226260761098277,0.5607250048313501
0.0003090588488439,-6.9526984826104465,-6.864613910268496,0.012668556997345481
0.0003065894164064137,-3.297243938598095,-3.4170234758793328,-0.03632379133045727
9.87998327066942,5.4436651536699685,6.294720401453002,0.19183819224367382
8.449993007422137,5.220937867146543,6.21061470038724,0.30649115306102515
0.0005492812100264856,-1.8690409037850448,-1.1233404595465535,0.3988577016628151
2.149999817158937,-0.04903410045994872,0.2842456466430073,0.15155734726630832
6.779998989396475,2.841878785075207,4.962615396182689,0.5385149515701462
0.0006785549820703558,-3.3190265301655257,-0.2717364032030705,0.9179400123812417
12.369998869448183,1.905524240713095,1.1048392248494971,-0.0765145928745381
3.2899962385666015,-1.5144734940365505,-0.4055568587614407,0.23080937064708662
0.0008078537451383964,-5.003562880869949,-1.4214673542158056,0.7157933967355561
12.369968815145873,8.436439398011824,2.228819061706552,-1.5781298874404035
13.76999894644204,3.7291666608965173,7.40603038044636,0.3661911298770465
13.989998177153955,8.077348463290303,1.025543251992109,-1.1926641273477627
2.389935615214269,-0.49083333492670467,0.000778238143519348,0.17065289913172899
0.0008138600431818336,-5.192651522904877,-6.963482220929161,-0.34097285096739705
0.2699999430378745,-0.5762878749640508,-0.41929506461946325,0.1855075861959653
0.0008823158093739555,-3.9417378995517645,-0.8842777264148505,0.7754893969306286
7.729970956128606,4.870082567870415,6.484128534239185,0.5643737612263255
0.0009320152279897862,-9.5471878772538,-8.155386176730367,0.1457670951135982
6.539998662154695,1.648268193081505,0.20465771587113504,-0.29511243236667606
4.849999106826912,1.7773606102503912,0.6470542744879252,-0.36786180249379585
0.4499967871628465,-3.882638639155086,-6.334306008294431,-0.5658605278087943
7.319993957600079,5.4819068358334055,5.099950196713305,-0.20780116165167617
0.7499994997028623,-2.7508204513015877,-4.1936825429146705,-0.41214975685884636
0.0009697600524906322,-3.6853658981388517,-4.705468270873016,-0.27672530863200495
3.459991214659616,-0.14354773181624364,-1.3418984385331088,-0.33254828781268264
9.379994585094398,5.454634079890361,7.349018869080107,0.4826014799604442
6.259998849389124,2.3237136427020606,2.1795163099947836,-0.036632846741468716
15.089999004364037,4.970078794490958,4.159368360205316,-0.08011035833016811
6.959996072634275,3.607353779507478,3.1297336945015024,-0.14246079457541216
3.709993149987726,0.8582613519401611,0.21271071730710364,-0.22637144035600865
13.929999130785324,6.814627279432013,4.421175569338003,-0.33637760050991394
9.709999688204825,3.596446987989298,5.688742851126595,0.3422389510216435
4.309991628183826,1.682808339225776,3.0242684300130365,0.510607728218037
6.479998643921341,0.813721193303215,-0.1367487270260221,-0.1677415072969206
19.069999829957943,5.709175750110823,7.036477788937854,0.09934282727583221
9.239999458288016,2.25372348284786,-0.13434833322336645,-0.3418232867505311
0.0009664083188810656,-7.018093947774638,-8.383297141270305,-0.19449942360311523
10.699999703093354,2.295541678153966,-0.5290421669842579,-0.33608161725081565
7.8999797546385135,4.893724239858512,5.476982224104516,0.19401477398659728
7.399994500905778,4.870090909106038,0.049712280268594713,-1.9053606012742526
0.5499985745448153,-0.8562651609160323,-2.920322699513416,-1.4677599134140866
5.519993232703982,1.8655537673028968,1.7542339818899506,-0.030461521244744105
13.949999142660609,6.571921227017152,6.518395629339107,-0.007254680458789631
9.769987357177838,6.3346469741979154,8.96554155829961,0.7658322875765728
4.469992374904459,1.6491924181943527,1.1791103340692244,-0.1666485009002141
0.001129614757720304,-2.5098969658353334,-0.07239685439883808,0.9707185619918077
8.8999989323378,3.7346515091135344,2.7096048787647566,-0.19844679289915668
0.7399969441884998,-2.3217068164624615,-0.8754354730063487,0.47237468302570695
0.0012897691308553826,-3.5698825832362613,-3.954724717913444,-0.1077635288092702
10.79999725649861,5.709200768829107,1.9618171118078669,-0.7361094999766413
6.559999972139181,4.056481808398421,1.1969066650358995,-1.1422226468250347
4.089994299094428,1.7073954542325962,2.6506066322687847,0.39587494137767265
0.9599953071532088,-2.5407856052674602,-0.25696197174979263,0.6523754815431972
4.7299996096135875,1.0682984921532765,0.03525466021332642,-0.2821212870198566
3.189959459131459,1.4628454563343514,2.216959401699051,0.436632407671637
6.769999683128375,1.8274037892862902,0.5970033066612732,-0.24893811046902625
0.001307087219554754,-1.6998810763948766,-0.2578859289995829,0.8476400072826495
6.109999067137773,2.322843937972894,3.245968332501362,0.24375140786272198
0.0013124234866817915,-3.7380613717806175,-4.82730068839543,-0.2912892308314823
3.224786544760618,1.9164825684612707,1.1409968059459576,-0.5927412715727143
4.349988823058893,2.5346719664387813,0.34185098426383076,-1.2079549496707171
3.1099939065939823,0.7664924263804934,-0.23901881340582087,-0.4290636247836779
2.199951535728797,0.20104621342785556,0.20324251894291828,0.0010987541483628016
2.279994539027562,-0.7889522802208461,-0.8142583527934254,-0.008245849166841124
0.001424962015363911,-0.7535068345658641,-1.2283825985036914,-0.6290313457299612
6.649990659575707,4.765586363093885,0.09029987746937485,-2.4810421491573
4.819991046435073,1.845594684628993,0.709050226253548,-0.3821092820612937
6.219988011933291,1.8828856086780306,0.025628243873781667,-0.42822538923919895
4.56999754053688,1.412875759214257,0.46940508827095545,-0.29883885902812746
2.5799572911819366,-0.6898507659667422,-0.1166678536285998,0.17529558381416632
4.629999710708626,-1.6443931914714387,-0.6469477061085185,0.15897083604954887
1.4599994606232292,0.46198409182255357,1.251475872173712,0.7910617461732059
1.7799999352629663,-2.4171091007610226,-1.4593170035348404,0.22820281508185902
3.2299996166964977,1.7783416585987035,0.22596554254738718,-1.0693814664754089
0.001697411788425933,-4.088936357376606,-2.0535310544094725,0.4975770058688471
2.2599752334494134,-0.6052999838789099,-2.563282248806058,-0.6833487593393679
6.609997870420917,3.2092265151659416,2.429346164683415,-0.22932454699650173
6.30999971121569,2.2301045368596113,2.2792269779528405,0.012040123335026909
0.8399966001845691,-1.2944363727359673,-0.1358926395386436,0.5427875917846663
10.119996642472044,6.008303015126493,7.892356005762464,0.45821823350498214
3.3699945984134843,1.370089395343303,0.06631789146987037,-0.6519166517852597
4.389998236066093,2.039164375024586,4.097328232077252,0.8755037483341431
3.53998171559829,1.4264416652128342,3.3998803364265773,0.9337124559592983
5.4299993442999615,3.366437142637159,3.3455987991915928,-0.01009823858412151
3.7799964385813425,0.873693929284741,1.0586305505279578,0.06363295653210455
9.029998276180422,6.366412131472677,1.60192744482703,-1.7887481116809973
0.6699984028621474,-0.7781272752447774,-0.1009837718302768,0.4675999560339973
6.889997041362358,4.221887871696545,6.09999850666336,0.7039107156181519
1.6099964281029413,-0.61446894004961,0.37988752880405957,0.44700919290080754
12.279993099325631,8.096437870198683,1.7280814545320446,-1.5222355309973108
13.849988885490871,8.044615902351085,2.132655946453042,-1.0183600559460713
3.359994754169604,1.1646325719341348,0.20610538430143407,-0.43661460299760746
6.579981893964964,3.6646378841192666,5.803841506556823,0.7337739955260991
4.58999965260003,0.6028159147123775,0.8317256650778464,0.05741138743877949
5.489999204912622,2.628278786533558,2.4518313269067438,-0.0616578260034073
2.08999850342507,0.72466590564224,0.4376063084355017,-0.21024884169095182
7.0899702553589705,2.4210189296748537,5.028224230775955,0.558413467872056
4.3099978148232605,1.0455613720893204,-2.4328471853794698,-1.0655464177319534
1.9099988720862129,-0.17896970513948854,1.7980032476258188,0.9463871186568387
1.909997404840819,-0.9934924301908625,-1.51778717253223,-0.1805739892785423
0.9399974559279762,-1.7152977396747926,-0.6198576332925909,0.41254927444461775
9.409999845221297,4.823805303973824,4.333091635790728,-0.10699800537672322
7.299999852047597,2.3310787851411603,3.5417821087418493,0.24365517328582786
1.949994135972764,-1.52980756454554,-0.32973335669096193,0.3448685618136893
5.469996743989344,2.7674552971490045,4.699999260566542,0.7150839317106347
8.759999943781317,4.703812124438031,3.8862394973538614,-0.2015618268920638
1.2799995253014846,0.0974431930438257,0.788967007226241,0.5847702940816387
0.0021657322722568313,-3.446166670307165,-5.916952291109884,-0.7165160814991389
3.549999616318115,2.0001977262200747,2.816540614121639,0.5267401550593817
5.879999851657906,3.350188646506191,3.8068523071319897,0.18051294092454317
0.0019171678990352564,-1.7280068194534683,-2.023537605103161,-0.1708345498474626
0.0021652286130462925,-3.3079848436677066,-3.711185433402423,-0.12180734435913476
1.2036693791842823,0.2493060525084146,0.9138274998165888,0.696298179879524
9.159999635607102,0.5456742569265038,-0.11898492829144611,-0.07715742742465936
6.219997091784649,1.82568105114969,4.007851514065416,0.4965893310214464
3.2299971953456708,0.6356977218964154,-0.6566977533571113,-0.4981674199452464
0.002583215555506347,-1.7361280250965345,-2.5904426092439525,-0.4913493190663667
6.869999872523617,2.535689395747043,4.264798949060873,0.3989353237564488
5.439996623393073,2.9811424190523956,1.4803202665380468,-0.6103746004398756
7.219999781383583,2.4447780094288976,2.755485963321693,0.0650667065805427
4.10999961573006,-0.5861318043409607,-4.198598322955198,-0.7692430631678542
2.109996678102964,0.47388560151629183,0.044079914237988106,-0.2626995767151601
0.0026318624049756056,-4.052487883577538,-5.606263893836848,-0.38316402661072235
0.0028070793580222565,-4.081562884285933,-6.824114917781628,-0.671474929525941
0.0029415589204080496,-5.598823489707657,-0.9721597533551294,0.8259296304270471
7.4099997211579804,2.3939075732295207,0.016363948627563848,-0.4739832432272666
2.9599995439609086,-3.9633856055177574,-0.26937492500530086,0.533555565775597
15.429997610222353,8.929321213946881,10.08725282521807,0.17812478897343953
4.27999890576457,-0.8743606067207169,-4.019779235131684,-0.6102443224598308
10.33999945006416,4.0973886444703025,8.165255103412878,0.6516290356107826
8.459999824659517,3.8055530131945194,5.375576527606345,0.33731688813039784
5.849999257904668,3.4337219622701163,4.134731396006296,0.29011961292798705
5.699985448773364,3.3937053060115097,3.652578289415562,0.11224698101681718
8.289978006549575,3.970062893444978,4.209936052744586,0.055527285379276536
6.509999529059718,3.234614387221928,2.348159550926754,-0.27064140487545596
11.099999476311297,5.088309856741961,3.691865209650449,-0.23228821437250935
7.039999733785133,2.7220030139254128,0.5900665399184993,-0.49373276830005874
10.399987456375143,5.1720174213303425,5.769794869361248,0.11434217182267814
5.349969869678429,3.5020204539061024,0.3992887271239549,-1.6790133432767158
5.609997164493299,3.508391681760989,-0.08999929334346136,-1.7122105003390837
10.069995553951133,3.31294090125193,0.41844638888570296,-0.42836630175989177
4.509999289168762,1.8247500005877522,3.086516437055175,0.46988800698433086
11.059991184429329,3.636575760736368,4.279705675060288,0.0866353124023308
2.9999991592364155,-0.07614015237881902,-0.3173741268841137,-0.07842101740789698
6.269999857649605,0.6383969646332559,0.7623675538774433,0.022013375516572786
5.16999642720141,3.0747886325000415,2.822614180479616,-0.12035772903201147
1.7899916161191496,-0.9079394031051002,-4.367897209374691,-1.2824485806403048
0.002815700250422029,-4.512471217827607,-5.727295650824124,-0.2690470074299547
7.189901518572615,2.956669695439668,2.6488415602912188,-0.07271705118209915
5.809999721612408,1.561215904418605,4.79998966470083,0.7622825494617281
5.67999926721958,2.2675871251435447,3.3409156685232615,0.3145366089122892
0.0037410951224787783,-3.791478034497994,-5.402632792018804,-0.4245221955555245
5.889999833229197,1.016693180626048,0.7488123910993579,-0.05496899920787812
1.9399995680906152,-1.77060909064901,-1.0271205220669248,0.20036835919922213
1.609999647399024,-1.3961128821848843,-0.4342932630960954,0.3199546289845375
12.009964787317273,3.0729719511578115,0.4339974247760891,-0.29528663329619276
4.609994705675977,2.0384310403495283,1.0993037383622912,-0.3651969868177536
0.809999240996382,-1.8107227304503342,-3.3674028224372043,-0.5939890262863468
23.670000015019877,5.203810612914522,2.9699341876725374,-0.12097116392553042
0.0019075944570644216,-5.390734856989076,-10.054891658791963,-0.8649111903482687
3.3099998900282293,-2.2879939276530346,-5.84042156775573,-0.6345894182452207
6.679999051186123,4.175628768584318,6.050506920130813,0.748642548816173
6.039999276619127,3.6947249906697173,3.099131243775808,-0.2539548360983297
10.879999504670948,6.8310795390138965,6.073517324700411,-0.18710229412760193
7.699999279063422,5.5101697026041725,6.489594174586405,0.4472605916510959
8.769999304188065,4.556546962689462,3.265905449139362,-0.3063144919994649
4.329999497920158,1.0947265097603385,1.8985374369510475,0.2484522728475862
6.749998235358995,3.130173493213103,3.6225488735652096,0.13602188377225644
0.0019082108445673512,-3.78800833438838,-4.343227020029811,-0.14649892128622177
4.839999338351772,1.290176508343099,1.737818996846331,0.12610276905062834
4.239988036750866,1.9938060565321336,-0.6948830724665949,-1.1970041397700584
1.5099995461572815,-2.555273480936081,-3.484263020460843,-0.2285183635474004
6.929999575051335,2.7265363739693913,2.18878652211975,-0.12793019139818518
6.879999457037933,4.222901518075778,5.318578867567358,0.4123586614649005
2.569999679998824,-0.30072122520857447,-1.2528767952857505,-0.33167820959188177
3.18999977883863,-0.9588939381352157,1.7112161992119788,0.6435715926930858
5.019999290150953,1.7547515120242412,2.1223477502345443,0.11257835949625683
2.439999509326697,-0.6425204574549999,0.5401897951855644,0.3836829170243371
0.002257077019648393,-6.163430311591147,-4.615911048585074,0.25098892718184784
0.002274455317200749,-9.135247714018488,-9.328144372316038,-0.02111039018267835
0.0022393675042733873,-7.757978023391111,-7.880167896122541,-0.015745676516071283
9.839991964762646,6.0747522619073795,6.566575123688365,0.13062192598469224
5.919935697633897,2.5938575821736154,1.9882972499747054,-0.18206437467122116
0.002337082643563259,-5.653422735596894,-6.138182126942807,-0.08571074566895676
0.729928908041089,-1.925243954735905,-2.1203534240342155,-0.07348277471254705
19.629882411910028,12.65384393748973,15.787241908308541,0.4491658098372505
3.369999502633011,-0.41433105541260024,-0.638303728253803,-0.05918422542793733
11.919999815244694,7.272944686147684,9.65714534213975,0.5130562452473746
0.002424619049652711,-1.5743250086140141,-1.5919461268437176,-0.011175596886497052
5.379999440598128,2.02840302136334,3.850353168227678,0.5436066635016612
7.469992992908187,4.016582585613308,4.463038756933537,0.1292797897339827
5.319999864111134,2.342037882801441,0.1316553569709236,-0.7422467243381001
0.002441165196926213,-1.4079598636259991,-0.18562907476107382,0.8666547768226195
3.389999921775226,-0.2588643824973813,-2.4699836827787935,-0.6059746583868082
7.569994997511125,4.430240916290494,4.429813282108954,-0.00013619989670443644
0.4599995564561444,-1.1379303036416433,-1.5000000219176979,-0.22658674033032788
4.88999959119698,1.7238924404470721,2.178048523221846,0.14344305519388534
0.869991173668408,-1.3442840864313579,-1.6736181737567095,-0.14873222550953913
1.77999406827091,-0.571551505243901,-2.2422955063955006,-0.7104876128997872
4.589998775379322,2.8675394061595902,2.7980737936738396,-0.040329318489073174
5.139999341312163,1.93935757917835,1.7318053189946436,-0.06484707618303864
4.829999560362097,1.6111764996265852,2.3976456642760997,0.24433438862893064
4.36999990032912,0.4257227186238678,-0.15081951018866654,-0.14617183383731547
4.519999867467253,0.8011719663517227,1.5459314406442841,0.20026726003350603
2.6999984256791136,0.8948090766145977,1.2943412279433886,0.22132423478780006
4.829999415397934,2.7884454370576535,3.242431190019771,0.22237264249618016
0.6299995522746916,-0.6724651635708288,-0.2860267678658598,0.296697784595343
5.439995693674799,3.341174249164742,3.0540026580087556,-0.13682516533607392
3.149997952516431,1.8266310618519188,1.950353184098459,0.09349041684457937
2.2299964546457978,0.2902704522724326,-0.46821055449316745,-0.39102481785445753
3.4799696203817243,-0.581542444090174,-2.1296683843992383,-0.3811698489957238
10.619999619240264,6.383927260264748,5.7434448001452525,-0.15119724259724276
6.3299995708356,2.8702886401771845,2.684605385357807,-0.053670164514016294
3.7699314297122184,1.220297720651711,1.40793281164605,0.0735929597759668
6.069998841422188,3.5884795562394105,1.166608547698494,-0.9759630009736284
1.9899991833094224,-0.3178841033984497,0.4759203419645628,0.3439534615701261
0.003238706510103217,-7.2315234735635014,-9.399992588452532,-0.2997291494752312
5.209994679718798,2.6102878858690675,0.37526751446884926,-0.8597201717854219
9.109999766813312,4.0839272788280105,3.5300000596772785,-0.11021075013837955
6.769999413525916,2.7066545385761764,5.490604598222158,0.6851375271660685
10.309926525143364,4.9939333423432375,9.489800112039196,0.8457247056377568
14.41999872785714,4.451214413720148,13.563022646428818,0.914034043227014
7.749999813980044,3.701218931436204,3.3802931195841595,-0.07926480122342605
9.849999481955182,4.878513628657744,6.921093353706873,0.41085900379146134
7.379953671053585,2.233075010373475,7.379992740003766,1.0000075908045938
0.4999581301905142,-0.9805568119896964,-1.4999993826944646,-0.35085263640759723
11.599996039594846,4.1121659194983105,4.2999995658107455,0.025085190676042424
0.0038458903951812664,-7.433286352532152,-9.260000001106683,-0.24562070283363924
2.459973617641416,-0.26783029925337826,-0.9000000591571754,-0.2317504407074209
0.003749709638865132,-1.4069318191003157,-2.219999468065473,-0.5763651344409744
0.003999740706722913,-8.89599999721415,-8.679999045706834,0.02426977054695678
3.489977579208902,-1.3696242546993898,-0.9640492419958525,0.08345848622280161
8.669996192160687,-0.3568658956834803,-7.1162361705848225,-0.748806197449688
12.829994938588891,4.27585985303319,3.6924358039752363,-0.06820374511540161
7.1199730340886065,1.8622212101894842,2.7798732174342784,0.1745331537090824
24.199986064649597,14.254921236177882,11.250617678891528,-0.30208989173055323
6.429999387604235,3.7667212059052195,5.239998104816391,0.5531817551147837
8.579999483454566,5.312163628818536,6.6800072037470235,0.4185778098333637
6.689999445091022,3.8666863532805187,6.689999872493504,1.0000001513833106
0.929999418203807,-1.501527279896242,-2.2900000020777895,-0.3242706414853045
14.7399899719793,7.030272733088877,8.739006297245481,0.22163375273183483
11.479981881562429,6.725722733642044,8.260000759999825,0.32271653240208975
2.2399999001226214,0.627591656775944,-2.6989396613557646,-2.0630825548418414
9.919999484418971,5.7948689256932395,9.291079506312862,0.8475393762324008
0.5199926078822749,-2.4769378731489717,-2.6262524122964255,-0.049822490075270176
1.9199969741144631,0.2821636257295556,0.352285763303059,0.04281396372998014
10.799985687762442,6.188540128541665,8.220116640299839,0.4405509044112973
6.2099757990267115,1.2512855988222606,1.8986092812485393,0.1305432798361933
0.004166429286047792,-4.85234848826541,-9.134030268455074,-0.8816366989249129
1.8399991802588171,-0.6468954492594498,1.5918475911608228,0.9002162833308046
17.469997785543356,12.101300751320489,15.660025521475927,0.6628656352687208
13.609999681197417,7.842225758873791,9.27000474921576,0.24754420155337298
8.559990883945769,1.7586106027817496,1.3100034859772762,-0.06595824645283566
0.4799900277535501,-2.647763638497057,-5.986507088460934,-1.067457289232817
5.889999425010837,3.0358568226136575,4.3099999938676,0.4464188895760838
9.9799994606005,5.864021977427215,7.692226696982616,0.44417267271975336
3.969999504274692,0.6340295449313371,-0.08694399552396938,-0.2161211129722589
8.519999925414528,6.77676893839576,8.051438301021545,0.731210821811798
4.879999798483228,-0.05231441252630016,-0.12000007403714874,-0.013722901383647956
2.279995915627208,-0.44045758423340214,-1.3024743981165696,-0.3168651160283884
0.005115405788294365,-7.55862576312653,-8.619062117846877,-0.14019997922172256
6.689999016470269,1.9068272718460295,2.389974640987132,0.10100983091065197
3.919999595471636,1.1013651568893337,0.2900001445658792,-0.2878574820548738
8.69999745328683,1.278644700717184,0.41037945498994477,-0.11699554982433646
0.005033154033900491,-9.57226968877307,-5.384571339594968,0.4372523682200643
0.005364929458774386,-8.213148479338443,-9.850149757495393,-0.19918459662116983
10.439974962308607,4.91325756804359,7.239995184602938,0.4209981170692326
1.839950873330563,-2.354925765510773,-1.3600001434586226,0.23717637196762908
16.92999491806831,8.96508258100658,14.686508772356316,0.7183288339191414
0.005833101617656952,-4.384015160260324,-2.5739850384036416,0.41232179653570766
0.6054213771923965,-5.198542422218693,0.6099958861240198,1.0007881697904606
0.006516286384399749,-3.9803166632066542,-4.109999756304524,-0.03252784722549573
7.219993109282249,3.890596212643442,4.551343167754488,0.19845845227347425
3.2199811110371575,-2.4594598437593937,-3.498921732465153,-0.18302186728922432
0.0055249754619627585,-14.631315914982665,-8.564143061420886,0.41451382159401706
0.0054230862098147235,-7.8058704558927285,-10.569998263529467,-0.3538630052421159
0.005694627230235399,-6.359481827770694,-4.793822903869429,0.24597258771532937
16.28999948390659,6.155960592444824,6.792827284805234,0.06284431105716293
8.669995424831367,5.625943178389972,0.4363172784204038,-1.704841270722743
21.699999120246265,11.170485605452896,7.39040918449033,-0.3589982021155842
0.005096268222296091,-4.775900002984745,-4.955908267923659,-0.03765078546975498
8.789996129568053,0.8304477366123052,1.1588306174429392,0.041256471425094365
12.109997386693156,7.013127279058297,2.839308834336091,-0.8188983349742489
18.909999813577024,11.24945984589357,16.14999984977261,0.6397120861652474
9.469990441178949,4.0412454578374755,5.0597453666837335,0.18761240617704544
9.639931529245173,5.035734842705955,4.038395700875857,-0.21661523382480774
5.0899990141493605,2.3566196900773755,1.7400018743144106,-0.22558808809762043
0.003207971803241895,-4.123343943238308,-5.789998502941313,-0.4038855184707457
2.4399993796773165,-1.0396863672055172,1.0170138678174292,0.5910591888550212
0.003958083442047598,-4.865094699267087,-5.80999109355519,-0.1940616453458046
8.179999810576751,3.288590892366679,4.755435735514017,0.29988186791876414
1.4499998038636588,-0.32235304878390875,-1.5027275061834382,-0.6659929232693522
1.799886156956419,-4.975099249426302,-7.999999764071964,-0.4464807424966404
0.0037171357091739434,-2.4169348424055754,0.06207899978959096,1.0241099772326092
15.789999212266398,11.048501515964032,15.789996803224627,0.999999491923876
19.25999926708968,8.824849247173935,11.54259828919166,0.26044177964196336
7.849955425541636,4.285710613781042,1.1454480668173104,-0.8810456948978675
0.4699955526321386,-0.2343030257901865,0.29999998800130245,0.7586313960598396
3.7299996936329167,-0.21971741336284928,-0.16000032963316613,0.015119331869087982
1.5499998361050824,-1.1579007576421716,-0.8313189951248627,0.12060330548005005
0.0030722224590697426,-2.8842659117410614,-2.5783885242945335,0.10593750133503643
0.3599989819589615,-2.3942492371283977,-4.1618188200109225,-0.6417611784707704
9.329997130404443,1.9757560684204905,-0.8699924642113491,-0.3869533931029643
0.0033873888841315994,-2.821513624442756,-2.824275132773088,-0.0009775593259035986
5.819990295351447,-0.8532833374157125,-2.2205709176132014,-0.20489008175595003
7.59999937448284,4.423086359087964,7.116339511946731,0.8477579146195188
0.7899993422274623,-1.7360015318750974,-2.9199993009286227,-0.4687242119321027
5.069999437714782,-3.900524994834782,3.117114995879573,0.7822998581053785
0.004503014727108319,-7.035044690697803,-9.589947365831478,-0.36293562911219146
0.004642560457780071,-2.556848478870513,-0.6503638340615367,0.7442870638770296
0.005074933660688365,-6.49408408392597,-4.569967965993023,0.29605616860986306
0.005213439353890695,-7.2704348645408405,-0.011296372006393583,0.997730812338545
0.005299671796030575,-2.9140636381176677,0.0052794351063632314,0.9999930681153666
17.1199850565087,9.530544700288539,11.399760459378784,0.2462916462026441
0.006658288998280846,-4.4703022745504555,-4.349737145480489,0.026930129796452484
16.639998856409964,7.339747738200691,13.778121681746292,0.692279580595377
14.259999948021456,0.18608257261643932,-0.4159284487717633,-0.04277494355908695
0.006016645735374818,-15.415816659766858,-18.649996803178425,-0.20971437567397833
6.369999339226822,-2.8612249923904973,-4.109999916352391,-0.1352772805753173
15.89999681461102,11.048746210332009,0.23617948127606636,-2.228820485900851
1.810496047114383,0.12695229878662856,-1.0999993935108912,-0.7287910952811516
2.7699997791958713,0.29326666624173414,0.21409420152100372,-0.031966490174751616
0.006628822290613568,-5.503942423881484,-3.330000224353918,0.3945039638200284
0.006940262167734397,-6.301187122608888,-7.994825069122261,-0.2684850579588203
0.006857726080598514,-2.7284674285543407,-3.8299997685202216,-0.40270617849558477
0.006580865068729327,-4.83576515478915,-4.961425049732132,-0.025950209759415532
0.006289077331791782,-7.019428027770364,-7.2742768300999465,-0.03627370679990927
0.00746341923384521,-7.2765939397533685,-11.109669110676949,-0.526228032264773
24.959999944709192,9.84879241691917,7.851755735460824,-0.13215599599077232
0.006217061569374121,-3.395798476071538,-0.03774342036438531,0.9870781066554907
0.0062186339118857235,-6.383979527095462,-7.729986704747194,-0.21063621874279237
34.97999660083277,26.19690531033175,21.983619416868542,-0.47970421280032793
11.839989443210564,5.523201502124188,6.266690378104139,0.11770046468460105
13.319991770696424,6.69314393836747,7.303752769281319,0.09214167072540957
6.87998081224844,3.7376886370324094,6.342975823263439,0.8291040555615798
13.529999722856784,7.6613340899574,7.980373160249548,0.054363136400825796
9.529999527166042,7.0994871181081995,7.610000150806933,0.21004337636631398
1.4799993638428404,-1.3695954532333594,-3.1499962777104282,-0.6247908698485887
0.00510758796618387,-4.13317196446494,-7.296624997022141,-0.7644367647175407
0.0053655821357709915,-3.2440575848416997,-0.004514900151488194,0.9969593119210602
5.049999658270606,2.1577590783187857,0.40889694410597127,-0.604673811139856
4.149996937017051,2.1377242435268085,3.2528026510442922,0.5541388158398177
0.6699966722595534,-0.585039395512864,-0.5699988626827506,0.011984143895409471
26.039999085067144,17.23404847857858,21.082117723648473,0.43698510439457694
15.25999663344106,8.94855075587232,12.270888146884928,0.5263987769934613
3.609999603579115,1.3803696852624372,2.601241127991456,0.547566855243291
2.3799987589811216,-0.4787121249923811,-1.0290911065035713,-0.19252698291272585
7.189999388972107,-1.5678136332567527,-1.8943734398006182,-0.03728782582078427
5.859999741672071,2.864939387362256,2.664079293578153,-0.06706378837911253
2.949998904829964,0.23586438179777855,-1.3819057752554713,-0.5960537855897814
3.819984360983892,-0.9877856074265953,-1.4545696460497957,-0.09708951170505475
6.8399997125783365,1.972207571529115,1.1954351176441917,-0.15957387484451924
0.0042326445122980935,-1.6905242371521025,-1.1745662494795786,0.3044436598869613
4.729999245306721,2.6094636362495165,3.2518563628693915,0.3029389008494342
12.959999754082377,8.785814401772564,10.283502169685859,0.3587976195365976
11.81999758527193,3.723965920198593,3.3532141800471233,-0.045794255196766276
1.599990035297379,-0.15510454836909204,-1.065668841070846,-0.518812092052352
2.2499984696979434,0.6176265207250401,-0.73110773077545,-0.8262419924264934
3.419998442386722,1.1203484761053741,2.9820066824424045,0.8095398141602512
1.819998121989402,0.22670757298498703,0.8778959626333335,0.40870661666527097
8.689999133427518,5.2449212091563115,6.893722870907583,0.47859633308586746
3.7399979367708545,1.0303802941677447,0.00519896272397323,-0.3783490760190382
0.5399957196857404,-0.5786977312442224,-0.8833542535323556,-0.2723324446342956
4.779999003070809,1.6058704551676082,1.34856028783983,-0.08106482249994396
0.004841276851235779,-2.176832576366968,-3.3438276940165124,-0.534908146755346
9.249998075861468,6.604103031986026,9.249980191370257,0.9999932406649115
6.139999722561704,2.281371195220619,1.14972512166689,-0.29327676026215643
0.005057963455368361,-1.7349947038532951,-2.8953191993998555,-0.6668329742807337
4.439998721496276,2.0532151682877315,4.439957040818415,0.9999825368840819
9.6599986055175,5.945034087983632,6.850000261223308,0.24360021985901148
11.839999674718742,7.126840143568878,9.028325604990794,0.4034417780375902
12.299999787326517,6.050476532161989,7.333344995422324,0.20527461229945643
1.8699995145806367,0.45594015907164837,0.32246797338214994,-0.09438937988671281
8.939974285398083,4.534146221145098,7.610079056591452,0.6981509016212333
17.749998527693545,8.183258329462483,17.74999827929499,0.9999999740351936
2.540267499917171,0.4750818143396803,0.27285091291351893,-0.09792383456774312
0.006541659477881449,-16.55940530419616,-2.034852650219938,0.8767716500496949
8.869994601611635,4.865150754523065,7.82553170280035,0.7392000940135067
4.239984139812713,1.392472734678861,3.668010861121335,0.7991322255425728
12.029999767918447,8.371596977353416,1.5797415150890473,-1.8565083866053427
2.629999808229822,-1.737473468734989,0.9226798013893774,0.6090828956309146
18.129999472528674,7.658887875060571,11.379885886587562,0.35535845233725916
4.769997509895265,2.2961727299035544,2.820000480085098,0.2117481215396747
0.0078837214819946,-0.7047378886383494,-0.26327015014773975,0.6194981070193153
19.94999994584866,5.543455303017446,14.4171197421573,0.6159467560845997
3.829957134341096,1.8779590848667962,1.8028246532095311,-0.03849103828638545
12.129999713231172,6.714336364862216,10.68437893423294,0.7330667203614842
6.60999028899981,0.2798121078426607,0.09999174495533746,-0.028406840651435283
0.008549815386470174,-8.201040917131422,-8.326419107277333,-0.01527216084588634
17.389999421816782,6.89179546370461,11.730122394455037,0.46087187389913065
15.80999879659358,6.069984090934088,9.879266407078036,0.39109615655205776
19.559999155238447,8.531821204002984,7.606038176872393,-0.0839470519268215
8.519999750775309,-0.8854545543053198,-1.157835201143728,-0.028959860736474496
0.010716656421512304,-14.129934853270841,-5.075831202124039,0.6402890025923413
12.899996593930815,5.186606062664683,2.9173306695150623,-0.29419946830789145
10.929999821518663,6.840090908417194,5.904871921116855,-0.22866499161008003
6.579998953666549,3.5442863603304624,5.700680207154486,0.7103418984912078
17.589997950459512,7.9414446930220395,8.530000094730907,0.06099934218170866
13.06999621887132,6.341519698406969,6.080000331959765,-0.03886754537253778
11.979993219671796,4.546146218666474,2.680935748864792,-0.25090783675658623
11.37999365475606,3.856232567706606,8.086981174685405,0.562318308360579
26.06999995504389,6.64178938592386,22.338547356298644,0.8079363724482086
0.011441553753520994,-2.857141676700998,-1.8737764121372216,0.3428052057628339
5.069998438500169,0.8320825932864904,2.8923738037770583,0.4861567066787016
2.809996118051932,0.21386515062192266,-1.3794858912120573,-0.6137406247309964
11.84999988102462,6.4056659075037405,8.269999735535736,0.34243561050798665
7.139999433820408,2.5228303080277845,3.030000019850914,0.10984430026397707
7.729999698179267,3.131037112437262,1.2323638591866113,-0.4128481625697584
3.299993219014344,-0.859674249950363,-1.180732615324936,-0.07718366137918253
4.709999309467273,-1.4579750043106428,-2.957347629731053,-0.24308995938441869
0.012457221787548262,-6.9379583367416595,-11.964389734038923,-0.7231842981142436
0.012923974944245676,-7.537915904555495,-7.349696693738005,0.0249269238682307
10.609999698428664,6.69475000578308,7.355502570245619,0.1687638378986911
7.149999540652755,2.2337530276782873,0.7654463143787995,-0.2986641758960784
0.009046261298710173,-1.8546318142394982,-2.2199997355760246,-0.1960466918252568
0.009040870640374388,-1.4791780305882474,-2.3413883882332267,-0.5793572148110524
0.01023253254017491,-3.960887881387558,0.1305536194152857,1.030299027562376
1.709990919444529,-0.47716060122569637,1.6099813734604629,0.954274066044853
9.709999704104192,5.357324234829779,8.319740682287376,0.6805966740156324
0.010581876790747662,-2.195401514400217,-0.16977645974397454,0.918241298980338
0.010074583470470062,-2.797265911868995,-2.8795873240572316,-0.029323629365550996
1.3599947296367003,-1.3545098496687726,-1.3299736241668916,0.009038933177323405
9.589999758795484,5.4844962152703225,3.390009919551237,-0.5101655067433384
6.829991189100658,2.708839390523486,1.99012459952413,-0.17439658283091952
18.519982819005214,11.518781831774419,18.51999949795832,1.0000023822988564
14.869986522497214,8.392402275826532,8.340740807203131,-0.007975422110481079
4.219995838342073,1.785156810732216,4.21999287158145,0.9999987815372642
17.609936848714216,10.385146970662479,15.484087917248303,0.7057562963977608
9.049999042524188,4.746050005699069,4.949991185259962,0.04738466413425135
8.899995336694415,4.304250761512004,2.946143921997664,-0.29551399502232667
9.789996846517942,6.840632579362171,8.47123690463166,0.5528663730784149
16.659994899942827,8.214258331847486,8.840000002652879,0.0740896505308013
7.329999744310557,4.398802275863332,7.32999910945281,0.9999997834135184
1.8299982917369415,-2.0856977376483807,-1.6066578550072108,0.122338373317596
2.0199997117756388,-3.0420393915118713,-3.769705340041017,-0.14374957081160566
3.879995358691489,0.054343938244151235,0.49999881709063704,0.11649124027990376
1.949982318465367,-5.282045459538528,-4.689997657890799,0.08186470237966093
5.939994554371926,2.357018180960144,3.2100000251979286,0.23806516017451673
0.007298993800893792,-2.2947909117299394,-2.8323501229683505,-0.23350921697146165
5.889999598779866,0.23431817071817906,3.1461174878336005,0.5148450021721525
0.007415846472159275,-4.986598481549455,-7.96798083231739,-0.5969911487917203
2.0699995045243647,0.49523409088710585,0.6532544911028787,0.1003453586466514
0.007931768896790016,-1.5601878749790847,-2.7499974196483437,-0.758749212355023
0.979966523962982,-4.118356826907086,-3.800000510857784,0.062443335610514406
3.439998997485763,1.548926508156684,1.4585151854292793,-0.04780954893986178
0.008224774496497434,-4.192888625905577,-4.202272319963184,-0.002233620748420817
12.78997798884219,7.996221208608354,7.300000066585368,-0.14523497414256048
4.179998504397104,-0.18102500470827276,-0.12999933980875372,0.011700387487703967
3.2899963275988493,-2.169214403348696,0.2198244718682071,0.4376161670539217
2.869998146718231,-2.669262118782647,-2.499999107276735,0.030556970316072962
5.749998595863921,1.0751977223602525,2.3898861351761935,0.28122875142500103
17.949994550835193,10.74697423534519,14.775560882616514,0.5592913070934841
7.719999889542253,4.446951520107856,4.410025338199258,-0.011281893128569642
5.489999206861188,-0.28210076041783444,-1.6580211122381758,-0.23837431084357208
2.309998100613619,-1.128445448241728,-1.8423569470621062,-0.20762635438875754
5.279995773007026,2.1660568294229683,3.1200002897242514,0.3063462314400168
3.739997662915514,0.728748486401701,0.7800015705086571,0.017020539019721004
3.649998892048682,1.1377992460115982,0.9600023605266803,-0.07077339007088335
1.8975696772397663,-0.393099993967316,-1.5336393225645055,-0.497906504343848
0.005948019350548195,-5.18127726829422,0.005854911168978885,0.9999820504843329
4.749988446429039,1.6669015008374086,2.856191052941117,0.3857463552249868
6.139996461086705,4.747815132229649,5.7293697867901825,0.7050479949809154
4.314428797087119,2.011457583854813,3.8771518760599095,0.8101248862709511
6.399999523967307,3.2369015164735084,4.289874068454604,0.3328927998710327
10.229997437306904,4.849626508524055,5.878969729702439,0.19131454593061714
10.019997157606925,4.792353034647271,5.760000299062813,0.18510197742146695
2.7299879110023806,1.173224248159289,2.2299991863374347,0.678828112064342
6.019997105536097,3.5631863619939192,3.520729796098112,-0.017281170724039674
4.919995034936038,1.15955681736042,1.4600978321268359,0.07992180628357115
3.1999985564884454,-6.228620453602652,1.7121991007082737,0.8422038843453282
8.589999485039364,1.805896208658084,2.4462620079550064,0.09439210654801544
0.004605237535689063,-5.923217426858145,-6.3123644603676174,-0.06564754979040299
5.209995164086829,2.794940154204103,1.9761026423035586,-0.339055428778952
0.8599998034190051,-0.5886984824986659,-1.8299984715993318,-0.8568381706301051
0.004414014951223818,-3.335958325744586,-0.4880642458733451,0.8525678545398373
20.079998819638107,10.891328012368929,15.698111859255443,0.5231206937007534
14.769994065717686,6.4513204520534115,0.00463772970853446,-0.7749652194257919
13.779999752592303,3.5440598532148604,2.154073260180727,-0.13579472004507132
3.4099998270948824,-1.6777583259859754,-0.3371766082636317,0.26349163568448375
7.689994248255494,0.7458818000472395,0.43000001508420055,-0.045489151755390145
6.139995128800915,2.752246971401902,0.25480315796869796,-0.737198781432044
16.339999887627677,3.5986113710788508,-0.04587786385216856,-0.286035484295724
2.779981125851013,1.1086128851910522,-0.2723154007511595,-0.8262262333026831
0.005011090132266145,-1.6540878655531437,-0.952935062754918,0.42261059859962613
0.005327943839033333,-24.52678787154768,-31.559998734205795,-0.2866940183873923
0.005102637689359075,-5.204990149682187,-7.219999179750702,-0.3867510833881085
17.999999923177388,3.8140674338209104,-2.2427881061730086,-0.42696210097843745
12.549997576106964,7.043164390340751,6.709999698997605,-0.06050023309300401
9.919995118619855,6.236803778212972,6.7899999011711705,0.15019478268459607
6.099998626766454,3.4667924429354047,2.005146616276997,-0.5550821791447644
3.0999990462156446,1.619522720492283,0.007049785828111679,-1.0891582031048799
1.8899985957542669,-1.3440977238748528,1.8899909185655484,0.9999976261719009
8.889999777398774,4.53865606288794,5.049999959488926,0.117514020989829
2.09999814821795,0.22321666555528677,0.3977226826270804,0.09298153177865709
0.005607377829836222,-2.0440356017694428,-1.9200015408110211,0.06051495904065751
4.1499945693515805,1.8114439352022251,-2.976418734056623,-2.047363268232345
1.819995394112418,-1.176724249843551,-3.919995071455082,-0.9154245800551897
0.006124174783243677,-3.5430795547243705,-5.2799747300165105,-0.48937601435832523
4.9599972750992745,2.238769705917819,2.027449978304466,-0.07765602921512271
10.829999834838231,6.046065907871442,7.329994115072068,0.2683833486836408
1.1899978566071872,0.16971741812810306,0.5538589924728206,0.3765058702069709
5.699996883706607,2.11519165365205,4.87433914613369,0.7696784944825715
8.959997145497978,3.5288500083664593,3.4484896109972727,-0.014796210697327838
6.629998325702599,3.119746216636688,1.7215050951463173,-0.39833068339426103
2.429997985127265,-1.2984522913368282,-5.029990684021918,-1.000828257316583
6.449999279820329,3.5242537950177737,4.2014785004961,0.2314708196581322
3.6499996402854977,1.771506060763723,1.2519134339472795,-0.27660069349224026
2.73999932036113,0.427871224156789,1.506254694295096,0.4664029955384451
0.00645474579092951,-4.5948674271521925,-4.187278573614299,0.08858081182287425
3.109999278951192,-0.3876030313369542,2.2257913451906797,0.7471959773243437
6.379996594605188,-0.002144711625639173,0.4799829478450248,0.0755432442399806
0.006357486688218388,-4.928512877059644,-1.6846914972879115,0.6573265639562136
4.7799983157001655,1.7851242416720052,0.8099979319003726,-0.32559843441432923
4.7499968916805315,2.6114954589662065,4.689207014123485,0.9715736091512046
0.006582264525195529,-2.4675833444173665,-1.9700012517759222,0.20111106986654237
9.229988709737476,4.624225015875218,6.832729978884116,0.47950896090305284
5.13999972962227,0.7551318157552117,0.006863034615038453,-0.17064796382435787
4.059993990754806,-2.5139598454377396,2.734851747088041,0.798425380420035
3.339999809627719,-9.777604539463333,-0.3106870678643571,0.7216956099346723
0.9599615786689064,-6.393981046558441,-0.8355043654055668,0.7558498841267521
2.389994608196429,-5.291260585376515,-6.3179874951659984,-0.13366655369666236
6.7099998707720685,3.4096340816165625,-0.638510344431128,-1.2265744722446432
3.849998594316448,-0.1321924355503318,3.479999161887548,0.9070864683150879
15.909994200910228,6.9268742304025945,15.909995681606413,1.0000001648309484
21.20999772403411,11.677743933137787,14.000014783274935,0.2436224319116438
15.899997425962455,7.007722719047002,15.899588592364777,0.9999540237328296
10.79999722729014,3.1104477074092673,3.1240312988429317,0.0017665002869861057
6.139996349352146,2.34951894411116,2.5846769083262497,0.06203914153133938
0.004547329400350405,-3.3314045396864715,-0.02704125121513737,0.9905308643963935
9.059998743651692,3.318603795760162,2.1277975707420103,-0.20740712593817712
6.279998347905528,2.8195136328459305,3.4586519136561544,0.1846961721948298
7.4999887568905965,1.7294947094150122,3.4419139753682635,0.2967543596552852
10.609996475398816,2.8249409077243137,6.165601092764273,0.4291119255347664
1.3899989020311472,-2.1859856124778756,-1.088122053174613,0.30701015478362537
10.7799995986256,2.8858000141853464,2.2409411225461677,-0.08168768533673987
24.779998968227535,11.943035604806868,14.050588442631744,0.16417845701970413
10.999999903152688,4.314833315656252,5.427482639387156,0.16643554190735366
0.749990597828978,-1.4142545494590666,-1.6415576078617211,-0.10502648403184911
0.9899860503337636,-3.067875754788349,-0.03802689373311262,0.7466614208573472
3.769998337998204,0.14392046551326057,0.062400963834785377,-0.02248145366569565
0.00302627642832613,-3.4488159287502502,-4.439999825717195,-0.2871463520203603
6.8399997754284625,2.6048227263319714,3.34025080353754,0.1736475402751958
2.4799997814532957,-2.0124840931746872,-1.5379139596313225,0.10563646899737922
6.359999802318957,1.3247825646844678,-0.10095466922389368,-0.2831530729701275
4.589969594899022,1.9356749920773497,4.5899896399855304,1.00000755194487
12.289997990062547,6.2756712215514066,5.471518659302212,-0.1337061641644497
6.8299999283169255,3.0638734786511863,2.0254170119412005,-0.27573595326363876
10.409999871266942,5.8647893827083415,9.190000079656267,0.7315856340027131
7.149992215287145,-0.5334090733594239,0.007901817729492677,0.07045198744061287
8.949999694353274,3.341131054818139,1.2878966815502908,-0.3660692566046655
4.009999821029008,-1.2615946931023243,-0.7938636677040587,0.08872666972856891
7.9399996993394995,4.3329446811017505,5.435369887318628,0.30563027196504333
12.139999843612555,1.9302242482929124,0.8155470634925253,-0.10917744218701309
7.809993763786623,1.29932347515382,0.35957807505153466,-0.14433927052687934
13.539999507167115,4.099321213469171,4.93156152216173,0.08815471545599807
7.879990419743814,2.6284105969944793,1.427541751672572,-0.22866811242587604
12.069996570162738,3.928405302590224,3.5374154161505733,-0.04802376754000681
0.0025039394390265006,-3.1834075709697593,-2.237002396859582,0.29705946666068694
4.229998537121771,0.6638712015163067,1.4699890500832593,0.22604853183967655
6.639991362618843,3.9084136367343616,5.2843159843810135,0.5037024334356572
1.119999761504017,-0.8361378903143456,-1.3576350478386445,-0.2665953272968966
0.002705879124025688,-4.099753777326696,-3.7845064253417537,0.07684349838498628
1.7799986435934976,-1.053371212933203,0.4473161466509739,0.5296475347640641
1.289998527426905,-0.6315393886720723,-2.649226723772352,-1.0500377422666216
2.0399990019621126,-2.4124136492194133,-0.009987102008804804,0.5395785915245485
4.039999125078949,1.4666772713344578,0.1949199598973066,-0.4942084137616103
6.90999664454371,3.346691675548077,4.16999480713052,0.23105042614820093
3.359997580584011,0.7821575667392515,0.29009924113146585,-0.19088008680333024
4.969999847900218,0.06853180444466472,0.059610423827528965,-0.0018201446052572567
0.0041248180452288395,-4.0250795609392975,-4.450311058478217,-0.10553733629319884
1.3199986666073416,-1.5450537949746932,-2.387098414350524,-0.2939019898123847
7.359999023658352,2.3404242277083016,4.0098846567505175,0.3325900094942681
4.69999835251678,2.753159859351104,2.800440476977763,0.02428584486727392
4.219999164153666,1.415891653531445,0.46215339609287237,-0.3401218583188137
4.459998539850909,1.7558886509630152,2.8495921418868306,0.40445970610078186
3.9099998419075193,1.4704280372439225,2.2806007593107607,0.3320962803874332
11.349994421798332,4.02133863962518,4.330000196823736,0.042117076633530925
9.979998690023535,4.9904143973656625,6.939352504266876,0.39060129914411057
8.109999165671546,2.9167742381840283,5.670096496058811,0.5301758148971298
5.7799998475571215,2.516772729359402,4.8088760757948394,0.7024038669123853
1.1399851513332024,-4.295054543511648,-4.757832699820529,-0.08514715297255848
2.6199992997853045,1.267672730314134,1.1958430624389376,-0.053115622732522016
7.249995245599291,1.0431333321590623,1.309997785056031,0.042995068461101904
9.489996389976554,2.442207562812706,3.2525088200082957,0.1149724086613515
7.749994487239783,3.431287878759825,1.4700016407312655,-0.4541374109964993
6.6599990945433944,3.001274990727889,5.222135906562449,0.6070042049682106
13.069990331103693,5.561284836968741,6.188685150265154,0.08355638848620106
11.529997600770868,6.284011372408559,8.762415719051166,0.4724382106157978
2.839999075434928,-2.368710623162882,-3.405370286783928,-0.19902427349716123
0.004240312253058705,-7.681432576679034,-4.777792885080104,0.37779902079626293
6.029978552842057,4.18493560061296,4.452611075090025,0.145078180512639
5.159999014423213,2.5531098529901906,1.490191922904351,-0.40773422430493644
8.049999667184522,-1.7177962174459067,-0.038519247980800926,0.17191974415716837
6.519999317039522,1.9885598443890016,2.1006119604239837,0.024727708868511167
1.0899994330126443,-0.8450734965360963,0.11402208150869968,0.49563794904022407
9.439986844922462,5.573099241613374,2.279375944627537,-0.8517763211341425
1.679997778198327,-1.9978007633531458,0.9197222798697643,0.7932797324978431
1.3099991750151272,-4.289620454320608,-4.289900082128817,-4993692906274383e-20
0.004264017737293218,-2.335065143559665,-0.1461761931482795,0.9356908752412737
14.68998581442717,7.9640272581169,6.302445807258751,-0.2470400965077697
8.969982542341205,3.9403825775398147,1.4721853577052813,-0.4907343003633886
7.039974460132912,3.8703734819632625,3.2504543106804316,-0.19558271705254704
7.409999454079092,3.15492803953284,2.2113041956872475,-0.2217645138974047
12.55999900347931,7.774025763001604,11.61025118941101,0.8015559706778672
1.1899416567804204,-1.4478068213167803,-0.16754834547730194,0.4853603315366224
5.539997045486574,-1.8914416610346267,2.8938778235662825,0.643929079358714
8.569999507144674,-2.637792434229113,-4.696786879308545,-0.18371098034739686
4.759998279850565,0.5267545571223987,0.6528347597281462,0.02978335547486366
9.309958118264806,5.577654520764534,4.98247481720641,-0.159467119437108
7.239999890035982,4.414931056514876,3.4016331872915626,-0.35868077166826406
4.58999971538479,1.9021992326109833,-0.07682396483711493,-0.736298400916183
0.004124404068472744,-3.8150795309225853,-2.9500000167914275,0.22650780865756082
2.7099981562540085,-2.264166661171171,-1.6285076918369912,0.12779210031549015
1.4499883200744852,-5.362350005757371,-5.0566102901918555,0.04488028940168376
0.00413331699757088,-17.417806048069597,-2.6890363171141702,0.8454150495144168
13.16999647952918,4.280371183349894,0.32082449710557487,-0.4454121016716095
6.809999784988673,3.2076219724818746,4.557304401123408,0.37466431864966576
17.279997919983998,5.743936351124261,14.927739936111891,0.7960952297427264
6.50999862621836,1.751243176771083,1.6600003754770356,-0.019173668885347883
18.419998249260495,5.438514386625208,4.588366970508504,-0.06548923259564265
0.0036148783346747738,-4.923307586676812,-3.121236251183152,0.36576003545642544
21.08998485296535,0.740336374329791,-0.9211284285668668,-0.08164587239140642
21.30999990851461,9.215790924283649,4.518544033359858,-0.38838810351700537
6.959998545731375,3.625779544036359,2.452920919643246,-0.3517641234114699
7.36999725431118,3.4485227190587793,3.1092099865099363,-0.08652682288220004
4.279999348527161,1.1203462005902434,0.4195276944650006,-0.2218023540282703
2.1699992214237462,-2.755109846028625,-7.465500598716651,-0.9564033381142127
1.9399994912489429,-1.7296424171331573,-2.2677040225622895,-0.14662509826915415
8.859999329267099,-0.4396454531522745,-0.030049578952859188,0.044044249407648506
28.929989434800166,6.282186353208292,3.003149731190935,-0.1447838719810557
25.299999984636905,6.5594750028474955,3.8271111193124208,-0.14579975140451906
24.039999955400994,5.3903939321719045,1.8295198114332338,-0.19093562171251288
42.99998086629531,10.75040303192406,31.877917719770835,0.6551253103638863
16.859999924548994,2.541329527595667,-8.443991252187342,-0.7672025736496055
5.549999130457325,-6.634114397874596,-6.149948888350897,0.03973744239971666
16.029999932806003,-3.5868439470961526,-2.4856796004067307,0.05613361422616958
19.119961413671515,5.4658931673465645,5.931605667473712,0.03410796633834723
5.249999935897148,-2.169568931532334,-0.41277567599452436,0.23677834749264248
16.159998752986606,5.877724240860758,3.0490756709674365,-0.27509949929439315
6.829998763187542,-3.1295386334949553,-0.23755094911212318,0.2903736960058153
0.0049996066603472744,-5.750454546556056,-3.06382652523943,0.46679687645765
3.809999861524115,-10.213173490736073,-1.0631357086581956,0.6524940933289625
24.929983862472437,1.1122855990059584,-2.3039659144289693,-0.14343331902373824
53.13000001084364,19.484982572289717,27.77999001578016,0.2465448995126741
2.9399995213696597,-5.215064397329591,-4.653643765200278,0.06884319212287204
2.389994645985071,-5.397812119330626,-2.6200215847458663,0.3566845734997067
14.219999594937432,6.351243934791696,10.183557747419387,0.48702920488913914
13.559995015058346,5.540293173554526,8.519936092317549,0.3715403611818433
7.269992201373083,0.08572878576990495,2.8668308159728477,0.38711025324639303
1.1999961217380346,-3.0306446989220577,-0.47883231210446603,0.6031739622886353
0.6999980706163764,-3.533370459219256,-0.28222999307187385,0.7679795517999972
0.0027999710293348107,-12.229745448122642,-1.3430739137967664,0.889975974851569
20.699999944743375,6.298381811439016,11.406425465372473,0.35468539761659745
15.509999601683448,6.178345435783709,8.909999102075407,0.2927298437905962
8.78999895353276,5.561050749805572,2.226380323247779,-1.0327420002304684
5.669999761073121,-0.03714469816476241,-0.6809318162266372,-0.11280371868278327
1.6022862098046289,-2.7962386365197403,0.05090219319386914,0.6472944746675298
14.329999097200796,7.632858338581429,7.946613693008168,0.046849150366584325
5.619999488689599,0.25649923388958196,-0.26470289464877034,-0.09717574415549013
1.7299900946230913,-2.617142437534468,1.7299976047598147,1.00000172760703
0.0014415766990843338,-6.638050742543247,-2.8000004802962306,0.5780638153799382
0.0014166513348155673,-11.207143942035984,-9.312613561572167,0.16902530567433605
4.709999056271625,0.7219454533183307,1.617889997606219,0.22465709679137957
0.0013487519805723575,-7.732604552677677,-6.009790378357026,0.22275983658745135
12.679998603009471,3.4273962119877086,3.628722733923782,0.02175890775674416
26.97997822618728,10.440119701105392,0.7096763254195378,-0.5883026968416998
2.2799988251508565,-3.6262704767062037,-1.6828127967018724,0.3290499604197299
2.5799959943525534,-0.3299098498337173,0.7686576184556414,0.3775268091523296
4.389996930925512,-2.54445682286845,-4.509999746486828,-0.283445963215631
4.82999951190788,0.6737249867655539,-0.006363022503937295,-0.16362923217787273
15.459996169448466,8.940994695371488,10.037430364225372,0.1681907379855483
23.669999704307177,12.548267404678342,17.284844192096728,0.42588480461595535
8.999999500450766,4.570990150636881,7.749462327355188,0.7176485587802771
12.379997620466307,4.788251523002122,-0.22879514943345247,-0.6608554353670206
7.739999469632781,4.428249990521763,6.579999823339935,0.6497320665075705
7.209999783657298,1.5927992474539279,-0.14999969510018116,-0.3102611223013334
12.679996855326252,6.781889400407281,8.203388192283194,0.2410093072635351
5.079954880898623,3.1046151462709752,3.889964204068843,0.3975767023923641
17.309999919365573,4.496434095409982,3.380041613472428,-0.08712582408952874
12.379999779062898,5.7637045564364335,6.9545752947685475,0.17999056847698758
4.5897530672232785,1.2091575738807114,2.179473671570616,0.2870252000278518
3.169992145077392,0.11188863564004324,0.6012037748028539,0.1600060748934029
3.059999560488147,-1.9399287831979686,-1.8499976281157136,0.017986488785548316
2.2199991199831723,-0.5735651563362045,-2.4963868990428417,-0.6883040991775657
8.01999663455382,2.624622725937123,3.4599226926884867,0.1548178089042811
0.6499994267339162,-5.094449241328797,-2.949997132971767,0.37330860318754233
3.0199997774327136,-1.6271719618664056,-2.8599991674279517,-0.26528548431641985
12.579999004314493,3.5655666611395103,0.32747160587165886,-0.3592123088837069
3.5599994226057428,1.5046704589354565,2.388073791795585,0.42981116331012936
12.649999413819929,8.171951528171366,4.338348530817634,-0.8560879863834918
9.069998997854904,4.948338644763158,5.232204006626657,0.06887160453446028
3.1499997601549823,-2.5234704473214484,-1.9000061483205906,0.10989117351480304
16.58999991712107,1.8683583345205927,0.04110369660297528,-0.12412030463214463
0.549998958117725,-2.524353037238532,0.5498157062311889,0.9999403933294518
0.0022826519009983854,-5.237065148863875,-4.08360104609259,0.22015413876568668
6.869999452368845,4.421119694149207,0.17216131980860713,-1.7350620666772296
13.339999266770564,4.1038515052724724,0.3628766529363218,-0.40503627149955523
10.99999980165368,5.787497725729341,6.772727595230464,0.18901284932848894
7.1099979875759125,-0.653392424221729,-1.2439061541085508,-0.07606389715882989
11.449999790139463,0.9248060509538372,0.6671179770055221,-0.024482976782549182
0.0028498156692274815,-4.285195455437874,-2.2508496180605437,0.47442265852106924
5.159998830107907,2.6211901545068184,4.417900999073122,0.7076984027325
3.4799946822818164,0.6502939446950424,0.5197134916919278,-0.04614638264344384
17.789999205381612,7.285749238915542,4.76214149267088,-0.24024635307623754
2.199999434119052,-0.2669515100034491,1.1799184688762547,0.5865013174772951
6.609994337945069,3.701244696335051,3.1771275906618643,-0.18018639286641513
5.6199995571807495,1.1194325877122204,0.15859112760035424,-0.21349342574616337
0.0038327773233400777,-3.9451060611208404,-2.2863676133638564,0.42004662913708246
3.15998229212897,-0.3841878714521373,0.17481613763310036,0.15772493511440422
5.569998562402388,-2.4969098441895285,-2.928113049089215,-0.053453340879304534
4.379998739416157,1.3821931786203845,1.5062925156543225,0.041396726544531415
4.659999090041352,0.30219394909877184,1.8463419150276201,0.35434075549207633
6.519983368427538,5.024000753883154,4.791964332657578,-0.15510636217937934
7.589997858094487,2.7276454652525954,2.5127682232449042,-0.04419203394719462
3.5699875011293543,1.076737864189937,1.829939455089868,0.3020963403506285
5.4199986208059165,2.337640146891402,1.3666621114926325,-0.31501139261250577
2.669999420906063,0.3476500091039915,0.3938250780970001,0.019882912002108233
4.3199856876667635,0.9203810622083348,1.0791277763211993,0.04669564011181382
6.399992727811038,2.7103742324322333,0.3261561919910309,-0.6461963597123663
5.209999071006983,2.5676416590518385,0.07580762568911567,-0.9430344366317023
1.699982590022138,-0.7014598561960514,-1.2598937684864042,-0.23254103514734625
0.0038415771232634607,-4.600559838094968,-5.768758246777416,-0.2537134153467546
2.2899998309375285,-1.3396348573764023,-0.3299464712153731,0.2781790656265902
5.3899964009897765,1.4430454516235678,0.4249517503948364,-0.25794435104196434
5.409999863544356,1.3657492363245949,0.6720163596089513,-0.17153557992832735
0.0032484736420845027,-7.57788636537534,-9.040008083103611,-0.1928631727011696
5.809998885862725,-0.7252068245420799,-3.369279829940523,-0.4045891013329195
0.0024911116922845217,-5.409772732165817,-4.718955886434889,0.12763916646725837
7.509999625718913,-2.1370643937044562,-1.002425455250061,0.11761494856568955
0.2299985136792738,-1.9971121339839863,-1.1601255100287817,0.37581726118250647
10.619996546799452,2.840095451780309,0.7625651872618937,-0.26703813315165337
18.639999899454775,4.436461358568543,1.0412950906078382,-0.23903664978888162
12.239999998544365,-7.065323481517538,-12.061530051361181,-0.2587994226050452
6.489999704194731,-1.2307681773584653,-0.07056883163175451,0.15026994251422987
5.349996979547618,1.7246689451228838,5.349990201937521,0.9999981304836327
0.0014332580646227884,-11.283506049520785,-9.579819902877759,0.15096989892518586
0.0009355376643314908,-20.954459845324326,-25.088023285067674,-0.19725533039089904
0.000558032464582898,-12.79631287891825,-16.410918328176578,-0.28246010093319995
8.26999986958727,1.7418325736612015,2.390392239652631,0.09934789299841706
6.069999684323475,-3.2836340793655805,-4.739998699134701,-0.15570041083100228
0.00010830086615137086,-11.370899252419603,-10.208176134651659,0.10225330625446338
19.559996481127012,10.940931805141798,12.975322455183997,0.23603380720770095
38.30999923273687,21.334561362324813,17.71279851950557,-0.21335313235907294
28.339999786627256,9.815466663844694,7.526958169816075,-0.12353933450630805
10.779999238128829,2.970922732183664,4.477173686887514,0.1928846456501122
19.879999103810174,9.037286360724101,7.7575489372154625,-0.11802742116585829
20.239999896957553,6.9272863640587135,0.7705515298108397,-0.46247031599028543
17.71999578013561,7.620012867522515,0.06204632514865294,-0.7483147850612002
95353484276024e-18,-4.741809083302251,-0.265573463293743,0.9439742364445336
5.689995405832587,2.324550763018388,1.4400000398535913,-0.2628332410855321
10.18999918290996,6.853640149344701,5.670006885916127,-0.35476795258564664
2.049998388538047,-1.4245416794259247,-1.1800000902481016,0.07038099558343003
5.926265566516209,3.661822714867308,2.0496958035126367,-0.7119309326710399
11.379999040305751,7.349099229625046,0.16897565611897886,-1.7812706618211744
11.36999936457161,7.050920456702005,9.458172872572936,0.5573531920161916
0.00013281718174352504,-7.547260605324726,-7.269999992991178,0.03673594270397407
0.00012654700924223577,-6.6227151519891265,-0.36897578597643743,0.9442682839540764
8.689984847845226,5.7291000069611835,4.169534345223906,-0.5267228364314338
0.0001249623603097462,-6.065442431755082,-7.3244077590074275,-0.2075593667418072
14.059985542014903,10.029103045138877,9.69237682545505,-0.08353660022210851
7.749951138300003,4.169102259284503,1.1570763031651772,-0.841148581770766
10.599966738547456,2.715464374787855,4.1899998237485105,0.18701693282993026
11.0994164563612,6.972737894955376,0.670376071606678,-1.5272238265152622
6.209997271302069,1.6091014996260484,1.7669026792346454,0.03429792532577036
11.279999917343522,4.242738638932155,5.880229178334494,0.23268860919314838
4.439987305439583,1.5227371220658381,0.10536897639799206,-0.4858575907359053
5.0899990121028,1.6627348304413143,2.264333404224392,0.17553317803806756
1.529997088541878,-1.7318136412057947,0.3076276231862816,0.6252481929108877
31549839857453906e-21,-2.215451515653467,-0.43946692254687536,0.80162408856469
3.0599990522637355,-2.1618151563533683,-1.5380346281393462,0.1194566683710524
2672748108537883e-20,-8.597269695047212,-0.19754748468727304,0.9770190298835532
1627305539007336e-20,-10.231816665475437,-2.1069086569235966,0.7940813789047736
23.349996078677545,11.704546211483079,12.52000167770627,0.07002352640067178
1.17999841212156,-1.7218166694789563,0.013048557555741361,0.5978551969196537
2.2799980871932046,-0.028181073310264895,0.0035547647130876377,0.013749295794019067
11.919966300989124,7.095455295494777,7.531500932272542,0.09038131248559256
6.3399986988185955,3.9890931785259727,5.037316449585623,0.44588064556893603
4.889999895017991,2.1690977291219182,3.8936444036391396,0.6338142900295269
1.0099774711306635,-1.539993937632765,-0.003406502239932374,0.6025900643874194
6596916837528017e-20,-6.726357572716481,-3.5926013607688163,0.4658874351925709
7.419999221219031,3.1690977329631993,0.04684843248245778,-0.7344910977369692
3.0999998109099174,-0.48817501652914314,-0.8495950229012865,-0.10072530569255878
4.963144716516692,2.1045530275896724,2.350153941659558,0.08591675230192553
7.1799980524149,3.901825761028608,0.019016346006595856,-1.1844433635243825
0.42999727356252393,-1.6918098547864266,0.028430522903426667,0.8107430476154683
2.5772490596259567,-0.08544696268385128,1.999993656118122,0.7832064198574634
5.269998197315724,1.9463704629684604,1.3400007345318092,-0.1824421315811826
9.629997105371272,6.654550754741485,6.0532677035962665,-0.20208163088470732
2.119997739932657,0.541823483561876,0.025592117824445534,-0.32710669538139125
7.329999287224704,4.380916674345659,0.1614003023428884,-1.430789477912748
6.229999845507204,0.7790977288028147,-0.01246911241200493,-0.14521758495516712
6.219998604006963,3.880913634274428,4.548976370988123,0.2856085800038657
4.219998382804268,0.0009121138491543962,0.3955448450255065,0.09353511780030177
10.789999237933902,6.658185596606407,3.3359916858619725,-0.8040522151132306
29664717316177007e-21,-2.2218151488574955,-1.4005261677550531,0.3696428193745175
9.229998969698968,5.3345484706671105,4.877277146366783,-0.11738599281751205
5.689987879358837,2.7427287969171927,2.2809981613590793,-0.156664420277431
8.369999785554649,2.9745492391352637,4.202003402933643,0.22749799173174923
5.009997773854146,2.5772780240867195,1.9899325684064542,-0.24143572466019436
9.16999971507105,-0.41090380554556244,0.31858665147416454,0.07614004832111887
6.077543739663187,4.3136393870221275,4.185083390301286,-0.07288150093192813
3.097140361753032,0.5090946934609628,-0.811131010186537,-0.5101245777161103
4.809997267461971,-2.6018143848675086,-2.7299989693214743,-0.01729463597657377
2.229999495600766,0.3372750065536824,0.14000006777841104,-0.10422802680309373
7.385274720067922,3.9036386397940617,2.6739806538749487,-0.35318395075409215
3312302092288229e-20,-4.587269712560108,-3.6768330282345256,0.19846884257648212
10.329999408272084,4.009093179670353,3.278709295941795,-0.11555050135431766
23550977083896397e-21,-5.178179549675112,-3.5085656466393877,0.3224311350061637
8.639999204099475,2.2536378755665547,3.1999997202856996,0.14818482638791497
2.70661191822321,-1.1545439465269212,0.5330138121159836,0.4370602528764046
5.219999847755791,0.5581833223403897,2.0055280594226006,0.31046797513191315
2.649999786553633,-2.934543194752154,0.5275174616498628,0.6199362540482252
12.869984529393234,5.56363863713102,4.5000038884631754,-0.14557684023614148
1.6528871766367097,-0.41363484649016896,1.6277788476466735,0.9878499581862454
15.619999044151603,1.9400022727195627,3.2545333583254035,0.09609147630436421
5.279999857487681,-0.08090757899432205,0.6855876893995855,0.14297864260400395
2.419998159574853,-1.465453016351999,0.0067103842888909734,0.37889123656011814
2.639997792111666,-3.4409075780585217,-1.3282660362561658,0.34742220330641793
4.149998547320887,-3.569997730092592,-4.232542606779676,-0.08582191660189054
0.3699958249947797,-5.485449248191575,-4.059056724357057,0.24360104244959102
9.089968226814245,5.033637870768475,4.830334596768241,-0.05011999915076437
7.6599955379664415,0.5200015204458058,-0.5568666094516345,-0.150821993303488
9870339759479992e-20,-4.704536365404748,-1.356219921587494,0.7117058804456078
4.5299999372210555,-7.269073480308715,-12.52904184883477,-0.4457950368129222
4.899998725995317,0.36001967643145666,0.156305002583616,-0.044871280599281915
24.019999677250127,8.087296215255362,7.682018457655068,-0.02543684808840041
20.04999984525787,3.956385614969164,0.2773236578168491,-0.22860383655948446
3.719999290665432,-0.35998257506845827,0.11031013299711302,0.11526833293436145
7.269998868255096,0.7254750063415684,-1.2099926579715783,-0.29573849911019234
8.81843882936024,4.390020457974806,0.0772181755744945,-0.9738922388787421
7.499995985481229,1.9054772652841254,2.3115403473641787,0.07258230821788136
8.089999259891702,1.92002272747165,-0.5871832394890917,-0.4063558351942935
0.00024133831637065712,-4.6108871214883616,-3.3894974730284995,0.264878686227619
19.139993127020944,7.728206815176989,9.657598050763463,0.16907004590368258
