"NoDur","Durbl","Manuf","Enrgy","HiTec","Telcm","Shops","Hlth","Utils","Other","Index","D12","E12","b.m","tbl","AAA","BAA","lty","ntis","Rfree","infl","ltr","corpr","svar","csp","CRSP_SPvw","CRSP_SPvwx","YNeg"
0.41,4.8,3.39,4.92,1.46,1.62,2.81,0.42,1.72,1.23,13.49,0.69,1.24,0.441475827,0.0307,0.0468,0.0568,0.0354,0.0508852104,0.0025583333,0,0.0078,0.0056,0.0004646178,0,0.026047,0.020321,-2.59
-3.23,-2.36,-1.24,-9.15,-1.58,1.35,0.25,-0.2,2.19,0.04,13.93,0.71,1.208,0.4697651174,0.032,0.0462,0.0554,0.0331,0.0463699163,0.0026666667,-0.0057471264,0.0253,0.0083,0.0009241928,0,0.007324,0.00261,-1.49
7.13,4.15,6.24,7.43,3.14,1.6,2.11,4.79,9.29,8.42,14.91,0.7233,1.186,0.4347826087,0.0333,0.0457,0.055,0.0327,0.0552790327,0.002775,0.0057803468,0.0109,-0.0011,0.0003917338,0,0.062353,0.057096,-3.23
1.07,1.74,0.73,-1.96,-1.61,1.31,2.97,0.15,6.17,-1.69,16.43,0.7433,1.153,0.3962274092,0.027,0.0456,0.0548,0.0329,0.0545259274,0.00225,-0.0057803468,0.0076,0.0083,0.0012764139,0,0.03332,0.028624,-2.12
3.51,6.59,4.86,0.6,1,3.42,1.83,-1.42,1.8,2.08,17.66,0.77,1.11,0.3746885899,0.0317,0.0446,0.0532,0.0316,0.076474752,0.0026416667,0,0.0072,0.0068,0.0006042041,0,0.019295,0.014403,-1.5
3.94,5.23,8.15,26.03,4.84,2.41,5.23,3.36,10.94,7.37,19.75,0.7967,1.2,0.3680952606,0.0362,0.0446,0.0533,0.0319,0.0493720638,0.0030166667,0,-4e-04,0.0014,0.0014879603,0,0.034725,0.032715,-2.42
5.14,10.53,7.57,0.98,5.49,2.33,7.68,9.38,5.72,4.38,20.87,0.8233,1.29,0.3240297825,0.0436,0.0464,0.0561,0.0341,0.0573989063,0.0036333333,0,0.0076,0.0083,0.0012293169,0,0.07023,0.065514,-7.46
-2.45,-0.95,2.44,0.98,5.55,-1.51,-0.6,-0.07,-1.52,1.29,25.59,0.87,1.418,0.2454238997,0.0439,0.0466,0.0566,0.0363,0.0717831373,0.0036583333,0,-0.0157,0.003,0.0026701165,0,-0.004874,-0.008075,-1.02
2.4,-1.92,1.07,1.29,4.69,-2.6,0.82,2.42,4.06,1.59,25.94,0.89,1.457,0.2633969119,0.048,0.0469,0.058,0.0358,0.0993226329,0.004,-0.0058823529,0.0275,0.0019,0.0023043615,0,0.019559,0.018234,-2.45
-7.92,-13.89,-13.09,-8.31,-4.37,-7.24,-8.82,-6.92,2.77,-6.35,24.83,0.9,1.476,0.2827746209,0.0509,0.047,0.058,0.0373,0.1179866681,0.0042416667,0.0059171598,-0.0162,0.0045,0.0047598084,0,-0.041281,-0.046101,-5.37
0.99,-1.52,1.82,1.66,6.51,10.42,0.83,3.11,7.56,2.75,28.88,0.92,1.514,0.2418751798,0.0455,0.0477,0.0595,0.0369,0.1106879396,0.0037916667,0.0116959064,0,0.002,0.0012818127,0,0.050014,0.048186,-7.92
-16.81,-29.46,-22.26,-16.25,-26.63,-11.92,-22.88,-17.09,-30.36,-15.46,24.15,0.95,1.572,0.307484187,0.0437,0.0477,0.0611,0.0347,0.159611836,0.0036416667,0,0.0382,0.0073,0.0535075427,0,-0.18615,-0.188115,-0.08
-12.89,-14.81,-12.76,-9.35,-20.51,-8.86,-13.73,-4.68,-12.47,-11.09,20.92,0.96,1.591,0.3519564763,0.0347,0.0476,0.0603,0.0331,0.1770397921,0.0028916667,0,0.0236,-0.0018,0.0364487459,0,-0.125359,-0.130374,-3.64
-4.45,-1.11,-3.34,-5.87,4.14,2.52,-6.86,4.01,8.98,-0.42,21.45,0.97,1.61,0.3384578236,0.0303,0.0467,0.0595,0.034,0.1635221721,0.002525,-0.0057803468,-0.0089,0.0192,0.0102146296,0,0.027753,0.023571,-16.81
9.36,17.16,14.36,4.51,9.7,3.66,9.14,2.39,5.52,9.77,22.79,0.9708,1.557,0.3148162012,0.0339,0.0466,0.0592,0.0347,0.1533141989,0.002825,-0.0058139535,-0.0057,0.0059,0.0014331608,0,0.059632,0.057032,-12.89
3.54,4.99,4.42,-3.15,7.29,5.48,-1.55,5.5,9.11,4.35,23.28,0.9717,1.503,0.3102061894,0.0336,0.0469,0.0589,0.0339,0.1592556286,0.0028,-0.0058479532,0.0129,0.0072,0.0017247059,0,0.026041,0.021516,-4.45
-14.86,-27.64,-19.15,-17.68,-24.82,-10.33,-17.88,-14.01,-17.75,-16.67,20.46,0.975,1.29,0.4033754529,0.0189,0.0457,0.0578,0.0328,0.1310010449,0.001575,-0.0059171598,0.0051,0.011,0.0144478616,0,-0.155715,-0.159182,-4.88
2.09,8.96,4.65,2.5,6.56,4.88,0.91,8.97,3.95,3.12,21.21,0.9758,1.237,0.3901876149,0.0183,0.0452,0.0577,0.0327,0.1405508333,0.001525,-0.0119047619,0.0034,0.0056,0.0049204458,0,0.038713,0.036395,-2.67
-0.75,-5.44,-2.61,-4.67,0.36,1.49,0.71,1.14,1.17,-1.71,21.37,0.9767,1.183,0.3797521005,0.0153,0.0447,0.0573,0.0328,0.121494954,0.001275,-0.0060240964,0.0013,0.0136,0.0040499265,0,0.011266,0.006691,-14.86
-3.58,-15.49,-10.54,-12.93,-15.43,-3.02,-11.81,-5.24,-9.69,-9.32,16.94,0.9783,1.077,0.4979547314,0.0174,0.0442,0.0594,0.0324,0.129491358,0.00145,-0.0060240964,0.0035,0.0054,0.0128766664,0,-0.08368,-0.086394,-0.75
-1.27,6.37,-2.43,-6.57,-0.66,-2.39,-1.61,-2.67,-6.29,-4.44,16.57,0.9792,1.023,0.5046708308,0.014,0.0447,0.0625,0.0322,0.1377528675,0.0011666667,-0.0060606061,0.0042,-0.0012,0.0071600721,0,-0.019736,-0.024113,-12.69
-12.13,-10.5,-14.68,-19.39,-12.84,-2.54,-16.11,-9.73,-4.63,-14.36,15.34,0.98,0.97,0.5547454126,0.0148,0.0452,0.0671,0.033,0.1138858911,0.0012333333,-0.0182926829,-0.007,-0.009,0.0081663293,0,-0.071479,-0.077707,-3.58
15.34,14.44,11.75,18.09,15.11,4.39,9.99,7.99,5.21,18.92,16.09,0.9667,0.94,0.5391520019,0.0124,0.0442,0.0641,0.0343,0.089710832,0.0010333333,-0.0124223602,-0.0121,0.0203,0.0052243116,0,0.059527,0.056729,-1.27
13.34,22.95,17.06,14.37,23.64,6.01,17.06,16.19,15.43,11.64,17.93,0.9533,0.91,0.4796679626,0.0106,0.0443,0.0638,0.0338,0.082533364,0.0008833333,-0.0125786164,0.0085,0.0068,0.0028846263,0,0.110943,0.105279,-12.13
-9.66,-17.07,-16.41,-17.41,-11.98,-8.23,-9.48,-15.91,-11.67,-16.31,13.02,0.9133,0.82,0.7099486221,0.0088,0.0437,0.0715,0.0317,0.0713674036,0.0007333333,-0.0129032258,0.0145,0.0134,0.0069106954,0,-0.137674,-0.14302,-0.55
15.19,19.09,21.58,21.21,16.41,10.64,7.11,12.23,10.11,22.86,14.83,0.9,0.79,0.6072712745,0.0055,0.0436,0.0736,0.0319,0.0637461202,0.0004583333,-0.0130718954,4e-04,0.0052,0.0233329496,0,0.146492,0.139763,-14.1
-2.14,-6.73,-9.62,-6.82,-9.92,-0.96,-3.66,-3.3,-2.66,-9.05,13.73,0.8867,0.76,0.6736095723,0.0041,0.0436,0.0708,0.0325,0.0339939666,0.0003416667,0,-0.0042,0.0052,0.0070392564,0,-0.075465,-0.07857,-9.66
-27.38,-34.66,-32.23,-32.07,-37.66,-17.37,-28.87,-31.75,-32.02,-28.12,9.71,0.86,0.7,0.9440016561,0.0045,0.0455,0.0807,0.0353,0.0303524609,0.000375,-0.0066225166,-0.0281,-0.0014,0.0234589946,0,-0.287461,-0.291524,-2.14
10.53,13.24,12.38,10.84,13.91,0.98,7.54,13.21,8,4.81,10.53,0.8467,0.67,0.8771761085,0.017,0.0499,0.0904,0.0385,0.0112531729,0.0014166667,-0.0066666667,-0.033,-0.0363,0.0425019555,0,0.076738,0.072834,-2.27
-7.54,-0.95,-9.36,-7.95,-10.22,-13.82,-8.97,-9.05,-4.52,-13.74,9.5,0.8333,0.64,0.9715564078,0.0177,0.0494,0.0893,0.0385,0.003378334,0.001475,-0.0134228188,0.0027,-0.0189,0.011434544,0,-0.100909,-0.109396,-27.38
6.46,8.62,6.47,8.92,6.74,-1.22,5.84,0.98,-2.15,15.14,7.89,0.7933,0.5933,1.1913781842,0.0248,0.052,0.0913,0.039,-0.0115774352,0.0020666667,-0.0205479452,0.0034,-0.0052,0.0173767845,0,-0.018803,-0.021067,-7.54
2.96,2.21,1.29,4.42,3.54,5.31,1.21,-1.71,5.62,1.56,8.29,0.7667,0.5767,1.1198428291,0.0242,0.0523,0.0887,0.0367,-0.0157276692,0.0020166667,-0.013986014,0.0413,-0.0238,0.0267152506,0,0.053581,0.045233,-13.2
-16.27,-22.91,-20.44,-9.81,-19.63,-18.44,-22.22,-26.3,-29.55,-24.64,4.47,0.6867,0.5267,1.9423334823,0.0031,0.0536,0.11,0.0349,-0.0340510446,0.0002583333,-0.0143884892,-0.0188,0.0107,0.0231837923,0,-0.232123,-0.240123,-7.47
7.75,4.12,5.13,2.21,6.82,-10.8,2.37,5.88,-0.29,1.34,4.43,0.66,0.51,2.0284780579,0.0034,0.0541,0.11,0.0347,-0.0406886277,0.0002833333,-0.0072992701,0.0065,-9e-04,0.0343025832,0,0.002768,-0.006507,-15.92
36.22,37.56,46.85,47.72,46.06,30.19,24.2,30.86,36.79,56.12,6.1,0.6333,0.4933,1.6125440713,0.0022,0.0526,0.1079,0.032,-0.0291765092,0.0001833333,0,0.0481,0.0043,0.0201105785,0,0.391838,0.390006,-16.27
-7.61,-7.44,-4.51,-4.45,-8.74,-1.24,-6.82,-3.77,-6.58,-10.25,6.55,0.5267,0.4267,1.5421472937,1e-04,0.0463,0.0824,0.0322,-0.0033213911,8.3333e-06,-0.007518797,0.0032,0.0073,0.0233166031,0,-0.052228,-0.058702,-4.98
-2.19,-5.77,-3.53,-4.94,-2.34,-0.48,-5.65,-0.92,3.05,-4.19,6.89,0.5,0.41,1.4420843014,4e-04,0.0459,0.0842,0.0315,-0.005031571,3.33333e-05,-0.0075757576,0.0131,0.0139,0.0102230989,0,0.061569,0.053749,-13.58
2.81,2.61,4.37,-1.49,5.86,-0.55,0.53,-1.45,-5.68,7.7,6.94,0.495,0.4125,1.4269293924,7e-04,0.0444,0.0801,0.0308,-0.0064898135,5.83333e-05,-0.0152671756,0.0148,0.0547,0.0059166089,0,0.013938,0.012575,-7.61
-7.95,-25.58,-17.09,-9.45,-16.57,-12.29,-17.35,-11.27,-21.74,-16.37,5.66,0.49,0.415,1.6909904651,1e-04,0.0448,0.0837,0.0325,-0.0058167549,8.3333e-06,-0.015503876,-0.0258,-0.0523,0.0156669282,0,-0.179558,-0.186035,-2.19
53.81,63.74,59.84,39.08,54.68,34.49,43.53,23.01,35.11,41.66,8.32,0.48,0.42,1.1190150479,0.0045,0.0478,0.0912,0.0325,-0.006368252,0.000375,0,-0.0032,-0.0095,0.0291512255,0,0.414312,0.412291,-7.95
-13.86,-16.98,-14.43,-9.18,-14.81,-8.52,-15.37,-7.25,-23.04,-17.91,9.83,0.455,0.4325,0.8679966044,4e-04,0.0436,0.0727,0.0308,-0.0004583629,3.33333e-05,0,0.0023,-0.0014,0.0142499091,0,-0.118045,-0.121112,-9.05
3.57,11.25,9.24,6.84,9.93,3.71,8.07,6.49,-0.55,3.22,9.88,0.445,0.4375,0.8335031588,0.0022,0.0454,0.0798,0.0327,0.0059235947,0.0001833333,0,-0.0149,-0.0248,0.0095815761,0,0.108553,0.10207,-13.86
-0.15,9.17,3.7,-7.41,10.38,-0.21,1.4,-10.96,-2.41,1.28,10.1,0.44,0.44,0.8290260464,0.0029,0.045,0.0775,0.0336,0.0061958281,0.0002416667,0,-0.0113,0.0257,0.0055905699,0,0.026694,0.02443,-8.57
-0.29,3.7,1.08,0.07,-5.08,-2.37,7.74,-3.92,0.24,0.96,10.76,0.4417,0.4483,0.790643727,0.0062,0.042,0.0627,0.0317,0.0055949443,0.0005166667,0.0075757576,0.0081,0.0146,0.0055672847,0,-0.03284,-0.037272,-0.15
2.44,-7.83,0.19,0.86,-2.22,-1.63,0.67,1.24,-3.14,0.07,10.46,0.4433,0.4567,0.8010747338,0.0015,0.0407,0.0601,0.03,0.0078287967,0.000125,0,0.0126,0.0104,0.0018991874,0,-0.02549,-0.026944,-0.29
-14.81,-21.41,-19.15,-16.71,-17.1,-9.54,-16.09,-12.43,-22.47,-22.06,8.68,0.4458,0.4692,0.9142532652,0.0015,0.0389,0.0613,0.0288,0.0029100957,0.000125,0,0.004,0.0047,0.0115313309,0,-0.119846,-0.121723,-8.27
-0.69,-3.5,-2.75,-1.7,-0.92,0.09,5.05,-1.42,0.54,-1.35,9.1,0.4475,0.4775,0.8703643637,0.0021,0.0396,0.0657,0.031,0.0194411438,0.000175,0.0149253731,-0.0146,-0.0061,0.0048308186,0,-0.000216,-0.003127,-14.81
10.97,26.93,19.39,7.8,16.39,-0.6,10.92,4.84,0.68,6.31,9.54,0.4492,0.4858,0.7820089372,0.0025,0.0386,0.0637,0.0299,0.020713039,0.0002083333,0,0.0037,0.0129,0.0020253052,0,0.086059,0.080682,-0.69
0.41,5.25,4.26,-0.66,-0.26,2.97,1.67,0.1,-9.03,-0.45,9.5,0.45,0.49,0.7737408689,0.0023,0.0381,0.0623,0.0293,0.0208147193,0.0001916667,-0.0074074074,0.0112,0.0101,0.0026089456,0,-0.000681,-0.004415,-1.96
-8.03,-9.67,-7.84,-7.44,-6.75,-2.18,-6.9,-4.7,11.97,-8.31,8.47,0.45,0.73,0.8007541179,0.0015,0.0367,0.062,0.0274,0.0120481999,0.000125,0,0.0041,0.0043,0.0039728617,0,-0.031454,-0.035324,-2.72
6.43,13.77,10.38,14.3,12.59,10.62,3.14,3.3,10.38,10.32,9.28,0.4467,0.7567,0.7373229785,0.0015,0.0366,0.0613,0.0269,0.0190957253,0.000125,0.0072992701,0.0079,0.0112,0.0031621685,0,0.096493,0.095347,-1.86
3.15,-2.56,2.19,-0.48,1.54,5.24,1.43,-1.33,22.72,2.85,9.58,0.4433,0.7833,0.7293926247,0.0015,0.0365,0.0594,0.0276,0.0193000161,0.000125,0,-0.0057,0.0042,0.0028776617,0,0.038135,0.033059,-8.03
2.69,4.21,6.03,-1.3,6.68,3.05,7.86,6.25,10.95,6.59,14.4,0.5333,0.85,0.5404874214,0.002,0.0327,0.0494,0.0273,0.0186275943,0.0001666667,0,0.004,0.004,0.0029079379,0,0.053106,0.046971,-0.77
0.87,0.91,-1.34,-0.08,0.25,2.72,2.19,0.78,2.08,-0.66,14.84,0.55,0.88,0.523178388,0.002,0.0324,0.049,0.0273,0.0208134501,0.0001666667,0.0072992701,0.0021,0.0082,0.0015684951,0,0.032542,0.029509,-10.45
-2.2,-3.91,-0.2,-2.57,1.24,-2.69,-4.06,0.28,-6.62,-4.37,16.26,0.81,1.15,0.4893824051,0.0041,0.0333,0.0484,0.0282,0.0282780631,0.0003416667,0.006993007,0.0053,0.004,0.0035930723,0.0033983845,-0.005699,-0.011686,-0.97
-6.46,-9.83,-6.31,-6.28,-5.18,-6.07,-5.72,-6.9,-6.85,-12.25,15.4,0.84,1.17,0.5049610206,0.0036,0.0328,0.0493,0.0285,0.0312661665,3e-04,0,-0.0018,0.0053,0.0029841706,0.0042059432,-0.053803,-0.057853,-8.78
7,14.45,9.9,7.73,9,7.17,9.86,6.2,23.28,10.32,16.98,0.8167,1.1867,0.4646486604,0.0028,0.0325,0.0491,0.0277,0.027224932,0.0002333333,0.0069444444,0.0138,0.0039,0.0029822171,0.0036298634,0.098991,0.098012,-2.2
-3.72,-6.23,-5.01,-6.46,-2.03,-2.52,-5.44,-4.45,-10.98,-6.77,16.04,0.7933,1.2033,0.481934502,0.0029,0.0324,0.0492,0.0286,0.0310644128,0.0002416667,0,-0.0104,-0.0017,0.0021407944,0.0033254414,-0.051183,-0.056291,-6.46
-8.76,-13.19,-12.68,-6.68,-12.31,-6.74,-8.68,-4.84,-2.64,-9.36,12.36,0.78,1.19,0.6174176776,0.002,0.0327,0.0552,0.0283,0.0409585636,0.0001666667,0,0.0042,0.0067,0.0317222407,0.0036049556,-0.102722,-0.103703,-3.72
-10.61,-15.51,-11.05,-11.44,-11.55,-6.64,-14.4,-9.71,0.02,-9.45,11.11,0.79,1.16,0.6924198251,9e-04,0.0324,0.0582,0.0278,0.0420330184,7.5e-05,-0.0068493151,0.0096,0.0067,0.0219733915,0.0027108586,-0.084289,-0.100254,-16.88
-7.63,-18.12,-8.61,-6.8,-5.92,-6.96,-13.14,-6.68,-12.41,-12.88,10.55,0.8,1.13,0.7074886223,0.0011,0.0321,0.0573,0.0273,0.0317777282,9.16667e-05,-0.0068965517,0.0082,0.0067,0.0069549625,0.0028331217,-0.045828,-0.053019,-8.76
6.44,10.77,2.89,2.68,2.85,2.63,5.94,4.12,-8.03,3.98,10.69,0.7933,1.0767,0.7015672438,0.001,0.0317,0.0589,0.0271,0.0388040183,8.33333e-05,-0.0138888889,0.0057,0.0038,0.0097512413,0.0027731382,0.012163,0.011096,-10.61
4.36,4.28,8.63,6.19,9.94,2.36,4.35,5.23,7.12,4.34,11.34,0.7867,1.0233,0.6595186671,8e-04,0.032,0.0597,0.0268,0.0322499621,6.66667e-05,-0.0070422535,0.0052,0.001,0.0077724907,0.002129031,0.065757,0.061131,-7.63
-4.99,-12.48,-8.78,-9,-6.6,-0.86,-5.51,-2.38,2.54,-6.13,9.27,0.7533,0.8367,0.8195656209,5e-04,0.0322,0.0606,0.0257,0.0299799465,4.16667e-05,-0.0070422535,0.0044,0.001,0.007651434,0.0052741344,-0.039973,-0.046036,-24.14
12.62,19.64,10.6,11.73,13.58,6.24,14.47,6.46,1.07,13,12.4,0.7133,0.72,0.6253541076,7e-04,0.0322,0.0563,0.0257,0.0170575032,5.83333e-05,0,0.0043,0.0066,0.0068298756,0.0056852727,0.074738,0.073872,-4.99
11.12,17.99,16.29,6.69,14.38,2.08,13.28,9.67,28.55,14.4,13.17,0.61,0.6267,0.5819547881,5e-04,0.0315,0.0536,0.0254,0.0079344917,4.16667e-05,-0.0070921986,0.0087,0.008,0.0044044304,0.0056028459,0.07896,0.0782,-6.59
-3.67,-5.83,-1.88,-2.8,-4.79,-0.38,-0.93,1.51,-10.3,-7.44,12.73,0.56,0.6333,0.5893739154,4e-04,0.031,0.0523,0.0257,0.0085352672,3.33333e-05,0,-0.0022,0.0037,0.0046441678,0.0051181861,-0.026207,-0.032784,-2.38
-4.84,-9.45,-10.26,-8.25,-9.26,-1.89,-3.39,-5.45,-1.52,-7.72,12.3,0.5133,0.6633,0.6142181413,3e-04,0.0301,0.0512,0.0249,-0.0036013643,2.5e-05,0,0.0059,0.0022,0.0072954961,0.0043106526,-0.070506,-0.071314,-3.67
4.02,5.49,3.82,0.7,3.35,2.93,6.13,4.9,9.35,3.84,12.7,0.5167,0.6867,0.5994568907,3e-04,0.03,0.0505,0.0245,0.0006149354,2.5e-05,-0.0071428571,0.008,0.0064,0.0032916439,0.0026295286,0.039292,0.034357,-0.46
-12.24,-22.07,-20.99,-14.58,-19.64,-5.59,-13.81,-8.15,-18.14,-17.16,10.98,0.52,0.71,0.6606492718,3e-04,0.0299,0.0489,0.0237,-0.0012606856,2.5e-05,0,0.0125,0.0022,0.0085387031,0.002714895,-0.134821,-0.138171,-4.84
6.31,7.69,9.7,5.19,10.66,10.45,14.37,6.14,10.04,6.4,11.6,0.5267,0.7433,0.6303372413,3e-04,0.0297,0.0507,0.0217,-0.0023543238,2.5e-05,0,0.0171,0.0049,0.0035590915,0.0036146113,0.069557,0.06346,-12.24
-8.93,-12.48,-11.63,-6.25,-12.33,-8.33,-11.12,-10.36,-8.41,-11.1,11.18,0.55,0.7933,0.6480172606,5e-04,0.0293,0.0485,0.0231,-0.0030065253,4.16667e-05,0,-0.0201,-0.0392,0.0071372431,0.0076878347,-0.067551,-0.073025,-5.24
-0.58,0.84,-1.08,-5.73,-1,3.11,6.26,2.87,0.04,-3.39,12.83,0.58,0.84,0.5734790624,5e-04,0.0315,0.0488,0.0247,-0.0018527882,4.16667e-05,-0.0070921986,0.041,0.0237,0.0018467448,0.0065611953,-0.016887,-0.01764,-8.93
3.03,1.92,3.88,-1.41,0.88,5.99,-1.11,0.38,0.8,-0.62,12.49,0.62,0.9,0.5807053804,4e-04,0.0294,0.0492,0.0226,0.0025507841,3.33333e-05,0,0.0145,0.0078,0.0010730021,0.0060740339,0.028177,0.023143,-0.58
1.2,-2.04,-4.48,-1.1,-1.32,-1.49,-1.05,-1.13,-3.97,-0.65,12.05,0.6233,0.93,0.5993256726,1e-04,0.0288,0.0486,0.0229,0.0077727052,8.3333e-06,-0.0071428571,-0.0017,0.0049,0.0014780456,0.0056097591,-0.035927,-0.0368,-5.63
-26.67,-28.02,-26.89,-27.09,-23.88,-23.56,-27.55,-22.32,-25.41,-27.59,9.27,0.6433,1.0233,0.8225778696,6e-04,0.0293,0.0494,0.0246,0.0066101852,5e-05,0,-0.0299,-0.0021,0.0186685676,0.0031368279,-0.23148,-0.239765,-0.32
1.83,3.58,4.89,2.97,5.09,0.75,5.4,1.51,-2.44,4.06,10.29,0.6567,1.0533,0.7578880609,5e-04,0.0288,0.048,0.0224,0.0081091893,4.16667e-05,-0.0070921986,0.0052,0.0021,0.0013236754,0.003341704,0.03309,0.031914,-26.67
-1.36,-2.86,-2.33,-1.27,0.42,0.22,-4.1,-3.32,0.24,-1.6,9.92,0.6767,1.0567,0.7837992949,4e-04,0.0278,0.0442,0.0213,0.0107702342,3.33333e-05,0,0.002,6e-04,0.002751814,0.0020135897,-0.004729,-0.01257,-2.04
-6.33,-8.37,-6.4,1.26,-6.56,-5.62,-4.97,-5.87,-12.78,-4.67,9.31,0.6833,1.07,0.8542496105,0.001,0.0282,0.0433,0.0196,0.0104815348,8.33333e-05,0.0070422535,0.0129,0.0078,0.0017671007,0.0015840247,-0.062152,-0.063463,-1.36
6.27,7.05,7.08,7.6,7.83,1.44,9.11,4.43,6.54,4.77,9.85,0.69,1.09,0.8015267176,0.0012,0.0277,0.0431,0.0191,0.0089675066,1e-04,0.0208333333,0.0066,0.0063,0.0011809091,0.0022238989,0.058851,0.052486,-6.33
-7.26,-8.21,-5.05,-13.28,-6.96,-5.24,-12.83,-3.98,-11.78,-11.12,8.69,0.71,1.16,0.8895097332,0.0033,0.028,0.0438,0.0204,0.0103428263,0.000275,0.0064935065,-0.0177,6e-04,0.0066808135,0.0034469828,-0.038843,-0.046205,-5.25
10.34,14.47,7.03,9.91,9,-4.43,7.03,2.96,17.68,35.3,8.81,0.7033,1.12,0.9021113244,0.0027,0.0283,0.0429,0.0247,0.0089351822,0.000225,0.0129032258,0.0069,6e-04,0.0022049532,0.0027011593,0.022276,0.020639,-2.28
-2.71,3.7,-0.55,-2.93,-1.1,-6.45,-1.35,-5.39,-2.54,-2.65,8.59,0.6967,1.08,0.9260649278,0.0025,0.0285,0.0429,0.0247,0.0093501527,0.0002083333,0.0063694268,0.0011,-8e-04,0.0012608247,0.0028994323,-0.017647,-0.024642,-7.26
-4.75,-3.62,-5.64,-4.17,-5.29,-0.94,-5.95,-3.16,-5.72,-2.25,7.66,0.68,1.02,1.0802307289,0.0032,0.0283,0.0426,0.0246,0.0110048192,0.0002666667,0.00625,-0.0029,6e-04,0.0024409752,0.0033975063,-0.037988,-0.040323,-2.71
4.44,0.41,1.02,2.3,6.26,9.6,6.22,7.62,6.83,1.91,8.15,0.67,1,1.0210150674,0.0037,0.0285,0.0427,0.0243,0.010525173,0.0003083333,0.0124223602,0.0075,0.002,0.0015923892,0.0037664529,0.070339,0.060119,-6.29
3.72,1.28,2.1,4.57,3.52,1.4,1.78,4.64,0.05,2.16,8.3,0.66,0.98,0.9967098897,0.0037,0.0285,0.0433,0.0244,0.0101983055,0.0003083333,0,3e-04,0.0034,0.0012004676,0.0032658448,0.023544,0.016976,-4.75
3.91,2.08,2.63,4.04,4.63,5.81,5.96,3.85,5.66,3.14,12.08,0.6,1.08,0.7636311733,0.0038,0.0269,0.0383,0.0246,0.013693478,0.0003166667,0.0057803468,0.0011,5e-04,0.0006080398,0.0016281149,0.027498,0.023331,-4.98
4.76,4.99,4.6,2.33,5.17,4.71,2.98,2.51,2.58,6.15,11.85,0.6133,0.9367,0.7787481805,0.0038,0.0272,0.0376,0.0248,0.0192532185,0.0003166667,0,0.0021,0.002,0.0006398349,0.001496229,0.018622,0.01731,-6.01
7.05,23.12,10.76,3.66,10.12,6.94,8.05,5.61,8.75,12.53,12.98,0.63,0.92,0.7615581615,0.0038,0.0273,0.0359,0.0248,0.0182017583,0.0003166667,0.0057142857,8e-04,0.002,0.0007175889,0.0027429124,0.054574,0.049768,-2.28
-0.18,0.3,0.89,-2.26,0.21,0.47,0.92,1.54,-3.39,-0.83,12.78,0.64,0.9,0.7723327182,0.0038,0.0272,0.0356,0.0247,0.0089627427,0.0003166667,0,0.0014,0.0019,0.0011155149,0.0029150307,-0.000692,-0.003118,-0.58
2.76,1.92,2.3,2.72,1.13,0.32,2.74,1.48,-2,3.24,12.83,0.64,0.92,0.7669856784,0.0038,0.0272,0.0353,0.0247,0.0057837717,0.0003166667,0,0.0024,0.0048,0.0004242975,0.003448245,0.017327,0.005832,-0.18
4.4,3.86,1.88,-0.31,0.55,3.62,4.93,3.96,2.39,3.94,15.01,0.65,0.9867,0.7029114676,0.0038,0.0262,0.0332,0.0226,0.0197732119,0.0003166667,0.0056179775,0.0056,-0.0011,0.0009209599,0.0042020594,0.020041,0.011624,-4.32
5.36,4.42,6.93,4.31,4.68,3.38,7.66,6.96,8.43,6.71,16.16,0.66,0.99,0.6568208317,0.0038,0.0262,0.0324,0.0221,0.0176069197,0.0003166667,0,0.0054,0.0032,0.0014385546,0.0036217464,0.046361,0.043999,-2.72
6.47,1.93,4.74,7.61,2.41,0.25,10.91,13.6,4.73,3.41,18.76,0.68,0.88,0.5934129709,0.0038,0.0246,0.0296,0.0207,0.031306828,0.0003166667,0.0054644809,-0.0135,-0.0043,0.0010777341,0.0035045733,0.035748,0.034707,-6.68
-7.06,-10.19,-7.1,-7.33,-9.14,-5.66,-7.2,-4.91,-4.51,-8.53,16.65,0.6867,0.8733,0.6485543633,0.0038,0.0251,0.0303,0.0217,0.0432676449,0.0003166667,0.0202020202,-0.0111,-0.0088,0.0019801137,0.0026899157,-0.068855,-0.073365,-4.52
-11.96,-18.41,-13.51,-11.44,-12.83,-15.07,-11.82,-7.74,-10.03,-16.08,14.96,0.69,0.89,0.7116343812,0.0038,0.0258,0.031,0.0219,0.0491119446,0.0003166667,0.0099009901,-9e-04,-0.0026,0.0160250152,0.0026064326,-0.104113,-0.106619,-1.68
1.59,-2.69,-2.01,-0.9,-2.4,-4.51,-4.45,-2.37,1.15,-0.45,14.84,0.6967,0.9467,0.7253916642,0.0038,0.026,0.0315,0.0216,0.0485974813,0.0003166667,0.0196078431,0.0074,0.002,0.0061160954,0.0023753839,-0.005636,-0.006817,-7.06
-2.12,-0.6,0.8,1.44,-1.38,-2.88,-1.96,1.18,0.72,-0.55,14.67,0.7033,1.0033,0.7226999647,0.0038,0.0259,0.0317,0.022,0.0480722812,0.0003166667,0.0240384615,-0.0054,-0.0025,0.003914349,0.0020257111,-0.003801,-0.011741,-11.96
1.57,9.99,2.95,1.27,5.4,3.8,0.69,-2.73,0.76,4.03,15.66,0.7133,1.13,0.6800044336,0.0038,0.0257,0.0313,0.0214,0.0315384626,0.0003166667,0,-6e-04,5e-04,0.0021117215,0.0013295838,0.022013,0.020953,-2.12
-3.18,-6.15,-4.4,-1.93,-2.94,-2.86,-2.65,-5.38,-2.56,-4.22,14.45,0.7467,1.3833,0.776366322,0.0038,0.0253,0.0317,0.0216,0.025894307,0.0003166667,0,0.0033,0.002,0.0025450853,0.0032286132,-0.00099,-0.01047,-3.36
6.11,4.88,5.1,9.88,6.06,7.68,8.98,3.07,3.39,4.73,15.21,0.76,1.44,0.7411167513,0.0038,0.0255,0.0321,0.0216,0.0264727428,0.0003166667,0.00456621,0.001,4e-04,0.0019587785,0.0038172362,0.053991,0.050908,-8.69
5.39,8.45,6.43,7.1,7.65,2.23,5.58,3.97,3.85,6.78,15.76,0.77,1.4767,0.7173272191,0.0066,0.0255,0.0318,0.0214,0.0206405097,0.00055,0.0090909091,0.0063,0.002,0.0019774476,0.0032049433,0.039572,0.038369,-3.18
3.06,6.18,3.95,6.78,3.83,-1.68,3.6,3.6,1.06,0.88,15.43,0.8067,1.57,0.722732523,0.0085,0.027,0.0335,0.0217,0.0230185724,0.0007083333,0,-0.0037,-0.0099,0.0008695376,0.0043136224,0.020578,0.019353,-0.79
-2.63,-4.16,-2.54,-4.14,-3.32,3.29,-0.89,-5.61,0.92,2.42,14.69,0.8433,1.6433,0.751888304,0.0097,0.0286,0.0352,0.0243,0.0277653867,0.0008083333,0.0128205128,0.002,0.0024,0.001048864,0.0043871624,-0.037743,-0.038905,-2.76
6.17,10.56,11.16,12.24,12.37,9.35,6.54,6.51,7.03,10.87,15.08,0.85,1.71,0.8414221219,0.01,0.0283,0.0353,0.0241,0.0271870255,0.0008333333,-0.0042553191,0.0034,0.0115,0.0020820213,0.0058085148,0.08144,0.077022,-2.63
2.48,1.8,2.69,13.77,2.43,3.4,5.57,1.52,2.51,4.85,15.48,0.85,1.76,0.8259930198,0.01,0.0278,0.0347,0.0239,0.0274539336,0.0008333333,0.0170940171,0.0045,0.0038,0.0005519692,0.0041501792,0.030821,0.028537,-6.59
-0.03,-0.55,-0.11,-1.65,0.11,-2.15,0.27,-1.91,-0.36,0.04,15.97,0.8633,2,0.8205382202,0.0106,0.0284,0.0344,0.0242,0.0192268027,0.0008833333,0.0040983607,1e-04,0.0055,0.0011851393,0.0028878628,0.015539,0.008123,-2.47
-4.21,-4.99,-3.93,-6.4,-4.17,-5.59,-3.5,-3.42,-1.91,-5.24,15.49,0.87,2.07,0.8362310712,0.0109,0.0284,0.0345,0.0242,0.0191280822,0.0009083333,0,0.0014,0.0024,0.0023955016,0.0030531024,-0.027016,-0.031159,-2.85
3,7.25,5.82,7.73,5.55,4.42,3.7,5.13,4.94,6.03,16.54,0.89,2.1433,0.7919056724,0.0112,0.0284,0.035,0.0243,0.018133741,0.0009333333,-0.0040816327,7e-04,0.0024,0.0008275633,0.0021893158,0.070041,0.067023,-0.03
-8.64,-14.26,-11.12,-13.32,-10.32,-10.36,-8.36,-7.32,-9.74,-11.58,14.75,0.91,2.2167,0.870911215,0.0114,0.0284,0.0353,0.0239,0.0177915373,0.00095,-0.0081967213,0.0076,0.0085,0.0061589031,0.0023768242,-0.098332,-0.109939,-4.21
4.07,1.15,1.33,-3.88,-2.27,4.51,3.26,4.85,4.51,2.02,15.22,0.9467,2.32,0.8324028584,0.0117,0.0271,0.0346,0.0233,0.0132976714,0.000975,-0.0041493776,0.0082,0.0038,0.0013129862,0.0017767354,0.002676,0.001377,-8.64
-3.7,-6.35,-4.13,-5.41,-6.86,-6.76,-3.29,-2.45,0.45,-4.21,14.62,0.9633,2.35,0.8615509072,0.0117,0.0271,0.0345,0.0231,0.0172190437,0.000975,-0.0083333333,0.0049,0.0038,0.0014096786,0.0021699988,-0.031639,-0.041472,-0.89
-2.43,-6.82,-4.79,-1.56,-5.28,-7.73,-0.91,0.26,0.75,-1.75,14.74,0.9933,2.3867,0.9174997127,0.0117,0.027,0.0345,0.0227,0.0152887455,0.000975,0.0042016807,0.0011,0.0023,0.0004992706,0.0036580641,-0.018691,-0.021717,-3.7
0.45,-0.93,-1.64,-0.41,-3.55,3.46,2.55,1.04,-0.89,-1.66,14.16,1.02,2.4,0.9538884243,0.0117,0.0271,0.0347,0.0217,0.0168124176,0.000975,0.0042016807,0.0167,0.0084,0.0016978117,0.0040919143,0.001744,-0.003269,-2.43
5.94,9.38,6.77,6.12,7.73,3.87,3.86,5.39,5.22,5.72,15.04,1.0267,2.3967,0.9077989995,0.0102,0.0267,0.0346,0.0216,0.0195114004,0.00085,-0.0083682008,0.0033,0.0099,0.0006408809,0.0036228094,0.062732,0.061657,-2.23
1.82,10.33,6.19,4.09,8.77,19.07,2.75,5.63,0.21,3.94,18.07,1.18,2.4267,0.7964974714,0.0115,0.026,0.0323,0.0214,0.0263975189,0.0009583333,0,0.003,-8e-04,0.0007140107,0.0040222115,0.045887,0.044493,-0.68
3.24,3.74,4.33,9.24,-0.05,-2.72,2.53,1.45,1.25,1.78,18.78,1.19,2.4833,0.7613463432,0.0116,0.0261,0.0325,0.0213,0.0285722636,0.0009666667,0.0042372881,0.0033,-8e-04,0.000641263,0.0038032122,0.046902,0.03759,-0.55
4.19,7.72,5.74,5.72,6.82,7.9,4.41,4.05,4.03,3.25,18.42,1.2867,2.66,0.7843408494,0.012,0.0261,0.0323,0.0214,0.0295508723,0.001,0.0082987552,0.0014,0.0038,0.0010756051,0.0044526781,0.048063,0.031526,-6.73
6.8,10.05,8.74,10.35,5.25,2.26,4.73,6.3,3.86,13.95,20.41,1.47,2.84,0.7225384419,0.0134,0.0267,0.032,0.0224,0.0313582559,0.0011166667,0.012145749,0.0016,0.0023,0.0024895409,0.0056625153,0.055425,0.051025,-0.17
-1.31,-3.8,-2.79,-3.65,-2.71,-5.98,-1.93,-0.23,0.74,-3.88,21.52,1.5467,2.7567,0.7778890447,0.0155,0.0289,0.034,0.0254,0.0306750269,0.0012916667,0.003875969,-0.0069,-0.0015,0.00140742,0.0039686672,-0.029979,-0.040917,-3.96
2.63,4.31,8.78,9.41,4.91,7.4,2.68,10.8,5.02,6.86,22.4,1.5467,2.65,0.7531218491,0.0156,0.0294,0.0353,0.0252,0.0325985964,0.0013,0,0.0138,0.0205,0.0014082079,0.0037154163,0.070935,0.070014,-1.31
3.16,6.51,5.74,5.44,6.18,6.56,4.21,-0.63,2.89,4.56,23.28,1.5333,2.58,0.7185938945,0.0162,0.0288,0.035,0.0246,0.0303211996,0.00135,0,0.0099,0.0114,0.0005817795,0.0039216119,0.05022,0.038396,-4.57
0.54,1.72,2.12,1.71,2.93,0.58,-0.59,3.19,2.89,1,23.77,1.41,2.44,0.7213163466,0.0173,0.0301,0.0361,0.0269,0.0361507878,0.0014416667,0.0037878788,-0.0061,0.0058,0.0004270364,0.0041468933,0.041815,0.038467,-2.19
0.4,0.3,1.59,6.77,0.73,2,0.48,2.52,3.21,2.1,24.14,1.4133,2.4267,0.7174258377,0.0157,0.0298,0.0359,0.0268,0.0351506982,0.0013083333,0,0.0028,0.0199,0.0005384211,0.0035154761,0.017768,0.016303,-0.7
-3.55,-4.42,-6.04,-7.58,-2.94,-3.59,-2.54,-4.83,-1.72,-3.91,23.32,1.43,2.38,0.7863990995,0.0157,0.0293,0.035,0.0254,0.0332314494,0.0013083333,0.0038022814,0.0171,-4e-04,0.0008078353,0.0038390162,-0.041423,-0.043268,-1.54
1.89,2.09,3.48,4.35,4.08,2.18,3.05,0.95,1.67,4.14,24.96,1.45,2.34,0.7387150879,0.017,0.0294,0.035,0.0259,0.0277312703,0.0014166667,0.0037878788,3e-04,0.0016,0.0003252706,0.0044307208,0.047832,0.045795,-3.55
4.92,5.79,6.65,2.42,6.64,5.77,3.64,5.39,5.01,6.19,25.66,1.4233,2.3867,0.7142353522,0.0185,0.0298,0.0353,0.0272,0.0265501524,0.0015416667,0,-0.0015,0.0108,0.0004590891,0.0035423516,0.061382,0.048273,-2.32
2.2,1.78,1.9,4.82,2.91,0.76,0.73,-0.26,1.86,3.6,26.57,1.41,2.4,0.6940733128,0.0209,0.0297,0.0351,0.0279,0.0265347164,0.0017416667,0,-0.0086,-0.0091,0.0002677175,0.0034459187,0.038215,0.035725,-1.87
0.73,-0.6,0.54,1.44,-0.2,0.51,0.88,0.65,-0.33,1.46,24.54,1.4167,2.4833,0.78375202,0.0216,0.0334,0.0378,0.0314,0.027225579,0.0018,0.0037593985,-0.0148,-0.003,0.0005931666,0.0028534772,0.007401,-0.00273,-1
-3.04,-5.27,-3.54,-1.48,-2.98,1.78,-3.04,-3.13,-2.85,-3.04,24.14,1.42,2.51,0.795496906,0.0211,0.034,0.0386,0.0301,0.0274618998,0.0017583333,0.0037453184,0.0223,0.0109,0.0011056921,0.0028537844,-0.014266,-0.016183,-0.84
-4.23,-6.42,-5.87,-7.58,-6.57,-2.46,-2.71,-1.86,-0.21,-7.07,23.32,1.42,2.5367,0.8169359161,0.0204,0.0324,0.0385,0.0303,0.0280870247,0.0017,0.0037313433,-8e-04,-0.0085,0.0006814738,0.0024851686,-0.050101,-0.060097,-3.04
1.37,6.61,4.99,4.23,3.97,2.72,0.77,2.7,4.68,3.26,24.54,1.43,2.5367,0.7737210398,0.0138,0.0316,0.0382,0.0281,0.0246952319,0.00115,0.0037174721,0.0074,0.0227,0.0005728518,0.0026167199,0.051046,0.049806,-4.23
0.55,1.94,2.77,2.12,1.03,3.52,0.63,6.31,2.91,2.75,24.76,1.44,2.5233,0.7584319579,0.0144,0.0311,0.0375,0.0286,0.0257980017,0.0012,-0.0037037037,-0.0049,-0.0073,0.0003764983,0.0028678282,0.023763,0.009879,-1.56
0.7,0.26,1.53,1.97,1.88,3.37,0.16,1.34,2.13,1.73,26.15,1.4633,2.5367,0.7245195899,0.0097,0.0295,0.0361,0.0279,0.0225625653,0.0008083333,0,0.024,0.0198,0.0003407126,0.00259655,0.012916,0.002343,-1.82
1.3,0.85,1.62,-2.79,3.78,0.83,1.63,-0.31,1.35,1.35,29.21,1.45,2.62,0.732467844,0.0064,0.029,0.0349,0.0272,0.018357419,0.0005333333,0,0.0163,0.0063,0.0009354285,0.0018383463,0.002467,0.000533,-0.97
-0.62,-1.12,-0.23,-1.46,-0.26,1.61,-2.33,0.28,-3.51,0.88,31.68,1.4933,2.6767,0.6937581644,0.0098,0.0287,0.0346,0.0271,0.0175796112,0.0008166667,0,6e-04,0.004,0.0004991744,0.0029143838,-0.017867,-0.018659,-1.35
6.98,8.98,9.5,9.49,8,13.85,7.04,8,3.88,12.77,35.98,1.54,2.77,0.6041197854,0.0115,0.029,0.0345,0.0272,0.0269928125,0.0009583333,-0.0037313433,0.0064,0.0017,0.000882281,0.0028454745,0.054288,0.052361,-0.62
-0.52,0.35,0.59,0.6,0.94,1.3,1.63,1.05,-0.06,2.09,37.91,1.5667,3.1333,0.5860754131,0.0145,0.0304,0.035,0.0287,0.0254187153,0.0012083333,0,0.0073,-0.0018,0.0007450734,0.0014133625,0.006433,-0.001081,-0.29
1.92,3.07,0.17,-0.58,-2.76,4.31,1.98,1.02,3.31,-0.94,43.52,1.5867,3.2933,0.5345068155,0.016,0.0306,0.0352,0.03,0.0247604416,0.0013333333,0.0037453184,-0.0102,-0.0041,0.0020821185,0.0006412637,0.057646,0.057068,-0.52
-0.52,-3.21,-1.64,-1.6,-3.14,-4.52,-1.54,0.94,-1.2,-2.44,42.34,1.6267,3.5,0.5474091499,0.0223,0.031,0.0359,0.0292,0.0251006866,0.0018583333,0,0.0144,0.0078,0.0026798958,0.0006324088,-0.030468,-0.031,-1.19
2.06,5.24,7.38,9.41,6.48,3.76,2.25,6.97,3.07,6.44,45.51,1.6333,3.56,0.5152505897,0.0224,0.031,0.0358,0.0295,0.0260337027,0.0018666667,0,-0.0045,-0.003,0.0019291618,0.0003727678,0.087825,0.075124,-0.94
1.56,0.7,3.05,4.4,3.64,1.25,2.21,7.3,0.26,1.27,45.48,1.64,3.62,0.5098280098,0.0254,0.0315,0.0362,0.0295,0.0252445499,0.0021166667,-0.0037174721,0.0037,0.0063,0.0004747032,0.0002437992,-0.000309,-0.001685,-0.52
0.43,2.51,3.02,3.55,2.64,2.59,1.46,2.26,2.25,1.29,46.97,1.8,3.6,0.5515645927,0.0249,0.0326,0.0376,0.0299,0.0256715221,0.002075,0.0074074074,0.0027,-0.0018,0.0010370449,0.0009399364,0.03891,0.037762,-0.1
1.41,3.08,5.88,5.37,3.8,3.68,1.71,4.34,4.83,2.75,49.39,1.8133,3.5533,0.5249029567,0.0231,0.0328,0.038,0.0313,0.0247536062,0.001925,0.0073529412,-0.0209,-0.0093,0.0004955763,0.0010155226,0.051427,0.050619,-3.43
1.38,0.53,0.78,0.97,0.22,-4.07,1.17,0.66,1.04,0.06,45.58,1.8067,3.4433,0.5664270084,0.029,0.0359,0.0417,0.0329,0.0294573217,0.0024166667,0.003649635,-0.0054,-0.0105,0.0016420105,0.0012720931,0.006619,0.005298,-0.51
0.69,-0.83,0.59,9.16,-0.44,-1.1,-0.73,-0.92,0.2,-0.62,45.08,1.7733,3.4267,0.5748974153,0.0299,0.0369,0.0424,0.0333,0.0270884577,0.0024916667,0,-0.0057,-0.0126,0.001731517,0.0015415947,-0.001921,-0.011161,-2.66
2.07,2.86,1.98,5.44,4.85,4.12,1.74,4.6,2.26,2.87,45.74,1.73,3.4067,0.5760983898,0.0307,0.0367,0.0444,0.0345,0.0274205931,0.0025583333,0.0035971223,-0.0222,-0.0066,0.0003024601,0.0021421117,0.046538,0.045215,-1.6
-3.22,-4.36,-6.19,-6.4,-7.43,-4.22,-2.36,-2.37,-2.33,-5.7,45.22,1.75,3.4533,0.5880045422,0.0337,0.041,0.0482,0.0367,0.0358539895,0.0028083333,0,2e-04,-9e-04,0.0021472482,0.0013495821,-0.048998,-0.054178,-0.31
-5.13,-7.71,-6.99,-8.8,-8.59,-7.38,-5.53,-1.6,-1.06,-8.8,41.06,1.77,3.4367,0.6457464176,0.0358,0.041,0.0499,0.0369,0.0384097165,0.0029833333,0,-0.005,0.0023,0.0049360114,0.001123013,-0.038834,-0.040549,-3.22
2.27,-1.04,2.05,4.66,5.96,-0.11,1.49,7.41,4.27,-0.63,41.72,1.78,3.4033,0.6330717763,0.0331,0.0408,0.0509,0.034,0.0409898136,0.0027583333,0.0035335689,0.0533,0.0311,0.0034900785,0.0008040855,0.023703,0.016483,-3.04
-2.1,-7.83,-6.9,-9.77,-7.07,-3.71,-3.1,-0.6,2.96,-5.48,39.99,1.79,3.37,0.6536757786,0.0304,0.0381,0.0503,0.0323,0.034873147,0.0025333333,0,0.0307,0.0685,0.0012514024,0.0006679271,-0.037422,-0.041021,-5.13
0.71,-3.42,-2.19,-5.17,-2.26,-2.92,1.08,4.28,1.34,-1.07,40.84,1.7767,3.2167,0.6473904346,0.0153,0.0359,0.0466,0.0325,0.0277510802,0.001275,0,0.01,-8e-04,0.0007362477,0.0006303059,-0.014109,-0.020288,-2.1
4.41,2.61,2.85,5.17,1.83,4.26,3.98,3.79,4.07,0.85,60.51,1.7967,3.41,0.4608226648,0.032,0.0447,0.0508,0.0417,0.0271413721,0.0026666667,0.0034364261,0.006,0.0089,0.000487796,0.0015859289,0.034504,0.033514,-0.07
1.32,5.17,1.57,2.28,7.19,5.74,1.25,5.48,1.3,1.22,57.52,1.8167,3.4167,0.4809774204,0.0405,0.0457,0.0528,0.0421,0.0310201805,0.003375,0.0034129693,0.015,0.0165,0.0006181833,0.0013316314,0.012574,0.011436,-0.56
-0.17,1.92,2.54,-0.3,5.81,0.13,2.28,4.8,0.64,-0.48,58.28,1.8233,3.4033,0.4717982949,0.0415,0.0456,0.0526,0.0432,0.0297223804,0.0034583333,0,-0.0119,0.0135,0.0004996927,0.0015158997,0.018486,0.013114,-2.06
-2.42,-4.65,-4.79,-4.73,-8.19,-4.72,-3.27,-4.71,-1.63,-2.6,55.61,1.8667,3.39,0.499502104,0.0435,0.0461,0.0534,0.0441,0.0221161675,0.003625,-0.0034013605,0.0112,0.0107,0.0009194175,0.0008885522,-0.069933,-0.070835,-0.17
-2.88,-5.94,-3.43,-1.32,-2.49,-1.29,-1.52,0.15,1.94,-2.7,55.34,1.94,3.39,0.549798083,0.0331,0.0449,0.0525,0.0411,0.02559341,0.0027583333,0,0.0282,0.0191,0.0009691465,0.0003609823,-0.012566,-0.015238,-2.42
2.12,-0.23,2.15,-2.67,12.01,5.79,1.58,11.25,1.74,0.06,55.83,1.9467,3.3033,0.5419664269,0.0329,0.0446,0.0528,0.0417,0.0244143755,0.0027416667,0,0.0152,-0.0021,0.0004235585,-3.57588e-05,0.033513,0.028312,-2.88
4.52,0.21,0.76,2.64,1.67,-0.24,2.99,3.33,4.61,1.93,56.92,1.95,3.26,0.5291748619,0.0246,0.0445,0.0526,0.0407,0.0242699263,0.00205,0.0033898305,0.0173,0.0141,0.0004989479,-4.2243e-06,0.021802,0.019133,-0.68
-4.97,-5.34,-7.18,-1.52,-10.65,-6.61,-4.75,-8.55,-4,-5.73,53.52,1.95,3.27,0.5843417106,0.0248,0.0425,0.0501,0.0387,0.028312467,0.0020666667,0,0.0075,-0.0063,0.0017716222,-0.0011943574,-0.058713,-0.06092,-0.7
5.83,0.6,4.02,5.97,6.68,3.73,5.92,4.21,3.62,5.35,55.54,1.95,3.27,0.5676300191,0.0237,0.0431,0.0508,0.0399,0.026034213,0.001975,0,-0.0066,-0.007,0.000668674,-0.0009552783,0.046081,0.039977,-4.97
3.61,1.65,4.26,5.56,3.33,5.74,2.27,6.04,5.54,2.64,58.11,1.95,3.27,0.5504229651,0.0225,0.0435,0.051,0.038,0.0227613608,0.001875,0,0.0279,0.0104,0.0004503055,-0.0013625136,0.048839,0.046597,-0.51
-2.95,-5.37,-4.99,-2.76,-5.47,-7.45,-2.34,-3.27,-2.6,-4.47,64.64,1.94,3.03,0.5408211006,0.0233,0.0433,0.0503,0.0404,0.0224821258,0.0019416667,0,-0.0075,-0.008,0.0005489074,-0.0011481273,-0.026673,-0.028725,-0.41
3.17,0.98,1.1,0.35,-0.7,1.93,3.49,4.24,4.04,3.33,68.07,1.9533,3.0433,0.5137928161,0.0239,0.0445,0.0511,0.041,0.0254259102,0.0019916667,-0.0033333333,-0.0038,-0.0018,0.0004062151,-0.0019986084,0.02473,0.019511,-2.95
6.34,5.97,3.27,6.09,6.88,-0.31,6.71,3.06,3.74,4.7,71.32,2,3.1433,0.5126108647,0.0248,0.0439,0.0511,0.0404,0.0255706129,0.0020666667,0,-0.002,0.0028,0.0003603902,-0.0020734466,0.045226,0.039324,-1.57
1.29,2.47,1.5,5.02,-0.09,3.35,-0.06,2.1,2.08,1.64,69.96,2.0333,3.31,0.522420733,0.0273,0.0442,0.0507,0.0414,0.0287833809,0.002275,0.0033333333,0.0103,0.0052,0.0002650967,-0.0022097278,0.020592,0.016147,-1.21
-0.71,1.03,-0.85,-2.26,-1.32,-3.25,-0.82,0.33,2.44,-1.66,69.55,2.04,3.37,0.5457245916,0.0272,0.0439,0.0504,0.0398,0.0240753041,0.0022666667,0,0.0253,0.0151,0.0002794921,-0.0028841357,-0.003842,-0.005137,-2.26
-9.59,-9.23,-9.23,-8.15,-13.32,-9.41,-9.27,-12.47,-10.31,-9.51,59.63,2.0533,3.4367,0.6289943915,0.0269,0.0428,0.05,0.0393,0.0277223552,0.0022416667,0,0.0046,0,0.0109148391,-0.0029059114,-0.079847,-0.085499,-0.71
-7.73,-8.36,-9.02,-5.47,-11.39,-8.8,-9.03,-11.78,-5.02,-8.74,54.75,2.06,3.47,0.6873574686,0.0273,0.0428,0.0502,0.0401,0.0264554418,0.002275,0,-0.0076,-0.0026,0.0061611302,-0.0027952766,-0.080669,-0.082222,-7.21
6.04,8.03,5.61,5.2,9.84,6.76,5.55,5.77,6.82,7.2,58.23,2.0667,3.49,0.6452260298,0.0292,0.0434,0.0505,0.0412,0.0304859039,0.0024333333,0.0033112583,-0.0109,-0.0015,0.0018434903,-0.0025626272,0.065203,0.063969,-9.59
2.59,5.33,2.26,2.72,4.41,5.92,1.51,-3.78,3.14,4.43,59.12,2.0733,3.51,0.6333103516,0.0282,0.0435,0.0506,0.0401,0.0293292013,0.00235,0,0.0187,0.0143,0.0008019468,-0.0027495972,0.021669,0.015803,-7.73
11.37,13.34,14.74,12.94,17.26,13.92,11.25,19.63,7.41,17.33,62.26,2.1133,3.6233,0.5941783459,0.0283,0.0425,0.0496,0.0396,0.0248103304,0.0023583333,0,0.0021,0.0062,0.00127482,-0.002819534,0.108268,0.100528,-6.2
0.53,-0.18,-2.33,1.15,-2.93,-0.78,-2.48,-0.25,3.37,-0.66,63.1,2.13,3.67,0.5916270511,0.0287,0.0424,0.0492,0.0395,0.0199678967,0.0023916667,0,0.0035,0.0023,0.0005438855,-0.0027965748,0.015534,0.01404,-2.74
3.03,4.46,3.63,5.06,3.62,5.63,4.43,7.47,2.39,4.46,69.8,2.1667,3.7533,0.5587292741,0.029,0.0421,0.0487,0.0405,0.0151992706,0.0024166667,0,-0.0012,-0.0051,0.000322164,-0.0026662205,0.04907,0.048177,-1.66
3.56,4.18,4.13,7.32,2.91,7.57,3.49,7.28,3.93,4.36,72.5,2.2067,3.92,0.5498272363,0.0332,0.0429,0.0483,0.0408,0.0095196222,0.0027666667,0,0.0021,0.0035,0.0003269156,-0.0019554685,0.053466,0.048496,-1.35
-0.75,-2.69,-1.22,0.46,0.37,-2.94,-1.05,-1.33,-1.87,-1.5,71.7,2.21,3.96,0.5472236248,0.0338,0.0431,0.0484,0.041,0.010313262,0.0028166667,0,4e-04,-0.0023,0.0003298881,-0.0015243919,-0.010402,-0.011579,-0.78
-2.01,-2.11,-0.98,0.87,-3,0.14,-3.21,-1.55,-0.97,-1.97,73.23,2.2567,4,0.5342962213,0.0352,0.0433,0.0484,0.0414,0.0060125452,0.0029333333,0,0.0051,0.0015,0.0031101601,-0.0017575761,-0.004487,-0.011085,-0.75
3.27,4.35,3.95,4.59,2.3,2.46,2.69,3.66,1.36,2.91,77.04,2.2967,4.0733,0.5106068709,0.0352,0.0439,0.0483,0.0421,0.0142935238,0.0029333333,0,-0.0014,0.0087,0.0001833388,-0.0017279613,0.027391,0.026373,-2.01
1.9,2.07,2.77,1.19,0.92,3.11,2.25,0.97,1.01,5.14,77.8,2.3133,4.1267,0.5011622966,0.0353,0.0436,0.0483,0.0424,0.0174078735,0.0029416667,0,-0.0011,0.0054,7.17008e-05,-0.0014884159,0.017015,0.012171,-0.31
1.68,2.39,1.85,1.95,0.83,3.15,2.56,2.29,0.81,2.58,84.86,2.46,4.4967,0.4878132588,0.0357,0.0442,0.0481,0.0421,0.0201157102,0.002975,0,0.0043,0.005,0.0001870506,-0.0022257355,0.008745,0.007566,-0.2
4.22,2.76,3.77,1.08,2.98,6.33,3.15,2.05,1.33,3.9,87.43,2.5333,4.6367,0.4713994776,0.0393,0.0441,0.0478,0.0424,0.0148223569,0.003275,0,0.0014,9e-04,0.0003931973,-0.0022017761,0.003746,-0.000853,-0.99
3.62,4.12,4.06,1.58,9.11,6.13,3.53,6.66,1.76,4.35,87.17,2.6433,4.9333,0.4673608778,0.0384,0.0449,0.0488,0.0428,0.0156003306,0.0032,0,-0.0013,-6e-04,0.0001075324,-0.0017357486,0.02756,0.022473,-7.5
-7.8,-11.52,-9.23,-6.59,-14.21,-5.98,-7.47,-7.02,-2.69,-9.26,86.13,2.8133,5.42,0.5127422037,0.0464,0.0498,0.0548,0.0473,0.0159449125,0.0038666667,0,-0.0059,-0.0026,0.0019354915,-0.0004207456,-0.04914,-0.054645,-2.33
-1.61,-1.98,-1.62,-0.82,-2.22,-1.87,-1.96,-1.44,-0.19,-1.77,83.6,2.85,5.4767,0.5349430008,0.048,0.0516,0.0568,0.0482,0.0186405696,0.004,0.0030864198,-0.0037,-0.0098,0.001013784,-0.0010224731,-0.012129,-0.013039,-7.8
-10.64,-10.37,-9.85,-10,-8.68,-9.91,-9.31,-9.49,-7.76,-11.85,77.1,2.87,5.4933,0.5749546556,0.0496,0.0531,0.0583,0.0499,0.0214695363,0.0041333333,0.0061538462,-0.0206,-0.0259,0.0031652555,-0.001167014,-0.07165,-0.077487,-0.93
-1.8,-3.5,-2.4,0.59,-3.99,-1.92,-1.43,-1.84,3.49,-2.27,76.56,2.89,5.51,0.5854924957,0.0537,0.0549,0.0609,0.048,0.0169838677,0.004475,0,0.0332,0.0078,0.0016003282,-0.0017065219,-0.006244,-0.007692,-1.61
-1.18,-4.23,-0.72,0.8,-9.07,5.34,-3.18,2.16,8.67,-2.52,80.2,2.8833,5.5233,0.5616613181,0.0535,0.0541,0.061,0.0467,0.0151835747,0.0044583333,0.006116208,0.0228,0.0261,0.0025467723,-0.0013716259,0.048333,0.047244,-10.64
1.12,1.18,3.39,5.74,12.83,8.07,1.77,7.52,-1.86,7.27,80.45,2.8767,5.5367,0.5726449298,0.0532,0.0535,0.0613,0.048,0.0175491557,0.0044333333,0,-0.0148,-0.002,0.0007744024,-0.0011406594,0.011223,0.003741,-1.8
-1.08,0.5,2.78,1.64,4.39,7.12,0.73,1.94,1.79,0.67,80.33,2.87,5.55,0.5769451056,0.0496,0.0539,0.0618,0.0455,0.0172079259,0.0041333333,0,0.0413,0.0201,0.0006269595,-4.98789e-05,0.000326,-0.001089,-1.18
4.98,5.35,4.17,3.08,5.24,5.88,6.43,2.86,-1.16,4.6,86.78,2.89,5.4833,0.5400478931,0.0456,0.0503,0.0582,0.0465,0.017701209,0.0038,0,-0.0221,-0.0201,0.0004124002,0.0005552564,0.007514,0.00242,-1.08
8.85,10.66,7.98,11.38,5.38,2.13,8.26,5.17,2.69,11.48,94.75,2.9067,5.32,0.5262983279,0.0421,0.0558,0.0626,0.0505,0.0066875347,0.0035083333,0.003003003,0.0068,0.0041,0.0002184416,0.0016540993,0.046454,0.045623,-0.56
6.92,9.43,9,7.84,10.8,2.22,8.22,1.75,2.7,9.19,96.47,2.92,5.33,0.5257924451,0.0497,0.0619,0.0693,0.0556,0.0143610729,0.0041416667,0.0029585799,0.0192,0.0127,0.000270886,0.0029522247,0.027079,0.025857,-1.07
3.45,1.61,0.65,2.33,-3.99,0.38,6.21,-5.26,2.29,6.09,92.24,2.93,5.3667,0.5563023835,0.05,0.0617,0.0684,0.0536,0.0128541544,0.0041666667,0.005899705,0.0328,0.0361,0.0004833462,0.0025043814,-0.041875,-0.043523,-0.02
16.14,16.69,14.26,12.44,17.47,12.01,15.66,11,2.96,14.48,97.59,2.9633,5.4833,0.5223520642,0.0538,0.0621,0.0697,0.0547,0.00814016,0.0044833333,0.0029154519,0.0227,0.0048,0.001607559,0.0036993101,0.084092,0.082642,-4.48
6.85,9.98,6.18,7.27,6.25,8.21,8.04,1.59,0.46,9.67,102.67,3.03,5.66,0.5091954391,0.0519,0.0597,0.0679,0.0531,0.0182870281,0.004325,0.0028571429,-0.0102,-0.0053,0.0002682311,0.0024118186,0.039351,0.03821,-2.2
0.29,3.67,2.39,6.69,0.91,0.59,2.39,3.64,-1.62,2.02,101.51,3.1,5.82,0.557040236,0.0602,0.0685,0.0751,0.062,0.0395080918,0.0050166667,0.0083798883,0.001,-0.02,0.0005416167,0.0022973853,0.034847,0.033599,-0.62
-0.6,1.15,-1.06,0.29,1,3.34,1.01,3.92,0.97,2.09,103.69,3.11,5.8267,0.5484224042,0.0611,0.0689,0.0754,0.0593,0.0442910344,0.0050916667,0.0055401662,0.0427,0.0335,0.0005504281,0.0018842739,0.022771,0.021449,-8.88
-10.86,-11.43,-11.5,-11.21,-12.85,-8.83,-11.8,-8.09,-5.82,-12.91,97.71,3.13,5.84,0.5967773337,0.0644,0.0698,0.077,0.0623,0.0451528579,0.0053666667,0.0054945055,0.0214,0.0035,0.0007522404,0.0011927635,-0.054357,-0.055686,-0.6
3.84,4.89,4.44,6.62,6.6,3.89,7.24,10.44,-1.06,7.14,95.51,3.1433,5.8733,0.6227889856,0.0698,0.0697,0.0786,0.063,0.0469148529,0.0058166667,0.0054347826,-0.0069,-0.002,0.0009182211,0.0014767373,0.045728,0.04018,-10.86
-2.78,-3.2,-2.35,-8.8,-2.35,-1.95,-1.24,1.84,-3.72,-1.36,93.12,3.15,5.89,0.6408884625,0.0709,0.0714,0.0805,0.0677,0.0483913402,0.0059083333,0.0027027027,-0.0531,-0.0244,0.0008915554,0.0021746674,-0.023941,-0.025285,-9.69
-5.6,-7.24,-5.7,-5.23,-5.25,-1.48,-5.07,-1.41,-4.3,-6.95,93.81,3.1567,5.8167,0.6415117567,0.0724,0.0735,0.0825,0.0676,0.0479041363,0.0060333333,0.0053619303,-0.0243,-0.0471,0.0005091254,0.0015408249,-0.029152,-0.034433,-2.78
-2.68,-4.52,-3.15,-3.53,-5.55,-7.74,-4.48,-4.11,-2.95,-5.08,85.02,3.1633,5.73,0.7003467462,0.0787,0.0791,0.0886,0.0693,0.034473208,0.0065583333,0.0026525199,-0.0021,0.0141,0.0010670899,0.0009076075,-0.075398,-0.076809,-5.6
3.55,-0.61,3.76,5.23,3.32,7.22,2.47,4.13,6.83,6.89,89.5,3.1667,5.68,0.670147507,0.0713,0.0793,0.0878,0.0651,0.035855217,0.0059416667,0.0052910053,0.0587,0.0401,0.0010587136,0.0003789185,0.059521,0.053615,-6.82
-1.5,-0.96,-1.64,-4.67,-6.6,-3.94,-3.47,-4.91,3.22,-2.59,89.63,3.17,5.63,0.6903267691,0.0663,0.0784,0.0863,0.0661,0.0358415812,0.005525,0.0052631579,-0.0068,-0.0045,0.0009635634,-0.0004314362,0.002806,0.001232,-2.68
-9.07,-9.36,-9.32,-3.16,-10.57,-8.32,-10.88,-10.36,-5.46,-9.37,76.55,3.1767,5.5567,0.7742276283,0.0684,0.0811,0.0898,0.0743,0.0386610283,0.0057,0.0025974026,-0.0468,-0.0163,0.0081518713,-0.000237626,-0.054689,-0.061112,-1.5
-6.71,-9.23,-7.92,-5.97,-11.3,-4.27,-6.61,-5.75,-3.98,-8.22,72.72,3.18,5.52,0.7933814171,0.0668,0.0848,0.0925,0.0709,0.0422991826,0.0055666667,0.0051813472,0.0486,1e-04,0.0026519086,-0.0002522946,-0.049032,-0.050902,-13.52
5.76,8.37,4.8,16.29,-0.32,8.7,6.73,4.16,7.18,6.04,78.05,3.1833,5.4667,0.7387075682,0.0645,0.0844,0.094,0.0687,0.0430816344,0.005375,0.0051546392,0.0319,0.0556,0.0021264992,0.0003278095,0.075523,0.073219,-9.07
5.03,8.67,5.96,8.64,8.13,4.5,4.85,4.87,3.98,7.25,81.52,3.1867,5.4133,0.7092782966,0.0641,0.0813,0.0944,0.0694,0.0387367292,0.0053416667,0,-0.0019,0.01,0.0018871239,0.0015175963,0.049778,0.043782,-6.71
12.11,9,8.76,2.21,4.74,6.67,10.93,9.09,6.75,6.88,92.15,3.14,5.13,0.6464263577,0.0487,0.0764,0.0912,0.0648,0.0314681737,0.0040583333,0.0050505051,-0.0084,0.0372,0.0005351914,0.0015125012,0.058684,0.057358,-3.61
-5.56,-7.53,-5.55,-2.8,-9.61,-4.11,-5.52,-6.1,-0.93,-5.81,95.58,3.0967,5.3567,0.6677306245,0.054,0.0764,0.0876,0.0643,0.0257963205,0.0045,0.0024630542,0.003,-0.0025,0.0005184355,0.0015360273,-0.040827,-0.041901,-4.79
3.32,8.18,5.37,0.63,5.48,1.93,2.59,4.7,-1.17,5.14,99.03,3.0933,5.3933,0.6382575968,0.0494,0.0759,0.0876,0.061,0.0267819627,0.0041166667,0.0024570025,0.0471,0.0554,0.002451185,0.0014284515,0.042036,0.036549,-3.14
0.91,0.91,-1.48,-1.61,-3.33,0.84,0.33,1.45,-1.52,-0.05,98.34,3.09,5.43,0.6460848296,0.0469,0.0744,0.0859,0.0598,0.0279344169,0.0039083333,0,0.0204,-0.0102,0.0005242639,0.0011670679,-0.005038,-0.006387,-5.56
12.12,12.95,11.5,11.63,15.79,13.86,13.08,12.11,7.22,11.27,102.09,3.07,5.7,0.6439002471,0.0401,0.0725,0.0838,0.0597,0.0340233587,0.0033416667,0.0048899756,0.0044,0.0223,0.0011830263,0.0022538795,0.08788,0.086486,-5.72
9.35,14.43,10.85,7.99,19.26,6.94,8.97,6.67,1.01,11.6,103.94,3.07,5.7367,0.6353569726,0.0338,0.0719,0.0823,0.0606,0.0330751166,0.0028166667,0,-0.0063,-0.0033,0.0004942198,0.0023504572,0.019088,0.017814,-3.92
-2.41,-1.55,-1.93,-0.89,-1.83,1.55,-3,0.27,-0.52,-2.43,109.53,3.07,5.9167,0.6324423349,0.0369,0.073,0.0823,0.0597,0.0306570665,0.003075,0.0024096386,0.027,0.0163,0.0007690288,0.0018280014,0.022019,0.016763,-1.03
-3.15,-2.82,-2.71,-2.79,-3.24,-4,-6.58,-1.18,-1.36,-3.9,107.14,3.07,5.97,0.6540154785,0.0391,0.0723,0.082,0.0607,0.0341993895,0.0032583333,0.0024038462,-0.0065,-0.0068,0.0003653581,0.0015414101,-0.020156,-0.021378,-0.71
-3.46,-3.64,-1.86,-2.19,-2.95,0.05,-6.53,-1.96,0.36,-4.16,107.39,3.0733,6.0267,0.6570495491,0.0398,0.0721,0.0823,0.0593,0.0333250925,0.0033166667,0.0047961631,0.0216,0.003,0.0005954786,0.0013485364,0.003245,0.002126,-2.41
-0.97,-0.36,1.57,9.33,0.31,3.52,-0.87,3.8,4.6,0.8,111.09,3.0767,6.0833,0.6304670395,0.0402,0.0719,0.0819,0.0595,0.0318487846,0.00335,0.0023866348,0.0029,0.0072,0.0005949971,0.0010688822,0.039425,0.034649,-3.15
-3.64,-4.21,-2.82,-2.96,-4.08,-2.6,-3.88,-3.67,0.2,-3.38,110.55,3.08,6.14,0.6373850011,0.0466,0.0722,0.0809,0.0606,0.0328697745,0.0038833333,0.0023809524,-0.0083,0.0031,0.0004657133,0.0008839673,-0.003277,-0.004516,-3.46
-0.66,-1.79,-2.36,0.89,-2.34,0.53,-2.94,-4.44,5.82,-2.1,111.58,3.1033,6.2333,0.6358841259,0.0474,0.0721,0.0806,0.0591,0.0323534438,0.00395,0.0047505938,0.0234,0.0101,0.0008582673,0.0009085387,0.010878,0.009503,-0.97
5.89,4.01,5.29,7.6,2.58,5.35,7.27,-0.4,6.68,4.38,116.67,3.1267,6.3267,0.5967334833,0.0478,0.0712,0.0799,0.0577,0.0309522498,0.0039833333,0.0023640662,0.0226,0.0249,0.00048846,0.0004837741,0.050297,0.045173,-3.64
-3.01,-1.54,-1.73,0.79,-2.38,-4.37,-2.92,-0.09,-0.87,-2.98,118.05,3.15,6.42,0.5956745946,0.0507,0.0708,0.0793,0.0599,0.0342034837,0.004225,0.0023584906,-0.0229,-4e-04,0.0005171782,0.0003114465,0.013663,0.012622,-0.66
-7.19,-9.09,-6.65,-9.99,-9.18,-9.38,-9.59,-7.34,-1.85,-7.13,111.68,3.1633,6.6733,0.6361837352,0.056,0.0722,0.0797,0.0688,0.036299867,0.0046666667,0.0070422535,0.0014,0.0023,0.0012645717,-0.0002073298,-0.033818,-0.038229,-3.01
-3.47,-3.36,-1.65,-1.3,-3.67,-2.37,-5.79,-3.02,-1.4,-2.1,111.52,3.17,6.8,0.6760181281,0.0609,0.0729,0.0803,0.0686,0.0367061493,0.005075,0.0093240093,0.0082,0.0045,0.0015575427,-0.000695859,-0.001093,-0.002089,-4.64
-8.3,-8.62,-5.9,-4.57,-8.69,-6.86,-9.29,-10,-0.66,-8.55,106.97,3.1867,6.9433,0.6977198485,0.0626,0.0726,0.0809,0.0687,0.0378332368,0.0052166667,0.0069284065,0.0046,0.0061,0.0015175409,0.0001653627,-0.040064,-0.041236,-7.19
-8.6,-10.27,-7.69,-9.09,-10.37,-5.62,-9.99,-8.81,-0.69,-8.85,104.95,3.2033,7.0867,0.7132159617,0.0636,0.0729,0.0806,0.0703,0.0396022163,0.0053,0.0068807339,-0.0105,-0.0039,0.0030774624,-7.33602e-05,-0.01395,-0.019002,-3.47
-5.14,-4.37,-2.77,-1.57,-2.92,-1.53,-4.85,-4.27,-1.79,-2.85,104.26,3.22,7.23,0.7209743078,0.0719,0.0737,0.0813,0.071,0.0390133985,0.0059916667,0.006833713,-0.0021,-0.0056,0.0021645977,0.0007439782,-0.005178,-0.006522,-8.3
10.91,14.3,11.64,8.52,17.12,7.01,12.09,14.64,-1.24,9.84,108.22,3.2367,7.3833,0.6939766839,0.0801,0.0745,0.0824,0.076,0.0373500626,0.006675,0.0022624434,-0.0433,-0.0476,0.0018680183,0.00023903,0.039128,0.037679,-8.6
-5.27,-7.23,-3.46,-3.55,-6.04,-6.24,-4.86,-6.19,-1.99,-4.35,104.25,3.2533,7.5367,0.7243372354,0.0867,0.0768,0.0853,0.0728,0.0373887675,0.007225,0.0180586907,0.0391,0.0356,0.0010958564,0.0002520752,-0.031544,-0.036505,-5.14
-1.46,-3.83,0.6,14.26,1.78,-5.02,-1.44,0.75,-2.3,-1.3,108.29,3.3067,7.8467,0.6720817914,0.0722,0.076,0.0841,0.0689,0.0346603301,0.0060166667,0.0088495575,0.0215,-0.0066,0.0013447165,-0.0008873582,0.000312,-0.00156,-5.27
-5.88,-6.18,-3.96,6.37,-4.82,-3.81,-5.94,-5.26,2.11,-4.11,97.55,3.38,8.16,0.7555884634,0.0745,0.0768,0.0848,0.0726,0.0130073951,0.0062083333,0.0065359477,-0.0082,-0.0089,0.005358381,-0.0006401994,0.017971,0.016534,-1.46
15.13,15.9,14.95,4.24,14.89,14.19,14.21,9.53,5.85,12.64,96.57,3.4,8.2267,0.751446438,0.0777,0.0783,0.0848,0.074,0.0116267491,0.006475,0.0086580087,-0.0083,-0.0053,0.0034095123,-0.000936753,-0.00812,-0.009749,-18.24
1.91,1.54,1.29,-2.1,-1.1,-1.91,0.7,-0.81,1.07,0.8,96.22,3.42,8.2933,0.7470977188,0.0712,0.0785,0.0853,0.0748,0.0109186477,0.0059333333,0.0128755365,-0.0024,9e-04,0.001878014,-0.0009573139,0.001992,-0.003695,-5.88
-2.06,-3.96,-1.16,-0.6,-4.45,-3.16,-3.5,-3.09,-4.21,-3.83,86,3.5,8.74,0.8601587717,0.079,0.0847,0.0927,0.0812,0.0080278099,0.0065833333,0.0082304527,0.0045,-0.0285,0.0023003407,-0.0016917665,-0.012816,-0.014583,-4.79
-5.15,-7.17,-4.03,-4.33,-7.96,-6.2,-5.07,-7.36,-0.12,-5.81,79.31,3.53,8.8633,0.9112393224,0.0755,0.0872,0.0948,0.0823,0.0068395041,0.0062916667,0.0081632653,-0.0029,-0.0211,0.0049175339,-0.0019992526,-0.076698,-0.0785,-6.12
-7.91,-6.32,-6.98,-8.39,-8.74,-6.82,-8.36,-7.9,-6.82,-8.98,72.15,3.56,8.9867,1.0171239942,0.0896,0.09,0.0977,0.0855,0.0065559147,0.0074666667,0.012145749,-0.0232,-0.0268,0.0047910494,-0.00230981,-0.082177,-0.089737,-2.06
-7.65,-9.16,-8.38,-5.25,-11.37,-8.06,-9.07,-11.78,-2.29,-7.04,63.54,3.59,9.11,1.1354401435,0.0806,0.0924,0.1018,0.0837,0.0051382625,0.0067166667,0.012,0.0247,0.0174,0.0078117151,-0.0017001444,-0.117511,-0.119578,-5.15
6.14,7.45,9.5,24.96,6.33,8.16,7.53,19.96,9.86,8.44,73.9,3.5933,9.0367,1.0370837841,0.0746,0.0927,0.1048,0.0795,0.0036391582,0.0062166667,0.0098814229,0.0489,0.0885,0.0100849538,-0.0018954501,0.168113,0.164814,-7.91
-6.01,-7.26,-4.87,0.2,-6.38,-0.05,-5.81,-1.61,-0.47,-5.1,69.97,3.5967,8.9633,1.115637022,0.0747,0.0889,0.106,0.0771,0.0078154226,0.006225,0.0078277886,0.0295,0.0117,0.0035138385,-0.0018215318,-0.045688,-0.053816,-7.65
28.75,34.98,27.39,16.67,34.75,34.01,32.18,27.65,22.76,29.02,76.98,3.6233,8.7433,0.9808296267,0.0626,0.0883,0.1081,0.0796,0.0085111686,0.0052166667,0.0038535645,0.0225,0.0596,0.0040172132,-0.0012299241,0.12361,0.121698,-6.01
4.69,3.39,5.47,5.34,8.21,9.37,5.62,11.84,0.96,5.86,81.59,3.6467,8.5967,0.9339016305,0.055,0.0862,0.1065,0.0788,0.0116529422,0.0045833333,0.0076775432,0.0131,0.0137,0.00217907,-0.0007081241,0.06746,0.059497,-7.51
4.26,4.52,0.79,-0.61,0.13,3.59,3.51,1.88,5.05,0.61,89.04,3.7,7.8267,0.8934979188,0.0596,0.0886,0.1062,0.0819,0.0258966511,0.0049666667,0.0054945055,0.0475,0.0553,0.0021546397,-0.0015430243,0.064855,0.062135,-4.4
4.06,3.41,1.91,-1.58,1.39,3.53,4.15,2.66,3.21,0.77,91.24,3.69,7.8933,0.8679284743,0.0548,0.0878,0.1056,0.0838,0.0246206801,0.0045666667,0.0072859745,-0.0109,-0.0088,0.0008127011,-0.0016529119,0.030089,0.023996,-1.66
13.7,15.26,11.83,3.4,14.71,8.02,14.07,7.48,-0.85,10.81,99.71,3.6867,8.4267,0.7680365203,0.0488,0.0855,0.1024,0.0802,0.0222313689,0.0040666667,0.0035971223,0.0062,0.0061,0.0012214251,-0.0001707836,-0.005756,-0.01162,-0.71
1.2,2.63,3.97,3.49,5.86,5.4,0.56,2.57,3.1,2.73,104.28,3.76,9.25,0.7814276312,0.0541,0.0862,0.0989,0.0807,0.0189231854,0.0045083333,0.0053097345,0.0208,0.015,0.0009716004,-0.0012775825,0.043959,0.042158,-0.85
-0.12,-0.12,0.48,0.62,-1.52,0.1,-1.35,0.8,2.95,0.75,103.44,3.79,9.35,0.7958238544,0.0523,0.0856,0.0982,0.0805,0.0188409486,0.0043583333,0.0052816901,0.0078,0.0149,0.0004871702,-0.0014411039,-0.007202,-0.008454,-4.16
-0.26,1.5,1.66,6.84,1.15,2.62,0.65,2.06,4.02,1.45,105.24,3.85,9.55,0.7913632737,0.0508,0.0838,0.094,0.0781,0.0237815187,0.0042333333,0.0034843206,0.0145,0.0167,0.0008906832,-0.0014566973,0.024421,0.02267,-0.12
-2.37,-2.93,-2.53,-0.29,-4.15,-0.49,-3.11,-1.1,-0.2,-1.43,102.9,3.9167,9.67,0.8120796327,0.0492,0.0832,0.0929,0.0779,0.02556797,0.0041,0.0052083333,0.0084,0.007,0.001270002,-0.0011566296,-0.020211,-0.021995,-2.77
2.21,3.74,1.97,3.77,2.86,4.73,2.75,1.06,2.98,2.63,102.1,3.9833,9.79,0.8272629379,0.0475,0.0825,0.0923,0.0749,0.0278942414,0.0039583333,0.0017271157,0.0339,0.0319,0.001117929,-0.0009224102,-0.001041,-0.008628,-0.26
8.81,10.51,9.3,11.35,12.96,7.34,9.77,9.24,7.04,10.32,107.46,4.05,9.91,0.779973125,0.0435,0.0798,0.0912,0.0721,0.028565706,0.003625,0.0034482759,0.0327,0.0347,0.0005762291,-0.0011227041,0.053775,0.05217,-2.37
1.49,0.46,2.34,3.42,1.53,-0.06,0.22,-1.12,1.67,2.37,98.44,4.2467,10.1933,0.8611500701,0.0454,0.0804,0.0907,0.0771,0.0311393585,0.0037833333,0.0084033613,0.0071,0.01,0.0009848685,-0.0016386999,0.000641,-0.000503,-0.03
1.19,0.56,-0.44,-0.8,0.83,3.74,1.33,0.86,1.78,2.28,98.85,4.4067,10.5167,0.8967833991,0.0519,0.0794,0.0887,0.0768,0.0331820207,0.004325,0.0049423394,-0.007,-5e-04,0.0005946918,-0.0016868214,-0.015453,-0.016589,-0.49
-1.36,-3.14,-2.78,-5.1,-2.57,-2.42,-1.81,-0.35,-2.26,-2.16,92.34,4.5567,10.77,0.9753772836,0.0616,0.0804,0.0889,0.0781,0.0327754954,0.0051333333,0.003257329,-0.0093,-0.0038,0.0007261662,-0.0012570464,-0.041984,-0.043869,-0.59
1.31,0.79,1.63,3.74,3.08,6.14,2,3.92,0.11,2.37,95.1,4.67,10.89,0.9603330245,0.0607,0.0819,0.0899,0.0803,0.0304755411,0.0050583333,0.0032310178,-0.0168,-0.0105,0.0006266257,-0.0018338899,0.00557,0.003637,-1.36
6.65,6.72,6.68,2.6,9.66,8.36,7.32,8.91,1.64,6.85,89.21,4.8,10.92,1.1114925531,0.0629,0.0847,0.0922,0.0831,0.0275697476,0.0052416667,0.0079491256,-0.0021,0.0042,0.0006228548,-0.0013817078,0.026925,0.024356,-0.18
-0.2,-0.83,1.37,2.03,3.99,4.24,0.36,3.32,-0.68,1.71,96.11,5.07,12.33,1.0457012956,0.0908,0.0916,0.0994,0.0898,0.014874873,0.0075666667,0.0044510386,-0.013,-0.0133,0.0016656709,-0.0015481539,0.016627,0.014264,-18.21
-2.11,-2.95,-2.5,2.63,-3.61,-1.1,-3.09,-4.45,-0.81,-1.13,96.28,5.1567,12.9767,1.0407754507,0.0932,0.0926,0.1008,0.0908,0.0122924822,0.0077666667,0.0117130307,-0.0135,-0.0128,0.0008140593,-0.0013147274,-0.028649,-0.036958,-0.2
2.51,1.86,2.93,4.77,2.82,4.67,2.22,1.1,-0.81,3.18,101.76,5.2467,13.5267,1.0418762428,0.0946,0.0938,0.1033,0.0922,0.0116311825,0.0078833333,0.0114613181,-0.0112,-0.0052,0.000646829,-0.0015582344,0.004183,0.002218,-2.11
0.25,1.92,2.93,0.7,1.82,1.46,2.16,2.89,3.83,2.69,103.81,5.3967,14.1967,1.0523144538,0.0924,0.092,0.1029,0.0895,0.009737203,0.0077,0.0110650069,-0.0085,-0.0031,0.0007076845,-0.0009540757,0.012051,0.009737,-0.26
4.69,1.2,5.58,17.39,11.1,9.24,3.98,9.77,6.87,5.98,106.16,5.6033,14.7833,1.0831154618,0.1179,0.1076,0.1199,0.1009,0.0108146796,0.009825,0.0093085106,0.0311,0.0222,0.0015583743,-0.0008445089,0.052777,0.04357,-1.54
4.23,2.79,7.62,15.81,9.94,8.39,5.35,7.15,-0.75,6.23,107.94,5.65,14.86,1.061950068,0.1204,0.1074,0.1206,0.1012,0.0105492993,0.0100333333,0.0105401845,0.0057,-0.0108,0.000469655,-0.0003711309,0.01834,0.015892,-9.64
4.21,1.39,3.36,7.33,5.6,6.56,3.62,6.22,12.9,5.85,106.29,5.8467,15.1733,1.0518199398,0.132,0.1204,0.1419,0.1076,0.015346805,0.011,0.0112359551,0.1523,0.1376,0.0027455738,-0.000265001,0.042394,0.039877,-1.22
6.85,8.56,6.2,5.88,6.75,8.77,8.57,10.93,4.96,7.76,111.24,5.8933,15.0567,1.0100487748,0.0858,0.1099,0.1317,0.1037,0.0150518225,0.00715,0.0098765432,0.0419,0.056,0.0015097515,-0.0001539688,0.05556,0.046651,-14.33
1.48,2.81,1.23,-2.78,-2.45,1.42,1.34,-1.81,-0.27,1.37,131.27,6.24,14.66,0.8818157565,0.1479,0.1335,0.1537,0.1283,0.0300093719,0.012325,0.0103448276,-0.0435,-0.0269,0.0015308962,0.0007315691,0.021267,0.013492,-3.13
-5.79,-8.55,-9.03,-17.39,-10.07,-5.5,-6.07,-7.72,-4.2,-8.61,116.18,6.52,15.27,1.0923786442,0.147,0.1549,0.1692,0.1482,0.0214833694,0.01225,0.0097508126,-0.0145,-0.0199,0.0027612426,-0.0005421827,-0.050466,-0.0535,-1.44
5.87,6.88,5.65,8.82,10.61,8.81,5.85,9.42,4.73,6.99,121.89,6.5567,15.3,1.0890856841,0.1354,0.154,0.1711,0.1384,0.0148971076,0.0112833333,0.0021459227,0.0829,0.0521,0.0020782695,-0.0008184993,0.052115,0.048694,-5.84
2.36,1.97,1.88,-1.47,1.86,7.08,-0.08,1.41,7.15,2.4,126.35,6.5933,15.33,1.0444554433,0.1086,0.1422,0.1639,0.122,0.0156728254,0.00905,0.0032119914,0.141,0.1267,0.0015040109,-0.0010171618,0.043827,0.035918,-5.79
-1.88,-2.79,-4.09,-15.73,-5.91,-3.77,-2.42,-3.09,0.27,-4.17,113.11,6.69,14.9933,1.1262873155,0.1348,0.1527,0.1718,0.1402,0.0105061086,0.0112333333,0.0031813362,0.0182,0.0312,0.0019182649,-0.0020617645,-0.050441,-0.059588,-0.57
0.73,0.52,-2.22,-4.99,-1.29,0.15,1.61,-0.23,1.71,-1.25,111.96,6.72,14.81,1.1857505743,0.1268,0.1458,0.1682,0.1387,0.0055484327,0.0105666667,-0.0010570825,0.0231,0.0306,0.0017951984,-0.0018891454,-0.006805,-0.010463,-0.05
5.82,5.86,3.58,1.48,8.34,8.05,6.6,9.71,4.06,5.42,116.44,6.75,14.5967,1.1499834976,0.127,0.1446,0.1678,0.1348,0.0029236858,0.0105833333,0.0042328042,0.0373,0.0338,0.0012468066,-0.0019337418,0.04155,0.040063,-1.88
-0.02,0.77,-1.08,-10.79,-1.33,-0.86,1.36,0.47,-2.05,-1.38,107.09,6.8233,13.9667,1.2065298046,0.1135,0.1461,0.168,0.1352,-0.0115518915,0.0094583333,0.0051546392,0.0501,0.054,0.0009585806,-0.0020625268,-0.020199,-0.022058,-1.22
4.01,3.39,7.13,4.76,5.99,6.8,5.53,6.13,9.59,6.99,119.51,6.8367,13.7633,1.082424471,0.0868,0.1371,0.1632,0.1254,-0.0028576304,0.0072333333,0.0020512821,0.0781,0.0837,0.0064159493,-0.002222557,0.127402,0.116647,-0.5
6.83,1.59,1.96,-5.89,4.96,4.02,4.69,5.5,1.99,4.14,120.42,6.85,13.56,1.0885355649,0.0792,0.1294,0.1563,0.1183,0.0005507087,0.0066,0.0020470829,0.0618,0.0623,0.0021312598,-0.0018631355,0.010496,0.007717,-0.02
1.97,0.48,1.11,-3.35,-1.38,-1.35,1.4,-2.67,3.88,0.5,166.07,7,13.3,0.714847583,0.09,0.1237,0.1355,0.1157,0.023142101,0.0075,0.00499002,0.0505,0.0392,0.0010572741,-0.0018284324,0.014153,0.010885,-0.61
-3.75,-5.13,-5.16,-6.79,-10.98,-7.95,-4.93,-10.68,1.95,-4.69,163.55,7.03,13.5433,0.7194743715,0.0864,0.1225,0.1346,0.1188,0.0247073949,0.0072,0.002979146,-0.0132,-0.0025,0.0011153538,-0.0017022483,-0.013108,-0.014695,-2.51
-1.25,-1.36,-0.28,-3.86,-4.25,-1.32,-3.12,-5.86,-2.4,-1.55,164.93,7.09,14.03,0.7003591178,0.09,0.1257,0.1375,0.1197,0.0270204799,0.0075,0.0009881423,-0.0059,-0.0033,0.0005281068,-0.0016937271,-0.005749,-0.008699,-3.75
-4.63,-6.11,-6.43,-2.21,-9.46,-7.78,-5.99,-5.67,-1.92,-4.66,157.06,7.15,14.85,0.763448031,0.0909,0.1208,0.1359,0.1217,0.0266630916,0.007575,0.0049067713,-0.0178,-0.0172,0.0020194672,-0.0019284684,-0.034034,-0.039505,-1.25
-0.92,-1.92,-0.5,-2.21,-2.8,-1.56,-2.45,-1.04,-1.02,-2.75,160.05,7.2233,15.5733,0.7586589793,0.0969,0.1281,0.1431,0.1284,0.0226438618,0.008075,0.0048732943,-0.0105,-0.0073,0.00103554,-0.0019147215,0.006781,0.005229,-4.63
2.04,3.12,1.93,-3.74,2.67,3.11,3.44,2.57,0.96,0.93,153.18,7.31,16.2,0.7843518191,0.0987,0.1355,0.1505,0.1374,0.0012640164,0.008225,0.002901354,0.015,0.0199,0.0016757438,-0.0018792426,0.022937,0.018709,-0.92
-3.61,-5.11,-3.64,-10.14,-7.87,-3.35,-2.94,-5.18,-0.45,-3.84,150.66,7.3333,16.32,0.7963919375,0.1012,0.1344,0.1515,0.1293,-0.0019029452,0.0084333333,0.0038572806,0.0693,0.0586,0.0008656646,-0.0013404002,-0.013765,-0.015641,-3.03
0.82,-0.54,-0.25,-0.95,-3.28,-0.66,-0.13,-2.79,4.18,1.6,166.1,7.38,16.56,0.7360509153,0.1037,0.1266,0.1435,0.1235,-0.0094925469,0.0086416667,0.004784689,0.0342,0.0314,0.0009432085,-0.0014075399,-6.4e-05,-0.003292,-3.61
1.58,2.49,0.67,-1.33,0.04,5.75,-0.56,-0.01,2.12,1.07,167.24,7.53,16.64,0.7330983765,0.0806,0.1213,0.134,0.117,-0.0271967866,0.0067166667,0,0.0091,0.0128,0.0011900551,-0.0011276635,0.025556,0.021843,-0.66
8.47,13.83,12.54,4.41,17.95,15,12.02,17.55,4.37,12.07,179.63,7.5733,16.5567,0.6902554458,0.0776,0.1208,0.1326,0.1127,-0.0299050052,0.0064666667,0.0018993352,0.0364,0.0325,0.0016358537,-0.0015489468,0.076868,0.074737,-1.26
1.93,0.26,-0.62,-4.58,-0.42,2.63,0.78,2.06,3.74,2.23,191.85,7.74,15.61,0.6864301439,0.0695,0.1094,0.124,0.1055,-0.0266075139,0.0057916667,0.0027958993,0.0142,0.0083,0.0007415227,-0.0021959653,0.016065,0.012925,-1.38
5.77,5.32,5.31,3.19,5.52,5.22,6.14,5.54,4.38,5.83,202.17,7.88,14.8167,0.622703158,0.0724,0.1055,0.1199,0.1011,-0.027715873,0.0060333333,0.0027598896,0.0401,0.037,0.0009430719,-0.0018144765,0.071887,0.06663,-3.52
-6.26,-6.13,-4.41,-3.82,-7.78,-7.07,-7.22,-9.25,-7.12,-6.1,231.32,8.23,14.85,0.5346292671,0.0521,0.0889,0.102,0.0827,-0.0051386604,0.0043416667,0.0045578851,-0.05,-0.0114,0.0042073784,-0.00237943,-0.083243,-0.085664,-5.57
0.69,0.86,-0.53,-2.99,0.36,-1.69,-0.18,-1.47,0.3,-1.83,249.22,8.2633,14.6033,0.4936710845,0.0535,0.0868,0.1007,0.0779,-0.0021244383,0.0044583333,0.0009066183,0.0267,0.0233,0.0017308775,-0.0024090172,0.024876,0.019717,-6.26
7.12,6.37,8.12,5.5,10.59,5.32,7.45,14.77,-0.09,5.81,284.2,8.32,14.8933,0.4249119825,0.0559,0.0838,0.0965,0.0763,-0.0045059361,0.0046583333,0.0035971223,0.0202,0.0058,0.0014122642,-0.0020419471,0.041778,0.037845,-3.37
4.25,2.86,3.66,3.08,0.13,6.14,3.34,2.01,2.59,2.21,304,8.52,14.42,0.4078923974,0.0567,0.0932,0.1052,0.0877,0.0052024616,0.004725,0.0035366932,0.0098,0.0155,0.0010703865,-0.0017502493,0.05014,0.047654,-3.25
2.79,2.88,4.81,16.34,1.46,5.83,3.91,-0.44,-0.45,2.45,318.66,8.5667,14.9,0.3835432162,0.0569,0.0942,0.1061,0.0907,0.0018821969,0.0047416667,0.0026431718,-0.0178,-0.0119,0.0008181618,-0.0016543335,0.049843,0.047883,-0.74
-6.35,-5.66,-4.17,-7.14,-7.61,-7.01,-7.22,-6.36,-1.58,-4.16,230.3,8.76,16.9533,0.538027324,0.0569,0.1001,0.1123,0.0931,0.0098984399,0.0047416667,0.0008673027,0.0037,0.0125,0.0067855095,-0.0027874932,-0.081874,-0.086541,-1.12
4.3,6.6,5.13,-2.75,5.08,18,1.58,1.44,1.13,1.44,247.08,8.81,17.5,0.5088120155,0.0577,0.1011,0.1129,0.092,0.013274756,0.0048083333,0,0.0165,0.0212,0.006852202,-0.0027006902,0.073922,0.071025,-28.01
5.63,6.71,7.84,7.58,7.32,5.22,8.15,12.55,8.16,8.31,257.07,8.8567,17.8633,0.5037738354,0.0581,0.0988,0.1107,0.0852,0.0084227445,0.0048416667,0.0025996534,0.0666,0.0517,0.0091575845,-0.0024314059,0.042712,0.041086,-6.35
-0.19,0.41,-0.32,1.08,-1.5,2.1,0.59,-0.14,-0.04,0.46,272.02,9.3067,22.0233,0.4739915349,0.0673,0.0996,0.1111,0.0947,-0.0028231284,0.0056083333,0.0042372881,-0.017,-0.0111,0.0019106231,-0.0028339008,-0.004458,-0.007393,-1.04
2.84,2.67,2.87,-4.45,1.9,3.97,4.15,2.12,2.5,1.35,271.91,9.46,22.73,0.4775404537,0.0724,0.0982,0.109,0.0917,-0.0100015137,0.0060333333,0.0067226891,0.0345,0.0326,0.0011927511,-0.0026083753,0.042739,0.040086,-0.19
0.56,-1.63,-1.3,-3.02,-2.93,-0.63,-1.07,-3.92,1.82,-0.83,278.97,9.5567,23.07,0.4695971889,0.0735,0.0951,0.1041,0.0889,-0.0104624725,0.006125,0.0033388982,0.0308,0.0273,0.0016315103,-0.0023128648,0.026891,0.023328,-2.2
5.24,7.09,6.2,8.77,7.33,10.83,5.38,6.45,3.03,6.18,297.47,9.837,24.1533,0.4307694935,0.0827,0.0962,0.1065,0.0903,-0.0223605106,0.0068916667,0.0049792531,0.0203,0.0202,0.0009645843,-0.0025423857,0.072303,0.069633,-4.47
0.58,1,2.58,3.65,1.58,3.56,1.91,1.89,0.4,2.33,351.45,10.612,24.2,0.3927270602,0.079,0.0896,0.0988,0.0841,-0.0248117061,0.0065833333,0.001607717,-0.0259,-0.0163,0.0013804584,-0.0026672979,0.019853,0.015516,-0.33
-0.29,-3.19,-1.28,3.11,-2.62,-0.12,-2.11,0.55,2.97,-1.29,345.99,10.948,23.1433,0.3972257018,0.0769,0.0889,0.0981,0.0808,-0.0270221107,0.0064083333,0.002388535,0.0078,0.007,0.0008448164,-0.0026664039,0.020479,0.016641,-1.15
-1.7,-1.1,-0.99,6.38,-1.46,0.84,-0.62,-1.93,4.39,-3.84,353.4,11.055,22.87,0.3904547436,0.0763,0.0886,0.0982,0.0816,-0.0123231067,0.0063583333,0.0015885624,-6e-04,6e-04,0.0009234427,-0.0029288342,0.022657,0.019988,-6.47
-5.98,-6.12,-5.03,-0.73,-5.07,-10.32,-5.32,-5.58,-4.93,-5.14,329.08,11.1427,22.47,0.4149713959,0.0764,0.0899,0.0994,0.0865,-0.0137919369,0.0063666667,0.0103092784,-0.0343,-0.0191,0.0028921011,-0.0028601947,-0.067661,-0.069407,-0.29
1.22,0.14,2.89,4.78,3.55,0.84,2.58,1.69,1.13,0.81,331.89,11.2303,22.07,0.4091730897,0.0774,0.0922,0.1014,0.0876,-0.0116257085,0.00645,0.0047095761,-0.0025,-0.0012,0.0010085723,-0.0026738677,0.013381,0.008986,-1.7
2.58,2.64,4.45,4.75,4.25,1.34,4.36,4.57,-0.15,-0.07,339.94,11.318,21.67,0.4713339564,0.079,0.0937,0.1021,0.0889,-0.0102754607,0.0065833333,0.00546875,-0.0044,-0.0011,0.0010322537,-0.0023641623,0.026588,0.02436,-5.98
0.51,0.6,-0.41,0.69,1.18,0.29,0.68,5.14,0.32,-0.7,358.02,11.663,21.26,0.4429494323,0.0773,0.0926,0.1022,0.0864,-0.0004741595,0.0064416667,0.0054179567,0.023,0.0216,0.0013508073,-0.0025342714,-0.006754,-0.008921,-1.73
-8.61,-10.97,-7.69,0.96,-9.63,-7.52,-10.53,-8.24,0.72,-8.83,306.05,11.834,21.74,0.520289666,0.0736,0.0956,0.1064,0.0914,0.0013916129,0.0061333333,0.0083586626,0.0117,0.0091,0.001984821,-0.0032591891,-0.048959,-0.051213,-4.27
-5.32,-7.35,-6.36,-10.71,-4.55,-7.78,-7.34,-3.89,2.39,-7.3,304,11.918,21.6067,0.5224519209,0.0717,0.0953,0.1074,0.0898,-0.0004517504,0.005975,0.006028636,0.0215,0.0132,0.0044927894,-0.0026211334,-0.003597,-0.00611,-11.61
3.18,3.07,3.61,-1.67,4.12,6.41,4.88,6.71,3.58,3.61,322.22,12.002,21.4733,0.4985056551,0.0706,0.093,0.1062,0.0858,0.0009277803,0.0058833333,0.002247191,0.0402,0.0285,0.0024399038,-0.0026320853,0.064561,0.059897,-8.61
1.28,-2.43,0.49,-6.99,-0.59,3.85,-0.57,3.48,0.75,-0.73,330.22,12.086,21.34,0.4844968599,0.0674,0.0905,0.1043,0.0844,-0.0018284693,0.0056166667,0,0.0187,0.0167,0.0007945965,-0.0023382328,0.027987,0.024954,-5.32
3.88,1.28,2.09,2.57,4.31,1.41,3.14,6.28,3.51,2.54,395.43,12.2323,18.35,0.4376396373,0.0533,0.0875,0.0965,0.0818,0.0171761329,0.0044416667,0.0029368576,0.034,0.0275,0.0020376667,-0.0020694528,0.023885,0.019912,-2.69
-1.5,-2.2,-2.03,-4.25,-3.7,-5.09,-4,-0.38,1.39,-2.29,375.22,12.227,16.5867,0.4601544903,0.0456,0.0848,0.0945,0.0789,0.0303835153,0.0038,0.0029112082,0.0082,0.0106,0.0020490256,-0.001427475,-0.040214,-0.043973,-0.8
12.13,17.3,13.23,6.67,21.18,5.96,13.17,24.78,-1.76,18.71,408.79,12.2433,16.0433,0.4132296785,0.038,0.082,0.0913,0.0776,0.0316649252,0.0031666667,0.0014503263,-0.0324,-0.0173,0.0008724549,-0.0012723765,-0.018348,-0.019654,-1.5
-0.97,-1.37,0.48,3.77,-1.33,-1.42,-1.44,-1.3,2.9,2.26,415.35,12.3213,16.7633,0.3829985163,0.0363,0.0828,0.0913,0.0781,0.0370813555,0.003025,0.0014336918,0.0243,0.0254,0.0006900329,-0.0015877929,0.00485,0.001087,-0.82
-5.21,-2.35,-4.34,-5.27,-7.46,-0.87,-4.44,-6.1,0.25,-2.15,408.14,12.32,17.05,0.3920423538,0.0366,0.0822,0.0905,0.0765,0.0429366245,0.00305,0.0035790981,0.02,0.0156,0.0007529192,-0.0012735065,-0.01503,-0.017545,-3.31
1.72,0.44,0.89,4.68,1.38,2.49,2.85,3.6,6.84,3.76,424.21,12.345,17.38,0.3833486997,0.0321,0.0807,0.0884,0.0726,0.0413610108,0.002675,0.0021398003,0.0398,0.0308,0.0008974805,-0.0013636615,0.040924,0.039465,-0.97
-2.56,-3.49,-4.34,2.48,-4.39,-3.75,-1.35,-3.84,1.39,-2.29,414.03,12.37,17.71,0.3994050369,0.0313,0.0795,0.0865,0.0725,0.0428274632,0.0026083333,0.0028469751,0.0067,0.009,0.0003695588,-0.0014314693,-0.020615,-0.024214,-5.21
0.76,3,1.16,0.03,3.87,3.06,4.59,3.84,-0.3,1.28,418.68,12.3917,18.39,0.4032511778,0.0286,0.0799,0.0884,0.0741,0.04097304,0.0023833333,0.0035385704,-0.0198,-0.0156,0.0009441488,-0.0009021119,0.004796,0.003455,-2.56
-2.02,-1.91,-1.64,4.01,-3.57,-1.71,-3.07,-4.02,0.81,-0.76,440.19,12.4937,19.67,0.334349806,0.0287,0.0746,0.0814,0.0701,0.039700073,0.0023916667,0.0027855153,0.0072,0.0052,0.0010047977,-0.0014462842,-0.024519,-0.02578,-1.23
-0.5,0.71,1.51,0.56,2.03,12.14,0.62,-0.02,2.81,1.37,450.53,12.523,19.33,0.3259312476,0.0307,0.0733,0.0807,0.0668,0.0410478926,0.0025583333,0.0013869626,0.0449,0.0293,0.0005738167,-0.0017479702,0.003466,0.001095,-2.02
2.3,2.21,5.17,3.86,5.9,13.54,3.07,1.9,3.55,3.59,463.56,12.5203,20.05,0.3138649833,0.0302,0.0685,0.076,0.0623,0.0401659711,0.0025166667,0.0027700831,0.0434,0.0287,0.0002815775,-0.0012521643,0.037431,0.033957,-0.5
1.68,2.62,0.76,1.57,3.33,7.88,3.04,4.49,0.16,3.38,458.93,12.519,20.41,0.3223518215,0.0295,0.0666,0.0734,0.0627,0.0417473699,0.0024583333,0.0020718232,5e-04,0.0043,0.0004706646,-0.0011537305,-0.007582,-0.009842,-0.24
1.48,4.84,6.45,6.64,6.06,3.28,2.45,6.38,0.14,5.27,481.61,12.6203,22.1633,0.2880585672,0.0298,0.0692,0.0765,0.0637,0.0436888228,0.0024833333,0.0027434842,0.0257,0.0202,0.0004234858,-0.0009760773,0.033429,0.031954,-0.72
-0.66,-1.6,-0.31,1.55,-2.12,-2.65,-2.37,-4.52,1.78,-0.69,450.91,12.7497,23.54,0.3036647862,0.0368,0.0788,0.0852,0.0745,0.0398625296,0.0030666667,0.0013586957,-0.015,-0.0097,0.0013736767,-0.0009516278,0.012817,0.011477,-0.27
-1.16,-1.49,0.57,1.29,-1.09,0.05,-2.54,-0.19,-3.68,1.29,456.51,12.7923,24.37,0.2974694757,0.0414,0.0799,0.0862,0.0759,0.0396573234,0.00345,0.0006784261,-0.0082,-0.0062,0.0007504982,-0.0010085097,0.016309,0.012559,-3.15
-2.47,-3.6,-2.37,2.04,-5.45,-2.04,-4.42,-5.28,-2.05,-0.9,444.27,12.835,25.2,0.3084170767,0.0414,0.0797,0.0865,0.0774,0.0340103517,0.00345,0.0033898305,-0.01,-0.0081,0.0007971036,-0.0009657219,-0.024762,-0.027113,-0.66
1,1.1,3.07,0.66,2.28,4.04,0.68,-0.51,2.85,0.96,458.25,12.8643,25.91,0.2969853808,0.0433,0.0811,0.088,0.0746,0.0312202246,0.0036083333,0.0027027027,0.0363,0.0309,0.0003272701,-0.0006430939,0.032714,0.031381,-1.16
5.02,3.39,3.93,-0.15,6.13,4,4.17,6.91,0.94,2.47,475.5,12.8937,26.62,0.2856838193,0.0448,0.0807,0.0874,0.0761,0.0287150331,0.0037333333,0.0040431267,-0.0086,-0.0031,0.0005603787,-0.0009749581,0.041341,0.03799,-2.47
-2.2,-2.43,0.26,-3.04,1.32,-1.99,-4.83,-4.29,0.72,-0.52,459.27,13.17,30.6,0.2915683,0.056,0.0846,0.091,0.0799,0.016595794,0.0046666667,0,0.0161,0.0157,0.0007049267,-0.0005760069,0.014955,0.012419,-0.43
1.58,-1.17,1.25,-0.87,3.87,3.5,2.2,7.36,4.01,4.01,470.42,13.17,31.25,0.2908537344,0.0571,0.0846,0.0908,0.078,0.0150940789,0.0047583333,0.004008016,0.0273,0.0256,0.0002893889,-0.0007797873,0.026,0.024348,-4.1
3.11,2.62,3.06,3.01,4.7,3.55,1.8,2.66,2.59,3.18,487.39,13.17,31.9,0.2787300356,0.0577,0.0826,0.0885,0.0758,0.0145332524,0.0048083333,0.003992016,0.0287,0.0289,0.0004724322,-0.0007155156,0.039228,0.036328,-2.2
4.55,5.7,5.54,2.82,9.98,7.39,4.5,9.85,-0.48,5.04,562.06,13.4323,34.68,0.2771603672,0.0542,0.0741,0.0804,0.0691,0.0070594239,0.0045166667,0,-0.0168,-0.0101,0.0007732246,-0.0002910918,0.033405,0.032023,-0.42
-0.41,-1.78,-0.17,4.39,-1.23,0.98,-2.59,7.25,3.72,1.31,615.93,13.788,33.96,0.2550263829,0.0514,0.0682,0.0749,0.0603,0.0155268465,0.0042833333,-0.0006510417,0.0272,0.0228,0.0008205431,-0.0001466042,0.017643,0.015809,-5.2
1.38,2.82,2.95,3.3,0.28,0.29,1.33,9.49,1.7,3.32,636.02,13.8933,33.9867,0.2418771721,0.05,0.0681,0.0747,0.0609,0.0161312454,0.0041666667,0.0058631922,-0.0011,0.0014,0.0013839441,-5.31418e-05,0.034861,0.033415,-0.18
3.14,2.85,2.86,2.99,6.86,7.75,4,5.26,-0.29,2.32,640.43,13.9987,34.0133,0.2378947371,0.0483,0.0699,0.0763,0.0659,0.0168058204,0.004025,0.003238342,-0.0483,-0.0373,0.0012676223,-0.0002278549,0.010088,0.007689,-0.41
4.18,4.32,3.61,4.64,4.72,6.03,4.56,5.37,4.11,4.49,651.99,14.5337,35.6367,0.2380611179,0.0505,0.0746,0.0818,0.0726,0.0308658156,0.0042083333,0.001910828,-0.0139,-0.007,0.0011215051,-0.0003522358,0.021928,0.019589,-2.82
1.66,2.37,2.87,5.16,4.59,2.1,1.22,3.97,1.21,2.93,687.31,14.664,36,0.2272973181,0.0509,0.0766,0.0835,0.0704,0.0295555316,0.0042416667,0.0031786395,0.029,0.0259,0.0006862354,-0.0005386936,0.056035,0.054112,-8.85
-2.48,0.09,1.09,-0.38,-2.29,-5.02,-2.38,1.01,0.91,0.15,740.74,14.899,38.73,0.2073427297,0.0491,0.072,0.0789,0.0673,0.0241008722,0.0040916667,0,-0.0256,-0.0186,0.001709075,-0.0003967552,-0.019815,-0.021518,-2.16
1.03,-0.18,-1.64,-9,-6.54,-4.18,-1.08,-1.36,-0.71,1.68,790.82,15.0057,39.7367,0.1943954108,0.0501,0.0731,0.0794,0.0694,0.0228851457,0.004175,0.0031426776,5e-04,0.0028,0.00147476,-0.0013029057,0.007752,0.0058,-2.48
6.5,7.1,10.22,8.97,14.69,12.38,7.36,10.26,3.83,6.29,848.28,15.127,40.4467,0.1928785879,0.0505,0.0758,0.082,0.0701,0.0132653849,0.0042083333,-0.0006242197,0.0097,0.0128,0.0020074201,-0.0008784074,0.061401,0.059272,-4.12
3.25,4.89,4.69,3.35,2.4,8.97,4.48,2.7,3.04,5.57,885.14,15.161,40.55,0.184287615,0.0493,0.0741,0.0802,0.0688,0.0108474777,0.0041083333,0.0012492192,0.0195,0.0187,0.0019744425,-0.0006620977,0.044103,0.042762,-2.75
-4.02,-4.49,-4.45,-5.14,-8,-1.23,-5.6,-6.83,8.57,2.17,970.43,15.497,39.72,0.1788008842,0.0516,0.0676,0.0732,0.0602,0.0155787276,0.0043,-0.0012383901,0.0184,0.0163,0.0022493911,-0.000888779,0.017147,0.0157,-3.9
-0.4,2,1.54,-6.19,3.29,4.76,1.51,2.27,-4.04,1.05,980.28,15.545,39.66,0.1788402734,0.0504,0.0661,0.0719,0.0589,0.0137581612,0.0042,0.0018598884,0.02,0.0137,0.0024688899,-0.0007004554,0.011994,0.01108,-1.05
7.74,8.11,6.56,2.71,7.88,9.31,6.5,4.83,2.04,5.67,1049.34,15.593,39.6,0.1654630971,0.0509,0.0667,0.0725,0.0599,0.0120735181,0.0042416667,0.0018564356,-0.0072,-7e-04,0.0010533641,-0.000804846,0.071956,0.070303,-4.02
2.79,6.16,3.82,3.33,4.62,7.24,6.43,3.71,4.87,5.59,1101.75,15.641,39.54,0.181140396,0.0503,0.0672,0.0732,0.0602,0.0165051128,0.0041916667,0.0018529957,0.0025,0.0038,0.0011367878,-0.0007397901,0.051336,0.050104,-0.4
-5.14,-7.07,-7.07,-14.44,-7.69,1.45,-5.05,-5.45,-4.48,-4.05,1120.67,16.0143,38.6767,0.1794381089,0.0496,0.0655,0.0715,0.0584,0.0253622873,0.0041333333,0.0012269939,-0.004,-0.0056,0.0022281428,-0.0023045245,-0.010109,-0.011112,-2.74
-16.9,-19.12,-18.74,-22.96,-23.76,-24.19,-21.31,-24.66,-1.26,-18.7,957.28,16.0787,38.3833,0.2114320916,0.049,0.0652,0.0714,0.0547,0.0285296741,0.0040833333,0.0012254902,0.0465,0.0089,0.0093340166,-0.0018568563,-0.143124,-0.144504,-3.06
-0.46,3.73,0.23,13.17,5.89,4.85,0.09,7.57,8.34,3.67,1017.01,16.143,38.09,0.2032484042,0.0461,0.064,0.0709,0.0517,0.0240925221,0.0038416667,0.0012239902,0.0395,0.0413,0.0099709513,-0.0016339078,0.063176,0.061612,-5.14
2.14,4.6,4.92,1.08,6.81,4.22,4.67,4.98,0.75,1.11,1098.67,16.1603,37.9633,0.1855190768,0.0396,0.0637,0.0718,0.054,0.0207492147,0.0033,0.0024449878,-0.0218,-0.019,0.0051715952,-0.0013748512,0.080111,0.079144,-16.9
6.37,7.29,4.88,-11.8,17.28,10.67,15.02,7.22,1.76,4.49,1163.63,16.1777,37.8367,0.1748468445,0.0441,0.0641,0.0734,0.0535,0.0220123421,0.003675,0,0.0097,0.027,0.0019367347,-0.0012152598,0.062164,0.060685,-0.46
6.2,12.55,13.11,14.76,9.02,21.31,7.93,3.21,5.99,7.29,1335.18,16.4487,39.26,0.1568258764,0.0429,0.0664,0.0748,0.0594,0.0251891382,0.003575,0.0072727273,0.0021,-0.0024,0.0027266469,-0.0012580821,0.037559,0.036771,-2.69
4.04,6.61,2.77,0.03,6.96,2.71,2.45,5.89,6.92,1.5,1301.84,16.4483,40.14,0.1602311354,0.045,0.0693,0.0772,0.0615,0.025905064,0.00375,0,-0.0185,-0.0176,0.0030856384,-0.0011522804,-0.023159,-0.024833,-5.37
-2.95,-5.65,-3.75,-0.1,1.94,1.08,-2.78,-1.35,-2.53,-2.94,1282.71,16.641,43.96,0.1636844982,0.0468,0.0739,0.082,0.0646,0.0204568067,0.0039,0.0047875524,0.0084,0.0093,0.0027049454,-0.0009857026,-0.028079,-0.029257,-1.46
-0.95,-3.16,-3.41,-6.75,4.49,8.86,-3.2,-2.71,2.02,-0.03,1362.93,16.658,45.3633,0.1576906607,0.0486,0.0755,0.0838,0.0651,0.0205190335,0.00405,0.0017867778,-0.0012,0.0047,0.0048759339,-0.0005150403,0.064238,0.063512,-6
-0.2,3.88,2.92,-1.32,28.93,14.4,6.92,13.21,-2.49,2.85,1388.91,16.675,46.7667,0.1555459671,0.0507,0.0736,0.0815,0.0662,0.0183527546,0.004225,0.0005945303,-0.0061,-0.0024,0.0013542581,0.0001107107,0.020822,0.019547,-2.95
0.33,3.02,4.48,0.65,25.3,20.49,2.2,15.82,-1.76,1.62,1469.25,16.692,48.17,0.1471672594,0.052,0.0755,0.0819,0.0682,0.0179602357,0.0043333333,0,-0.0155,-0.0102,0.0011487717,6.4278e-05,0.062579,0.061549,-0.95
1.69,3.91,3.28,7.49,12.27,4.21,0.76,24.04,2.38,-0.74,1394.46,16.7153,49.0967,0.15465416,0.0532,0.0778,0.0833,0.0666,0.0254341626,0.0044333333,0.0029708853,0.0228,-0.0021,0.005206354,0.0006223722,-0.049606,-0.050273,-0.2
2.4,2.54,3.42,3.54,17.27,10.41,1.95,19.12,-3.02,2.49,1454.6,16.704,51.92,0.1567779616,0.0569,0.0767,0.0848,0.0622,0.0072026759,0.0047416667,0.0052478134,0.0244,0.0326,0.0023597429,-0.0002467433,0.026219,0.025497,-4.39
0.56,-1.36,-0.73,-6.34,-8.23,-9.72,-2.69,-2.45,5.25,1.84,1430.83,16.585,52.5133,0.155674151,0.0596,0.0765,0.0835,0.0611,0.004733518,0.0049666667,0.0023201856,0.0173,0.0179,0.0020654712,7.159e-06,-0.012795,-0.013559,-1.65
-6.94,-12.24,-8.44,-4.94,-26.63,-27.39,-10.16,-13.72,3.81,-5.7,1314.95,16.2963,51.2333,0.1572808929,0.0617,0.0745,0.0828,0.0576,0.0011692937,0.0051416667,0.0005747126,0.0319,0.0263,0.0032724371,-0.0018525551,-0.078268,-0.079557,-0.52
-0.8,-1.91,1.53,24.93,-9.57,-5.51,-3.79,-3.65,8.24,2.76,1320.28,16.271,50,0.1518515036,0.0577,0.0721,0.0802,0.0558,-0.0022506275,0.0048083333,-0.0005743825,0.0243,0.027,0.0052993586,-0.000524853,0.00572,0.004861,-4.42
18.58,20.79,16.5,0.46,46.59,53.13,27.78,22.06,-7.14,15.58,1366.01,16.1717,48.48,0.1504496662,0.0515,0.0715,0.0793,0.0562,-0.003181855,0.0042916667,0.0063218391,5e-04,0.0359,0.0049410477,-0.0015650504,0.032375,0.031555,-6.94
-0.76,-1.98,-2.93,1.24,-21.72,-20.08,-2.87,-9.21,2.94,-2,1239.94,16.0723,46.96,0.1560700913,0.0488,0.071,0.0787,0.0549,-0.0068447052,0.0040666667,0.0039977156,0.0191,0.0127,0.0025284469,-0.0022728464,-0.090952,-0.092131,-0.8
3.74,8.79,5.9,7.77,14.22,3.07,5.73,12.55,3.92,4.17,1249.46,15.8773,42.5567,0.1224969006,0.0387,0.072,0.0807,0.0593,-0.002542961,0.003225,0.0039727582,-0.0313,-0.0128,0.0074262097,-0.0010245789,0.077825,0.076981,-0.76
7.05,8.2,6.09,4.63,4.3,0.38,8.52,13.56,1.14,7.07,1255.82,15.7817,39.6733,0.120510188,0.0362,0.0729,0.0807,0.0594,-0.0002489117,0.0030166667,0.004522329,0.0037,0.0132,0.0025362471,-0.0011840987,0.00687,0.00533,-2.88
3.74,4.86,3.63,11.9,20.7,6.22,4.49,11.88,0.14,1.72,1059.78,15.7373,27.1033,0.1449013996,0.0216,0.0703,0.0791,0.0506,0.0107491048,0.0018,-0.003365115,0.0464,0.0437,0.0032497575,-0.0013347395,0.019542,0.018547,-0.92
4.98,9.16,6.14,-5.24,15.23,15.51,8.91,7.12,0.53,5.62,1139.45,15.7387,25.8967,0.1334813667,0.0187,0.0697,0.0781,0.0553,0.0111616549,0.0015583333,-0.0016882386,-0.0471,-0.0188,0.0021893512,-0.0010598798,0.078787,0.077259,-11.71
0.09,0.26,-1.08,4.71,0.53,1.62,-1.65,-0.66,3.17,0.95,916.07,15.879,28.94,0.284411556,0.0162,0.0637,0.0758,0.051,0.0247145618,0.00135,0.0033314825,0.0464,0.0452,0.0094092779,-0.0029084989,0.007061,0.005401,-4.26
-8,-7.96,-9.38,-5.13,-14.32,-11.02,-7.8,-8.7,-7.34,-5.41,815.29,15.799,30.04,0.3245551555,0.0163,0.0615,0.074,0.048,0.0292450837,0.0013583333,0.0016602103,0.0417,0.033,0.0073660612,-0.0032126151,-0.108965,-0.110421,-9.98
8.49,9,10.02,2.95,26.98,26.05,9.87,11.36,3.34,6.78,936.31,15.9823,28.4067,0.2769754993,0.0123,0.0631,0.0762,0.0521,0.0228760544,0.001025,0,-0.0122,0.013,0.0044490811,-0.0041663869,0.059019,0.057288,-8
-2.85,-4.51,-3.71,4.39,-3.1,-5.49,-4.51,-2.67,-3.98,-1.56,841.15,16.174,29.41,0.3122513206,0.0117,0.0595,0.0706,0.0472,0.0278719086,0.000975,0.0077050083,0.0329,0.0264,0.0025641601,0,-0.015246,-0.017225,-1.84
0.38,-4.09,-1.11,-0.85,1,0.93,0.63,4.83,3.85,1.84,848.18,16.224,30.32,0.2861177008,0.0113,0.0589,0.0695,0.0486,0.0240580381,0.0009416667,0.0060076461,-0.0135,-0.008,0.0061361326,0,0.010308,0.008967,-2.05
7.95,10.09,8.01,1.43,12.62,15.04,10.07,15.46,9.39,8.29,916.92,16.2043,31.73,0.2696540306,0.0113,0.0574,0.0685,0.0481,0.0199302422,0.0009416667,-0.0021715527,0.0102,0.0229,0.0030648283,0,0.082774,0.081462,-2.85
2.68,3.85,6.45,8.02,1.35,-2.06,3.46,-0.09,2.68,2.53,1140.84,18.602,56.15,0.279631603,0.0127,0.0601,0.0678,0.0532,0.0144974259,0.0010583333,0.0031729244,0.0121,0.0093,0.0007707514,0,0.019488,0.018019,-0.19
1.61,0.63,4.63,12.58,4.59,1.48,4.18,4.22,1.68,3.62,1114.58,19.163,57.77,0.2894853015,0.0165,0.0546,0.0627,0.0488,0.0091354844,0.001375,0.0021108179,0.0096,0.0101,0.0007056802,0,0.010817,0.009347,-5.07
1.71,-0.34,0.15,2.54,3.56,2.88,2.41,-1.17,2.42,2.39,1130.2,19.256,58.03,0.2910095966,0.0176,0.0547,0.0621,0.0478,0.0074307183,0.0014666667,0.0052659294,0.0154,0.0164,0.0012304868,0,0.014973,0.013699,-2.1
-1.73,-6.81,-1.28,-0.01,-4.53,-4.2,0.55,-7.3,-0.24,-2.22,1180.59,20.225,60.22,0.3198568893,0.0274,0.054,0.0606,0.0488,0.0091349962,0.0022833333,0.0078206465,-0.0072,-0.0125,0.0008598957,0,-0.01724,-0.018729,-0.57
4.22,5.79,4.08,5.43,6.87,2.37,6.32,4.96,4.72,3.87,1191.5,20.6917,62.2467,0.3209655046,0.0284,0.0515,0.0601,0.044,0.0058796602,0.0023666667,-0.0010277492,0.0297,0.0295,0.0008593927,0,0.031994,0.030156,-1.73
4.09,5.07,2.67,13.34,1.99,3.32,4.01,3.3,4.39,2.96,1191.33,20.925,63.26,0.3269790569,0.0297,0.0496,0.0586,0.0429,0.0053629347,0.002475,0.0005144033,0.0167,0.0141,0.0005421326,0,0.001717,0.000139,-2.92
-4.14,-5.45,-4.4,-10.02,-3.09,-5.76,-2.24,-4.63,-6.32,-1.09,1207.01,21.7193,67.59,0.3218081871,0.0371,0.0535,0.063,0.0484,0.0057613025,0.0030916667,0.0020120724,-0.0196,-0.0204,0.0018179843,0,-0.015673,-0.016698,-2.91
1.9,2.63,4.37,1.43,5.16,2.03,4.94,2.31,0.59,3.47,1249.48,21.9677,68.71,0.3109143456,0.0388,0.0542,0.0639,0.0481,0.0057814093,0.0032333333,-0.0080321285,0.0076,0.0099,0.0005398964,0,0.038289,0.035675,-1.47
-0.84,-0.09,2.17,3.48,1.31,-0.23,0.72,0.07,-0.04,0.6,1248.29,22.216,69.83,0.3134779566,0.0389,0.0537,0.0632,0.0461,0.0030790439,0.0032416667,-0.004048583,0.0267,0.0225,0.0004330003,0,-6e-05,-0.001396,-4.14
1.71,0.1,0.37,-11.67,0.92,0.78,1.2,2.2,0.88,0.57,1280.66,22.5947,71.7233,0.3056103611,0.0443,0.0535,0.0627,0.0457,0.0020687703,0.0036916667,0.0020171457,0.0238,0.0128,0.000648551,0,0.002425,0.000167,-0.84
-2.82,-5.91,-4.53,-0.41,-5.39,-3.14,-3.81,-4.69,5.57,-2.34,1276.66,23.6567,75.85,0.3138521753,0.0495,0.0585,0.0676,0.0518,-0.0023461659,0.004125,0.0029571217,0.0199,0.0237,0.0014516649,0,0.005571,0.00451,-2.81
2.18,-0.5,1.68,-3.72,4.38,3.16,1.05,3.65,2.07,1.25,1303.82,23.8763,77.21,0.3084617987,0.0496,0.0568,0.0659,0.0496,-0.0084559353,0.0041333333,0.001965602,0.0299,0.0361,0.0004692383,0,0.02415,0.021679,-0.09
1.44,2.68,0.24,-8.83,1.12,2.96,4.66,-0.45,-2.11,1.61,1335.85,24.096,78.57,0.3005932835,0.0481,0.0551,0.0643,0.0484,-0.0094131847,0.0040083333,-0.0049043649,0.017,0.0183,0.0005133772,0,0.026487,0.025296,-2.82
-0.03,0.76,2.51,5.39,3.24,-0.82,-0.96,3.07,2.27,0.44,1526.75,26.978,78.6007,0.2392074367,0.0389,0.0574,0.0659,0.0489,-0.0130641053,0.0032416667,0.0027559074,0.0012,0.0135,0.0018684314,0,0.037468,0.035923,-6.01
-1.28,-0.36,1.31,5.41,3.27,-0.12,0.13,2.6,5.23,-1.17,1549.38,27.2293,74.4607,0.2386170601,0.039,0.0566,0.0648,0.048,-0.0179606873,0.00325,0.0021391913,0.0155,0.0088,0.0016828912,0,0.01736,0.016292,-2.32
-8.57,-10.2,-8.41,-9.28,-9.8,-11.14,-9.04,-8.24,-1.41,-7.27,1481.14,27.4807,70.3207,0.2485796916,0.0327,0.0544,0.064,0.0445,-0.0252137401,0.002725,0.0059396179,0.0468,0.0079,0.0056368201,0,-0.041382,-0.043581,-0.03
-0.7,-1.66,0.62,5.81,0.02,-2.82,-4.2,-2.68,0.53,-2.9,1468.36,27.732,66.1807,0.2505829731,0.03,0.0549,0.0665,0.045,-0.0416596719,0.0025,-0.0006708631,-0.0029,0.0028,0.002345333,0,-0.006116,-0.007903,-1.28
-5.2,-5.67,-7.68,-5.46,-10.01,-9.25,-3.92,-5.25,-6.03,-1.04,1378.55,27.922,64.2507,0.2627544223,0.0275,0.0533,0.0654,0.0436,-0.0441808882,0.0022916667,0.0049705765,0.0213,0.0017,0.0048317986,0,-0.061166,-0.062332,-8.57
-0.93,-5.18,-0.29,7.51,-2.99,-6.86,-5.16,-1.66,-3.56,-4.39,1330.63,28.112,62.3207,0.270979321,0.0212,0.0553,0.0682,0.0438,-0.0506158637,0.0017666667,0.0029041122,0.0018,-0.0071,0.0032256551,0,-0.031419,-0.033693,-0.7
-1.43,-3.21,-2.17,-2.02,-3.13,-1.27,-1.16,-5.62,0.23,-2.19,1322.7,28.302,60.3907,0.2540575672,0.0126,0.0551,0.0689,0.0432,-0.0528711385,0.00105,0.0086682129,0.0106,-0.0059,0.0063376489,0,-0.0034,-0.005055,-5.2
1.27,0.61,4.51,10.62,3.33,-0.13,2.97,2.21,5.81,0.04,1385.59,28.4387,57.3838,0.2430146964,0.0129,0.0555,0.0697,0.0458,-0.0498316683,0.001075,0.0060647784,-0.0288,0.0091,0.0029036914,0,0.048629,0.04749,-0.93
2.35,2.86,6.22,18.64,5.45,3.77,2.09,3.45,4.22,-0.25,1400.38,28.5753,54.3769,0.2465106122,0.0173,0.0557,0.0693,0.0475,-0.0463789545,0.0014416667,0.008420886,-0.0164,-0.0277,0.0016406621,0,0.012986,0.010708,-1.43
3.18,0.38,1.99,-1.57,1.96,2.78,5.35,-0.05,1.72,3.23,1282.83,28.8067,47.7567,0.2698892455,0.0172,0.0564,0.0715,0.0449,-0.0474671534,0.0014333333,-0.0039915623,0.0242,0.0121,0.0034478913,0,0.014955,0.012682,-11.65
-16.59,-16.6,-15.41,-19.52,-14.46,-12.65,-18.53,-13.86,-1.08,-12.06,896.24,28.5427,25.2367,0.3528673559,0.0019,0.0612,0.0921,0.0372,-0.054575626,0.0001583333,-0.0191528953,0.1443,0.1174,0.0362570851,0,-0.073512,-0.076514,-6.51
3.53,-2.76,2.14,-8.2,3.47,3.95,8.27,7.05,-0.21,1.92,903.25,28.387,14.88,0.3549842247,3e-04,0.0505,0.0843,0.0303,-0.02479255,2.5e-05,-0.0103424738,0.0967,0.156,0.0200899467,0,0.011995,0.009229,-21.26
-7.96,-6.09,-7.91,-1.67,0.5,-4.23,-4.74,6.07,-1.18,-8.91,825.88,28.0097,12.2067,0.3893931402,0.0013,0.0505,0.0814,0.0394,-0.0253537369,0.0001083333,0.0043524174,-0.1124,-0.0949,0.0119710969,0,-0.082615,-0.084039,-16.59
9.61,19.56,10.24,7.99,12.37,13.46,18.06,13.25,3.32,12.49,797.87,27.255,6.86,0.2965282852,0.0021,0.055,0.0842,0.0355,-0.0377904306,0.000175,0.0024317485,0.0641,-0.0018,0.0203644278,0,0.087634,0.084154,-7.96
27.91,38.31,27.81,25.02,20.37,24.64,34.84,13.99,4.13,17.66,872.81,26.7013,7.0767,0.2762275775,0.0016,0.0539,0.0839,0.041,-0.0313882996,0.0001333333,0.0024963683,-0.0649,-0.003,0.0075510657,0,0.09423,0.09255,-10.06
8.35,10.82,8.17,3.68,5.95,20.24,6.34,5.85,1,5.8,1020.62,24.4653,10.8633,0.2375940895,0.0017,0.0526,0.0658,0.0415,-0.008173733,0.0001416667,0.00224285,0.0231,0.0235,0.0021777354,0,0.034751,0.032255,-1.29
7.04,8.73,8.42,8.82,8.59,10.19,5.67,7.97,6.35,3.61,1115.1,22.405,50.97,0.2163645169,5e-04,0.0526,0.0637,0.0458,0.0105411458,4.16667e-05,-0.0017611982,-0.0584,-0.0275,0.0009334541,0,0.018983,0.017346,-2.42
5.81,8.28,8.69,7.27,6.54,7.37,6.14,2.92,5.65,4.35,1101.6,22.1423,68.6867,0.3961335532,0.0016,0.0472,0.0601,0.0377,0.0155053388,0.0001333333,0.0002110431,0.0024,0.017,0.0033488263,0,0.070451,0.06862,-6.4
-8.09,-6.85,-7.44,-7.17,-5.73,-9.17,-8.03,-5.58,-1.21,-7.45,1049.33,22.2477,70.2733,0.4139816191,0.0016,0.0449,0.0566,0.0327,0.0111071822,0.0001333333,0.0013806643,0.0702,0.0473,0.0027046066,0,-0.045434,-0.04784,-6.08
2.14,7.75,7.42,4.87,6.01,6,3.76,2.67,2.6,2.64,1183.26,22.4783,73.69,0.3728872859,0.0013,0.0468,0.0572,0.0367,0.0071324604,0.0001083333,0.0012451989,-0.0317,-0.0203,0.0010800444,0,0.038726,0.037081,-8.09
1.25,2.12,2.98,4.44,0.99,-0.17,0.87,2.81,2.01,-0.55,1325.83,23.431,81.31,0.3542699394,0.001,0.0513,0.0603,0.0429,0.0124454877,8.33333e-05,0.009751072,-6e-04,-0.0072,0.0023472688,0,0.000625,-0.000867,-0.79
-0.45,-4.78,-2.55,3.06,-4.46,-7.12,-1.8,-3.25,-0.55,-1.88,1292.28,24.621,84.9067,0.359418903,4e-04,0.0493,0.0576,0.0378,0.0123685731,3.33333e-05,0.0008860457,0.0422,0.0473,0.0018307592,0,-0.019828,-0.020982,-0.87
-8.39,-12.15,-9.82,-15.98,-10.01,-10.25,-8.26,-11.35,-0.13,-8.23,1218.89,24.901,85.9433,0.3758125221,2e-04,0.0437,0.0536,0.0315,0.012766968,1.66667e-05,0.0027575889,0.0862,0.024,0.0192221988,0,-0.054322,-0.056734,-1.64
-8.38,-14.33,-14.43,-20.77,-10.89,-12.5,-8.36,-9.42,-3.59,-9.88,1131.42,25.181,86.98,0.399922847,1e-04,0.0409,0.0527,0.0265,0.0132008715,8.3333e-06,0.0015184621,0.0704,0.0575,0.0069157356,0,-0.070238,-0.071739,-0.45
9.16,16.76,15.96,23.35,11.84,11.92,12.52,9.92,6.67,10.65,1253.3,25.5957,86.97,0.3650779046,2e-04,0.0398,0.0537,0.0291,0.007910972,1.66667e-05,-0.0020626826,-0.0306,0.0094,0.0074008814,0,0.109023,0.107563,-8.39
-3.95,-6.3,-0.14,-0.04,-3.84,-1.33,-0.73,-2.8,1.18,-0.99,1246.96,26.0103,86.96,0.3623298975,1e-04,0.0387,0.0514,0.0273,-0.0043532176,8.3333e-06,-0.0008435613,0.0251,-0.0356,0.0076795427,0,-0.002727,-0.005552,-8.38
7.88,11.12,11.92,5.06,10.53,6.82,6.18,11.75,-2,8.79,1312.41,26.7343,87.48,0.3454873026,3e-04,0.0385,0.0523,0.0249,-0.0130873525,2.5e-05,0.0044001914,2e-04,0.0194,0.0006481559,0,0.045206,0.044003,-3.95
3.53,-1.45,2.67,3.46,3.49,5.4,2.26,7.42,4.4,3.68,1362.16,28.32,87.92,0.3551038851,9e-04,0.0364,0.0502,0.0233,-0.0198316065,7.5e-05,-0.0014663969,-0.0136,0.0064,0.0034372579,0,0.041465,0.039888,-0.33
-0.55,-2.32,-1.07,-2.3,-2.57,1.53,-0.74,0.97,3.1,-1.42,1379.32,28.7433,87.4467,0.3515937051,0.001,0.034,0.0487,0.0216,-0.0211082586,8.33333e-05,-0.0016297859,0.0247,0.0612,0.0015528655,0,0.014363,0.013096,-3.19
2.03,7.18,2.66,6.07,2.21,6.86,2.75,6.37,2.82,3.97,1440.67,29.59,86.5,0.3403829538,0.0011,0.0349,0.0484,0.0235,-0.0182558561,9.16667e-05,0.0044622123,-0.0146,-0.0126,0.001044683,0,0.02512,0.023547,-0.55
3.68,3.34,4.37,5.69,2.19,3.46,2.74,-1.86,3.73,2.83,1756.54,34.6,96.3133,0.324594825,5e-04,0.0453,0.0531,0.0342,0.0096467456,4.16667e-05,-0.0025752833,0.0128,0.0211,0.0014383614,0,0.046268,0.044953,-2.21
3.25,1.06,1.31,1.85,-1.5,-0.04,0.4,-4.02,2.35,0.94,1872.34,36.2277,100.85,0.3506160657,5e-04,0.0438,0.0506,0.0337,0.016464203,4.16667e-05,0.0064400441,0.0063,0.0062,0.0008690643,0,0.008056,0.006537,-3.62
2.18,2.59,3.75,7.48,5.88,1.67,2.24,7.33,6.26,3.56,1960.23,37.3807,103.12,0.3429284585,4e-04,0.0425,0.048,0.0313,0.0139314283,3.33333e-05,0.0018621269,-0.0025,0.002,0.0002819987,0,0.020635,0.019048,-2.88
-2.9,-7.18,-6.76,-13,-4.28,-5.72,-3.85,-4.84,-5.04,-3.39,1927.29,38.4946,105.96,0.3385761813,2e-04,0.0411,0.048,0.03,0.0080246546,1.66667e-05,0.0007525688,-0.017,-0.0271,0.0007210135,0,-0.013928,-0.015467,-4.25
2.99,-0.89,-1.3,-18.49,1.62,0.49,2.52,0.61,-0.66,0.41,2067.56,39.127,103.5267,0.323661786,2e-04,0.0392,0.0479,0.0264,0.0069258643,1.66667e-05,-0.0053994179,0.0286,0.0173,0.0001502621,0,0.027631,0.025159,-2.9
1.71,-0.42,-0.28,-8.81,-1.5,0.92,1.65,1.13,-0.07,1.12,2067.889893,40.8066,99.25,0.3074540451,3e-04,0.0364,0.0454,0.023,-0.0068998347,2.5e-05,0.0059517216,0.0137,0.0058,0.0017203796,0,-0.014993,-0.016628,-1.8
0.2,-1.95,-1.49,-8.69,-1.1,-1.65,0.13,2.42,-5.27,1.28,2063.110107,41.742,94.91,0.3101868327,2e-04,0.0419,0.0513,0.0285,-0.0081016117,1.66667e-05,0.00350287,-0.0298,-0.032,0.0010521363,0,-0.019343,-0.02102,-1.14
-3.93,-6.24,-8.47,-17.99,-3.54,-0.69,-5.72,-11.56,0.37,-2.57,1920.030029,42.5104,90.66,0.3356119548,2e-04,0.0407,0.0534,0.0253,-0.0129102113,1.66667e-05,-0.0015567566,0.0174,0.0133,0.0040534792,0,-0.024547,-0.026258,-0.68
4.82,7.33,7.98,9.09,5.88,5.88,3.45,2.96,3.17,4.81,2079.360107,42.8029,89.2833,0.3094136283,2e-04,0.0395,0.0534,0.0259,-0.0162088581,1.66667e-05,-0.0004496838,-0.0053,0.002,0.001618901,0,0.083448,0.082048,-3.66
-0.66,2.69,-0.48,-2.23,3.15,-2.9,-1.1,7.66,-2.66,2.25,2080.409912,43.0954,87.9067,0.3084291577,0.0012,0.0406,0.0546,0.0265,-0.0178103255,1e-04,-0.0021106804,-0.0065,0.002,0.0011187215,0,0.003373,0.000817,-3.93
-2.04,-11.6,-8.94,-13.48,-8.76,-6.13,-7.26,-18.63,4.53,-7.65,1940.24,43.5506,86.5,0.3319106296,0.0026,0.04,0.0545,0.0236,-0.0202629486,0.0002166667,0.0016531022,0.0476,0.0067,0.0043012482,0,-0.0491,-0.05025,-0.66
1.75,4.9,3.43,-11.23,0.89,1.83,3.72,-3.03,1.37,0.33,1932.23,43.7133,86.47,0.3309018254,0.0031,0.0396,0.0534,0.0217,-0.0240243415,0.0002583333,0.0008230765,0.0294,0.0232,0.0026015071,0,-0.001742,-0.004457,-1.88
4.58,7.26,10.4,24.02,6.75,4.42,7.95,7.69,8.46,7.43,2059.74,43.8759,86.44,0.3279547913,0.0029,0.0382,0.0513,0.0218,-0.0229995356,0.0002416667,0.0043060001,-3e-04,0.0423,0.0012741767,0,0.06734,0.065146,-2.04
8.59,8.83,7.45,-1.23,7.32,2.14,4.7,6.09,-0.77,5.17,2173.6,44.6485,87.6433,0.3146611589,0.003,0.0328,0.0422,0.0175,-0.0316685417,0.00025,-0.0016181364,0.0081,0.0245,0.0004776474,0,0.036571,0.035324,-0.8
3.67,10.57,11.5,19.14,4.96,5.71,9.73,5.35,1.45,12.93,2198.81,45.4756,92.73,0.3032857864,0.0045,0.0386,0.0471,0.0267,-0.0273943973,0.000375,-0.0015554609,-0.0599,-0.051,0.0009463678,0,0.03579,0.033007,-2.13
1.09,2.34,0.79,2.26,0.34,4.08,1.99,-2.59,4.13,5.44,2238.83,45.7006,94.55,0.2934790969,0.0051,0.0406,0.0483,0.0272,-0.0248100371,0.000425,0.0003273214,-0.0057,0.0059,0.0005240215,0,0.019199,0.017568,-4.21
