0.41,4.8,3.39,4.92,1.46,1.62,2.81,0.42,1.72,1.23,13.49,0.69,1.24,0.441475827,0.0307,0.0468,0.0568,0.0354,0.05088521,0.002558333,0,0.0078,0.0056,0.000464618,0,0.026047,0.020321,-2.59
-3.23,-2.36,-1.24,-9.15,-1.58,1.35,0.25,-0.2,2.19,0.04,13.93,0.71,1.208,0.469765117,0.032,0.0462,0.0554,0.0331,0.046369916,0.002666667,-0.005747126,0.0253,0.0083,0.000924193,0,0.007324,0.00261,-1.49
7.13,4.15,6.24,7.43,3.14,1.6,2.11,4.79,9.29,8.42,14.91,0.7233,1.186,0.434782609,0.0333,0.0457,0.055,0.0327,0.055279033,0.002775,0.005780347,0.0109,-0.0011,0.000391734,0,0.062353,0.057096,-3.23
1.07,1.74,0.73,-1.96,-1.61,1.31,2.97,0.15,6.17,-1.69,16.43,0.7433,1.153,0.396227409,0.027,0.0456,0.0548,0.0329,0.054525927,0.00225,-0.005780347,0.0076,0.0083,0.001276414,0,0.03332,0.028624,-2.12
3.51,6.59,4.86,0.6,1,3.42,1.83,-1.42,1.8,2.08,17.66,0.77,1.11,0.37468859,0.0317,0.0446,0.0532,0.0316,0.076474752,0.002641667,0,0.0072,0.0068,0.000604204,0,0.019295,0.014403,-1.5
3.94,5.23,8.15,26.03,4.84,2.41,5.23,3.36,10.94,7.37,19.75,0.7967,1.2,0.368095261,0.0362,0.0446,0.0533,0.0319,0.049372064,0.003016667,0,-4.00E-04,0.0014,0.00148796,0,0.034725,0.032715,-2.42
5.14,10.53,7.57,0.98,5.49,2.33,7.68,9.38,5.72,4.38,20.87,0.8233,1.29,0.324029783,0.0436,0.0464,0.0561,0.0341,0.057398906,0.003633333,0,0.0076,0.0083,0.001229317,0,0.07023,0.065514,-7.46
-2.45,-0.95,2.44,0.98,5.55,-1.51,-0.6,-0.07,-1.52,1.29,25.59,0.87,1.418,0.2454239,0.0439,0.0466,0.0566,0.0363,0.071783137,0.003658333,0,-0.0157,0.003,0.002670117,0,-0.004874,-0.008075,-1.02
2.4,-1.92,1.07,1.29,4.69,-2.6,0.82,2.42,4.06,1.59,25.94,0.89,1.457,0.263396912,0.048,0.0469,0.058,0.0358,0.099322633,0.004,-0.005882353,0.0275,0.0019,0.002304362,0,0.019559,0.018234,-2.45
-7.92,-13.89,-13.09,-8.31,-4.37,-7.24,-8.82,-6.92,2.77,-6.35,24.83,0.9,1.476,0.282774621,0.0509,0.047,0.058,0.0373,0.117986668,0.004241667,0.00591716,-0.0162,0.0045,0.004759808,0,-0.041281,-0.046101,-5.37
0.99,-1.52,1.82,1.66,6.51,10.42,0.83,3.11,7.56,2.75,28.88,0.92,1.514,0.24187518,0.0455,0.0477,0.0595,0.0369,0.11068794,0.003791667,0.011695906,0,0.002,0.001281813,0,0.050014,0.048186,-7.92
-16.81,-29.46,-22.26,-16.25,-26.63,-11.92,-22.88,-17.09,-30.36,-15.46,24.15,0.95,1.572,0.307484187,0.0437,0.0477,0.0611,0.0347,0.159611836,0.003641667,0,0.0382,0.0073,0.053507543,0,-0.18615,-0.188115,-0.08
-12.89,-14.81,-12.76,-9.35,-20.51,-8.86,-13.73,-4.68,-12.47,-11.09,20.92,0.96,1.591,0.351956476,0.0347,0.0476,0.0603,0.0331,0.177039792,0.002891667,0,0.0236,-0.0018,0.036448746,0,-0.125359,-0.130374,-3.64
-4.45,-1.11,-3.34,-5.87,4.14,2.52,-6.86,4.01,8.98,-0.42,21.45,0.97,1.61,0.338457824,0.0303,0.0467,0.0595,0.034,0.163522172,0.002525,-0.005780347,-0.0089,0.0192,0.01021463,0,0.027753,0.023571,-16.81
9.36,17.16,14.36,4.51,9.7,3.66,9.14,2.39,5.52,9.77,22.79,0.9708,1.557,0.314816201,0.0339,0.0466,0.0592,0.0347,0.153314199,0.002825,-0.005813954,-0.0057,0.0059,0.001433161,0,0.059632,0.057032,-12.89
3.54,4.99,4.42,-3.15,7.29,5.48,-1.55,5.5,9.11,4.35,23.28,0.9717,1.503,0.310206189,0.0336,0.0469,0.0589,0.0339,0.159255629,0.0028,-0.005847953,0.0129,0.0072,0.001724706,0,0.026041,0.021516,-4.45
-14.86,-27.64,-19.15,-17.68,-24.82,-10.33,-17.88,-14.01,-17.75,-16.67,20.46,0.975,1.29,0.403375453,0.0189,0.0457,0.0578,0.0328,0.131001045,0.001575,-0.00591716,0.0051,0.011,0.014447862,0,-0.155715,-0.159182,-4.88
2.09,8.96,4.65,2.5,6.56,4.88,0.91,8.97,3.95,3.12,21.21,0.9758,1.237,0.390187615,0.0183,0.0452,0.0577,0.0327,0.140550833,0.001525,-0.011904762,0.0034,0.0056,0.004920446,0,0.038713,0.036395,-2.67
-0.75,-5.44,-2.61,-4.67,0.36,1.49,0.71,1.14,1.17,-1.71,21.37,0.9767,1.183,0.379752101,0.0153,0.0447,0.0573,0.0328,0.121494954,0.001275,-0.006024096,0.0013,0.0136,0.004049927,0,0.011266,0.006691,-14.86
-3.58,-15.49,-10.54,-12.93,-15.43,-3.02,-11.81,-5.24,-9.69,-9.32,16.94,0.9783,1.077,0.497954731,0.0174,0.0442,0.0594,0.0324,0.129491358,0.00145,-0.006024096,0.0035,0.0054,0.012876666,0,-0.08368,-0.086394,-0.75
-1.27,6.37,-2.43,-6.57,-0.66,-2.39,-1.61,-2.67,-6.29,-4.44,16.57,0.9792,1.023,0.504670831,0.014,0.0447,0.0625,0.0322,0.137752868,0.001166667,-0.006060606,0.0042,-0.0012,0.007160072,0,-0.019736,-0.024113,-12.69
-12.13,-10.5,-14.68,-19.39,-12.84,-2.54,-16.11,-9.73,-4.63,-14.36,15.34,0.98,0.97,0.554745413,0.0148,0.0452,0.0671,0.033,0.113885891,0.001233333,-0.018292683,-0.007,-0.009,0.008166329,0,-0.071479,-0.077707,-3.58
15.34,14.44,11.75,18.09,15.11,4.39,9.99,7.99,5.21,18.92,16.09,0.9667,0.94,0.539152002,0.0124,0.0442,0.0641,0.0343,0.089710832,0.001033333,-0.01242236,-0.0121,0.0203,0.005224312,0,0.059527,0.056729,-1.27
13.34,22.95,17.06,14.37,23.64,6.01,17.06,16.19,15.43,11.64,17.93,0.9533,0.91,0.479667963,0.0106,0.0443,0.0638,0.0338,0.082533364,0.000883333,-0.012578616,0.0085,0.0068,0.002884626,0,0.110943,0.105279,-12.13
-9.66,-17.07,-16.41,-17.41,-11.98,-8.23,-9.48,-15.91,-11.67,-16.31,13.02,0.9133,0.82,0.709948622,0.0088,0.0437,0.0715,0.0317,0.071367404,0.000733333,-0.012903226,0.0145,0.0134,0.006910695,0,-0.137674,-0.14302,-0.55
15.19,19.09,21.58,21.21,16.41,10.64,7.11,12.23,10.11,22.86,14.83,0.9,0.79,0.607271275,0.0055,0.0436,0.0736,0.0319,0.06374612,0.000458333,-0.013071895,4.00E-04,0.0052,0.02333295,0,0.146492,0.139763,-14.1
-2.14,-6.73,-9.62,-6.82,-9.92,-0.96,-3.66,-3.3,-2.66,-9.05,13.73,0.8867,0.76,0.673609572,0.0041,0.0436,0.0708,0.0325,0.033993967,0.000341667,0,-0.0042,0.0052,0.007039256,0,-0.075465,-0.07857,-9.66
-27.38,-34.66,-32.23,-32.07,-37.66,-17.37,-28.87,-31.75,-32.02,-28.12,9.71,0.86,0.7,0.944001656,0.0045,0.0455,0.0807,0.0353,0.030352461,0.000375,-0.006622517,-0.0281,-0.0014,0.023458995,0,-0.287461,-0.291524,-2.14
10.53,13.24,12.38,10.84,13.91,0.98,7.54,13.21,8,4.81,10.53,0.8467,0.67,0.877176109,0.017,0.0499,0.0904,0.0385,0.011253173,0.001416667,-0.006666667,-0.033,-0.0363,0.042501956,0,0.076738,0.072834,-2.27
-7.54,-0.95,-9.36,-7.95,-10.22,-13.82,-8.97,-9.05,-4.52,-13.74,9.5,0.8333,0.64,0.971556408,0.0177,0.0494,0.0893,0.0385,0.003378334,0.001475,-0.013422819,0.0027,-0.0189,0.011434544,0,-0.100909,-0.109396,-27.38
6.46,8.62,6.47,8.92,6.74,-1.22,5.84,0.98,-2.15,15.14,7.89,0.7933,0.5933,1.191378184,0.0248,0.052,0.0913,0.039,-0.011577435,0.002066667,-0.020547945,0.0034,-0.0052,0.017376785,0,-0.018803,-0.021067,-7.54
2.96,2.21,1.29,4.42,3.54,5.31,1.21,-1.71,5.62,1.56,8.29,0.7667,0.5767,1.119842829,0.0242,0.0523,0.0887,0.0367,-0.015727669,0.002016667,-0.013986014,0.0413,-0.0238,0.026715251,0,0.053581,0.045233,-13.2
-16.27,-22.91,-20.44,-9.81,-19.63,-18.44,-22.22,-26.3,-29.55,-24.64,4.47,0.6867,0.5267,1.942333482,0.0031,0.0536,0.11,0.0349,-0.034051045,0.000258333,-0.014388489,-0.0188,0.0107,0.023183792,0,-0.232123,-0.240123,-7.47
7.75,4.12,5.13,2.21,6.82,-10.8,2.37,5.88,-0.29,1.34,4.43,0.66,0.51,2.028478058,0.0034,0.0541,0.11,0.0347,-0.040688628,0.000283333,-0.00729927,0.0065,-9.00E-04,0.034302583,0,0.002768,-0.006507,-15.92
36.22,37.56,46.85,47.72,46.06,30.19,24.2,30.86,36.79,56.12,6.1,0.6333,0.4933,1.612544071,0.0022,0.0526,0.1079,0.032,-0.029176509,0.000183333,0,0.0481,0.0043,0.020110579,0,0.391838,0.390006,-16.27
-7.61,-7.44,-4.51,-4.45,-8.74,-1.24,-6.82,-3.77,-6.58,-10.25,6.55,0.5267,0.4267,1.542147294,1.00E-04,0.0463,0.0824,0.0322,-0.003321391,8.33E-06,-0.007518797,0.0032,0.0073,0.023316603,0,-0.052228,-0.058702,-4.98
-2.19,-5.77,-3.53,-4.94,-2.34,-0.48,-5.65,-0.92,3.05,-4.19,6.89,0.5,0.41,1.442084301,4.00E-04,0.0459,0.0842,0.0315,-0.005031571,3.33E-05,-0.007575758,0.0131,0.0139,0.010223099,0,0.061569,0.053749,-13.58
2.81,2.61,4.37,-1.49,5.86,-0.55,0.53,-1.45,-5.68,7.7,6.94,0.495,0.4125,1.426929392,7.00E-04,0.0444,0.0801,0.0308,-0.006489814,5.83E-05,-0.015267176,0.0148,0.0547,0.005916609,0,0.013938,0.012575,-7.61
-7.95,-25.58,-17.09,-9.45,-16.57,-12.29,-17.35,-11.27,-21.74,-16.37,5.66,0.49,0.415,1.690990465,1.00E-04,0.0448,0.0837,0.0325,-0.005816755,8.33E-06,-0.015503876,-0.0258,-0.0523,0.015666928,0,-0.179558,-0.186035,-2.19
53.81,63.74,59.84,39.08,54.68,34.49,43.53,23.01,35.11,41.66,8.32,0.48,0.42,1.119015048,0.0045,0.0478,0.0912,0.0325,-0.006368252,0.000375,0,-0.0032,-0.0095,0.029151226,0,0.414312,0.412291,-7.95
-13.86,-16.98,-14.43,-9.18,-14.81,-8.52,-15.37,-7.25,-23.04,-17.91,9.83,0.455,0.4325,0.867996604,4.00E-04,0.0436,0.0727,0.0308,-0.000458363,3.33E-05,0,0.0023,-0.0014,0.014249909,0,-0.118045,-0.121112,-9.05
3.57,11.25,9.24,6.84,9.93,3.71,8.07,6.49,-0.55,3.22,9.88,0.445,0.4375,0.833503159,0.0022,0.0454,0.0798,0.0327,0.005923595,0.000183333,0,-0.0149,-0.0248,0.009581576,0,0.108553,0.10207,-13.86
-0.15,9.17,3.7,-7.41,10.38,-0.21,1.4,-10.96,-2.41,1.28,10.1,0.44,0.44,0.829026046,0.0029,0.045,0.0775,0.0336,0.006195828,0.000241667,0,-0.0113,0.0257,0.00559057,0,0.026694,0.02443,-8.57
-0.29,3.7,1.08,0.07,-5.08,-2.37,7.74,-3.92,0.24,0.96,10.76,0.4417,0.4483,0.790643727,0.0062,0.042,0.0627,0.0317,0.005594944,0.000516667,0.007575758,0.0081,0.0146,0.005567285,0,-0.03284,-0.037272,-0.15
2.44,-7.83,0.19,0.86,-2.22,-1.63,0.67,1.24,-3.14,0.07,10.46,0.4433,0.4567,0.801074734,0.0015,0.0407,0.0601,0.03,0.007828797,0.000125,0,0.0126,0.0104,0.001899187,0,-0.02549,-0.026944,-0.29
-14.81,-21.41,-19.15,-16.71,-17.1,-9.54,-16.09,-12.43,-22.47,-22.06,8.68,0.4458,0.4692,0.914253265,0.0015,0.0389,0.0613,0.0288,0.002910096,0.000125,0,0.004,0.0047,0.011531331,0,-0.119846,-0.121723,-8.27
-0.69,-3.5,-2.75,-1.7,-0.92,0.09,5.05,-1.42,0.54,-1.35,9.1,0.4475,0.4775,0.870364364,0.0021,0.0396,0.0657,0.031,0.019441144,0.000175,0.014925373,-0.0146,-0.0061,0.004830819,0,-0.000216,-0.003127,-14.81
10.97,26.93,19.39,7.8,16.39,-0.6,10.92,4.84,0.68,6.31,9.54,0.4492,0.4858,0.782008937,0.0025,0.0386,0.0637,0.0299,0.020713039,0.000208333,0,0.0037,0.0129,0.002025305,0,0.086059,0.080682,-0.69
0.41,5.25,4.26,-0.66,-0.26,2.97,1.67,0.1,-9.03,-0.45,9.5,0.45,0.49,0.773740869,0.0023,0.0381,0.0623,0.0293,0.020814719,0.000191667,-0.007407407,0.0112,0.0101,0.002608946,0,-0.000681,-0.004415,-1.96
-8.03,-9.67,-7.84,-7.44,-6.75,-2.18,-6.9,-4.7,11.97,-8.31,8.47,0.45,0.73,0.800754118,0.0015,0.0367,0.062,0.0274,0.0120482,0.000125,0,0.0041,0.0043,0.003972862,0,-0.031454,-0.035324,-2.72
6.43,13.77,10.38,14.3,12.59,10.62,3.14,3.3,10.38,10.32,9.28,0.4467,0.7567,0.737322979,0.0015,0.0366,0.0613,0.0269,0.019095725,0.000125,0.00729927,0.0079,0.0112,0.003162169,0,0.096493,0.095347,-1.86
3.15,-2.56,2.19,-0.48,1.54,5.24,1.43,-1.33,22.72,2.85,9.58,0.4433,0.7833,0.729392625,0.0015,0.0365,0.0594,0.0276,0.019300016,0.000125,0,-0.0057,0.0042,0.002877662,0,0.038135,0.033059,-8.03
2.69,4.21,6.03,-1.3,6.68,3.05,7.86,6.25,10.95,6.59,14.4,0.5333,0.85,0.540487421,0.002,0.0327,0.0494,0.0273,0.018627594,0.000166667,0,0.004,0.004,0.002907938,0,0.053106,0.046971,-0.77
0.87,0.91,-1.34,-0.08,0.25,2.72,2.19,0.78,2.08,-0.66,14.84,0.55,0.88,0.523178388,0.002,0.0324,0.049,0.0273,0.02081345,0.000166667,0.00729927,0.0021,0.0082,0.001568495,0,0.032542,0.029509,-10.45
-2.2,-3.91,-0.2,-2.57,1.24,-2.69,-4.06,0.28,-6.62,-4.37,16.26,0.81,1.15,0.489382405,0.0041,0.0333,0.0484,0.0282,0.028278063,0.000341667,0.006993007,0.0053,0.004,0.003593072,0.003398385,-0.005699,-0.011686,-0.97
-6.46,-9.83,-6.31,-6.28,-5.18,-6.07,-5.72,-6.9,-6.85,-12.25,15.4,0.84,1.17,0.504961021,0.0036,0.0328,0.0493,0.0285,0.031266167,3.00E-04,0,-0.0018,0.0053,0.002984171,0.004205943,-0.053803,-0.057853,-8.78
7,14.45,9.9,7.73,9,7.17,9.86,6.2,23.28,10.32,16.98,0.8167,1.1867,0.46464866,0.0028,0.0325,0.0491,0.0277,0.027224932,0.000233333,0.006944444,0.0138,0.0039,0.002982217,0.003629863,0.098991,0.098012,-2.2
-3.72,-6.23,-5.01,-6.46,-2.03,-2.52,-5.44,-4.45,-10.98,-6.77,16.04,0.7933,1.2033,0.481934502,0.0029,0.0324,0.0492,0.0286,0.031064413,0.000241667,0,-0.0104,-0.0017,0.002140794,0.003325441,-0.051183,-0.056291,-6.46
-8.76,-13.19,-12.68,-6.68,-12.31,-6.74,-8.68,-4.84,-2.64,-9.36,12.36,0.78,1.19,0.617417678,0.002,0.0327,0.0552,0.0283,0.040958564,0.000166667,0,0.0042,0.0067,0.031722241,0.003604956,-0.102722,-0.103703,-3.72
-10.61,-15.51,-11.05,-11.44,-11.55,-6.64,-14.4,-9.71,0.02,-9.45,11.11,0.79,1.16,0.692419825,9.00E-04,0.0324,0.0582,0.0278,0.042033018,7.50E-05,-0.006849315,0.0096,0.0067,0.021973392,0.002710859,-0.084289,-0.100254,-16.88
-7.63,-18.12,-8.61,-6.8,-5.92,-6.96,-13.14,-6.68,-12.41,-12.88,10.55,0.8,1.13,0.707488622,0.0011,0.0321,0.0573,0.0273,0.031777728,9.17E-05,-0.006896552,0.0082,0.0067,0.006954963,0.002833122,-0.045828,-0.053019,-8.76
6.44,10.77,2.89,2.68,2.85,2.63,5.94,4.12,-8.03,3.98,10.69,0.7933,1.0767,0.701567244,0.001,0.0317,0.0589,0.0271,0.038804018,8.33E-05,-0.013888889,0.0057,0.0038,0.009751241,0.002773138,0.012163,0.011096,-10.61
4.36,4.28,8.63,6.19,9.94,2.36,4.35,5.23,7.12,4.34,11.34,0.7867,1.0233,0.659518667,8.00E-04,0.032,0.0597,0.0268,0.032249962,6.67E-05,-0.007042254,0.0052,0.001,0.007772491,0.002129031,0.065757,0.061131,-7.63
-4.99,-12.48,-8.78,-9,-6.6,-0.86,-5.51,-2.38,2.54,-6.13,9.27,0.7533,0.8367,0.819565621,5.00E-04,0.0322,0.0606,0.0257,0.029979947,4.17E-05,-0.007042254,0.0044,0.001,0.007651434,0.005274134,-0.039973,-0.046036,-24.14
12.62,19.64,10.6,11.73,13.58,6.24,14.47,6.46,1.07,13,12.4,0.7133,0.72,0.625354108,7.00E-04,0.0322,0.0563,0.0257,0.017057503,5.83E-05,0,0.0043,0.0066,0.006829876,0.005685273,0.074738,0.073872,-4.99
11.12,17.99,16.29,6.69,14.38,2.08,13.28,9.67,28.55,14.4,13.17,0.61,0.6267,0.581954788,5.00E-04,0.0315,0.0536,0.0254,0.007934492,4.17E-05,-0.007092199,0.0087,0.008,0.00440443,0.005602846,0.07896,0.0782,-6.59
-3.67,-5.83,-1.88,-2.8,-4.79,-0.38,-0.93,1.51,-10.3,-7.44,12.73,0.56,0.6333,0.589373915,4.00E-04,0.031,0.0523,0.0257,0.008535267,3.33E-05,0,-0.0022,0.0037,0.004644168,0.005118186,-0.026207,-0.032784,-2.38
-4.84,-9.45,-10.26,-8.25,-9.26,-1.89,-3.39,-5.45,-1.52,-7.72,12.3,0.5133,0.6633,0.614218141,3.00E-04,0.0301,0.0512,0.0249,-0.003601364,2.50E-05,0,0.0059,0.0022,0.007295496,0.004310653,-0.070506,-0.071314,-3.67
4.02,5.49,3.82,0.7,3.35,2.93,6.13,4.9,9.35,3.84,12.7,0.5167,0.6867,0.599456891,3.00E-04,0.03,0.0505,0.0245,0.000614935,2.50E-05,-0.007142857,0.008,0.0064,0.003291644,0.002629529,0.039292,0.034357,-0.46
-12.24,-22.07,-20.99,-14.58,-19.64,-5.59,-13.81,-8.15,-18.14,-17.16,10.98,0.52,0.71,0.660649272,3.00E-04,0.0299,0.0489,0.0237,-0.001260686,2.50E-05,0,0.0125,0.0022,0.008538703,0.002714895,-0.134821,-0.138171,-4.84
6.31,7.69,9.7,5.19,10.66,10.45,14.37,6.14,10.04,6.4,11.6,0.5267,0.7433,0.630337241,3.00E-04,0.0297,0.0507,0.0217,-0.002354324,2.50E-05,0,0.0171,0.0049,0.003559092,0.003614611,0.069557,0.06346,-12.24
-8.93,-12.48,-11.63,-6.25,-12.33,-8.33,-11.12,-10.36,-8.41,-11.1,11.18,0.55,0.7933,0.648017261,5.00E-04,0.0293,0.0485,0.0231,-0.003006525,4.17E-05,0,-0.0201,-0.0392,0.007137243,0.007687835,-0.067551,-0.073025,-5.24
-0.58,0.84,-1.08,-5.73,-1,3.11,6.26,2.87,0.04,-3.39,12.83,0.58,0.84,0.573479062,5.00E-04,0.0315,0.0488,0.0247,-0.001852788,4.17E-05,-0.007092199,0.041,0.0237,0.001846745,0.006561195,-0.016887,-0.01764,-8.93
3.03,1.92,3.88,-1.41,0.88,5.99,-1.11,0.38,0.8,-0.62,12.49,0.62,0.9,0.58070538,4.00E-04,0.0294,0.0492,0.0226,0.002550784,3.33E-05,0,0.0145,0.0078,0.001073002,0.006074034,0.028177,0.023143,-0.58
1.2,-2.04,-4.48,-1.1,-1.32,-1.49,-1.05,-1.13,-3.97,-0.65,12.05,0.6233,0.93,0.599325673,1.00E-04,0.0288,0.0486,0.0229,0.007772705,8.33E-06,-0.007142857,-0.0017,0.0049,0.001478046,0.005609759,-0.035927,-0.0368,-5.63
-26.67,-28.02,-26.89,-27.09,-23.88,-23.56,-27.55,-22.32,-25.41,-27.59,9.27,0.6433,1.0233,0.82257787,6.00E-04,0.0293,0.0494,0.0246,0.006610185,5.00E-05,0,-0.0299,-0.0021,0.018668568,0.003136828,-0.23148,-0.239765,-0.32
1.83,3.58,4.89,2.97,5.09,0.75,5.4,1.51,-2.44,4.06,10.29,0.6567,1.0533,0.757888061,5.00E-04,0.0288,0.048,0.0224,0.008109189,4.17E-05,-0.007092199,0.0052,0.0021,0.001323675,0.003341704,0.03309,0.031914,-26.67
-1.36,-2.86,-2.33,-1.27,0.42,0.22,-4.1,-3.32,0.24,-1.6,9.92,0.6767,1.0567,0.783799295,4.00E-04,0.0278,0.0442,0.0213,0.010770234,3.33E-05,0,0.002,6.00E-04,0.002751814,0.00201359,-0.004729,-0.01257,-2.04
-6.33,-8.37,-6.4,1.26,-6.56,-5.62,-4.97,-5.87,-12.78,-4.67,9.31,0.6833,1.07,0.854249611,0.001,0.0282,0.0433,0.0196,0.010481535,8.33E-05,0.007042254,0.0129,0.0078,0.001767101,0.001584025,-0.062152,-0.063463,-1.36
6.27,7.05,7.08,7.6,7.83,1.44,9.11,4.43,6.54,4.77,9.85,0.69,1.09,0.801526718,0.0012,0.0277,0.0431,0.0191,0.008967507,1.00E-04,0.020833333,0.0066,0.0063,0.001180909,0.002223899,0.058851,0.052486,-6.33
-7.26,-8.21,-5.05,-13.28,-6.96,-5.24,-12.83,-3.98,-11.78,-11.12,8.69,0.71,1.16,0.889509733,0.0033,0.028,0.0438,0.0204,0.010342826,0.000275,0.006493507,-0.0177,6.00E-04,0.006680814,0.003446983,-0.038843,-0.046205,-5.25
10.34,14.47,7.03,9.91,9,-4.43,7.03,2.96,17.68,35.3,8.81,0.7033,1.12,0.902111324,0.0027,0.0283,0.0429,0.0247,0.008935182,0.000225,0.012903226,0.0069,6.00E-04,0.002204953,0.002701159,0.022276,0.020639,-2.28
-2.71,3.7,-0.55,-2.93,-1.1,-6.45,-1.35,-5.39,-2.54,-2.65,8.59,0.6967,1.08,0.926064928,0.0025,0.0285,0.0429,0.0247,0.009350153,0.000208333,0.006369427,0.0011,-8.00E-04,0.001260825,0.002899432,-0.017647,-0.024642,-7.26
-4.75,-3.62,-5.64,-4.17,-5.29,-0.94,-5.95,-3.16,-5.72,-2.25,7.66,0.68,1.02,1.080230729,0.0032,0.0283,0.0426,0.0246,0.011004819,0.000266667,0.00625,-0.0029,6.00E-04,0.002440975,0.003397506,-0.037988,-0.040323,-2.71
4.44,0.41,1.02,2.3,6.26,9.6,6.22,7.62,6.83,1.91,8.15,0.67,1,1.021015067,0.0037,0.0285,0.0427,0.0243,0.010525173,0.000308333,0.01242236,0.0075,0.002,0.001592389,0.003766453,0.070339,0.060119,-6.29
3.72,1.28,2.1,4.57,3.52,1.4,1.78,4.64,0.05,2.16,8.3,0.66,0.98,0.99670989,0.0037,0.0285,0.0433,0.0244,0.010198306,0.000308333,0,3.00E-04,0.0034,0.001200468,0.003265845,0.023544,0.016976,-4.75
3.91,2.08,2.63,4.04,4.63,5.81,5.96,3.85,5.66,3.14,12.08,0.6,1.08,0.763631173,0.0038,0.0269,0.0383,0.0246,0.013693478,0.000316667,0.005780347,0.0011,5.00E-04,0.00060804,0.001628115,0.027498,0.023331,-4.98
4.76,4.99,4.6,2.33,5.17,4.71,2.98,2.51,2.58,6.15,11.85,0.6133,0.9367,0.778748181,0.0038,0.0272,0.0376,0.0248,0.019253219,0.000316667,0,0.0021,0.002,0.000639835,0.001496229,0.018622,0.01731,-6.01
7.05,23.12,10.76,3.66,10.12,6.94,8.05,5.61,8.75,12.53,12.98,0.63,0.92,0.761558162,0.0038,0.0273,0.0359,0.0248,0.018201758,0.000316667,0.005714286,8.00E-04,0.002,0.000717589,0.002742912,0.054574,0.049768,-2.28
-0.18,0.3,0.89,-2.26,0.21,0.47,0.92,1.54,-3.39,-0.83,12.78,0.64,0.9,0.772332718,0.0038,0.0272,0.0356,0.0247,0.008962743,0.000316667,0,0.0014,0.0019,0.001115515,0.002915031,-0.000692,-0.003118,-0.58
2.76,1.92,2.3,2.72,1.13,0.32,2.74,1.48,-2,3.24,12.83,0.64,0.92,0.766985678,0.0038,0.0272,0.0353,0.0247,0.005783772,0.000316667,0,0.0024,0.0048,0.000424298,0.003448245,0.017327,0.005832,-0.18
4.4,3.86,1.88,-0.31,0.55,3.62,4.93,3.96,2.39,3.94,15.01,0.65,0.9867,0.702911468,0.0038,0.0262,0.0332,0.0226,0.019773212,0.000316667,0.005617978,0.0056,-0.0011,0.00092096,0.004202059,0.020041,0.011624,-4.32
5.36,4.42,6.93,4.31,4.68,3.38,7.66,6.96,8.43,6.71,16.16,0.66,0.99,0.656820832,0.0038,0.0262,0.0324,0.0221,0.01760692,0.000316667,0,0.0054,0.0032,0.001438555,0.003621746,0.046361,0.043999,-2.72
6.47,1.93,4.74,7.61,2.41,0.25,10.91,13.6,4.73,3.41,18.76,0.68,0.88,0.593412971,0.0038,0.0246,0.0296,0.0207,0.031306828,0.000316667,0.005464481,-0.0135,-0.0043,0.001077734,0.003504573,0.035748,0.034707,-6.68
-7.06,-10.19,-7.1,-7.33,-9.14,-5.66,-7.2,-4.91,-4.51,-8.53,16.65,0.6867,0.8733,0.648554363,0.0038,0.0251,0.0303,0.0217,0.043267645,0.000316667,0.02020202,-0.0111,-0.0088,0.001980114,0.002689916,-0.068855,-0.073365,-4.52
-11.96,-18.41,-13.51,-11.44,-12.83,-15.07,-11.82,-7.74,-10.03,-16.08,14.96,0.69,0.89,0.711634381,0.0038,0.0258,0.031,0.0219,0.049111945,0.000316667,0.00990099,-9.00E-04,-0.0026,0.016025015,0.002606433,-0.104113,-0.106619,-1.68
1.59,-2.69,-2.01,-0.9,-2.4,-4.51,-4.45,-2.37,1.15,-0.45,14.84,0.6967,0.9467,0.725391664,0.0038,0.026,0.0315,0.0216,0.048597481,0.000316667,0.019607843,0.0074,0.002,0.006116095,0.002375384,-0.005636,-0.006817,-7.06
-2.12,-0.6,0.8,1.44,-1.38,-2.88,-1.96,1.18,0.72,-0.55,14.67,0.7033,1.0033,0.722699965,0.0038,0.0259,0.0317,0.022,0.048072281,0.000316667,0.024038462,-0.0054,-0.0025,0.003914349,0.002025711,-0.003801,-0.011741,-11.96
1.57,9.99,2.95,1.27,5.4,3.8,0.69,-2.73,0.76,4.03,15.66,0.7133,1.13,0.680004434,0.0038,0.0257,0.0313,0.0214,0.031538463,0.000316667,0,-6.00E-04,5.00E-04,0.002111722,0.001329584,0.022013,0.020953,-2.12
-3.18,-6.15,-4.4,-1.93,-2.94,-2.86,-2.65,-5.38,-2.56,-4.22,14.45,0.7467,1.3833,0.776366322,0.0038,0.0253,0.0317,0.0216,0.025894307,0.000316667,0,0.0033,0.002,0.002545085,0.003228613,-0.00099,-0.01047,-3.36
6.11,4.88,5.1,9.88,6.06,7.68,8.98,3.07,3.39,4.73,15.21,0.76,1.44,0.741116751,0.0038,0.0255,0.0321,0.0216,0.026472743,0.000316667,0.00456621,0.001,4.00E-04,0.001958779,0.003817236,0.053991,0.050908,-8.69
5.39,8.45,6.43,7.1,7.65,2.23,5.58,3.97,3.85,6.78,15.76,0.77,1.4767,0.717327219,0.0066,0.0255,0.0318,0.0214,0.02064051,0.00055,0.009090909,0.0063,0.002,0.001977448,0.003204943,0.039572,0.038369,-3.18
3.06,6.18,3.95,6.78,3.83,-1.68,3.6,3.6,1.06,0.88,15.43,0.8067,1.57,0.722732523,0.0085,0.027,0.0335,0.0217,0.023018572,0.000708333,0,-0.0037,-0.0099,0.000869538,0.004313622,0.020578,0.019353,-0.79
-2.63,-4.16,-2.54,-4.14,-3.32,3.29,-0.89,-5.61,0.92,2.42,14.69,0.8433,1.6433,0.751888304,0.0097,0.0286,0.0352,0.0243,0.027765387,0.000808333,0.012820513,0.002,0.0024,0.001048864,0.004387162,-0.037743,-0.038905,-2.76
6.17,10.56,11.16,12.24,12.37,9.35,6.54,6.51,7.03,10.87,15.08,0.85,1.71,0.841422122,0.01,0.0283,0.0353,0.0241,0.027187026,0.000833333,-0.004255319,0.0034,0.0115,0.002082021,0.005808515,0.08144,0.077022,-2.63
2.48,1.8,2.69,13.77,2.43,3.4,5.57,1.52,2.51,4.85,15.48,0.85,1.76,0.82599302,0.01,0.0278,0.0347,0.0239,0.027453934,0.000833333,0.017094017,0.0045,0.0038,0.000551969,0.004150179,0.030821,0.028537,-6.59
-0.03,-0.55,-0.11,-1.65,0.11,-2.15,0.27,-1.91,-0.36,0.04,15.97,0.8633,2,0.82053822,0.0106,0.0284,0.0344,0.0242,0.019226803,0.000883333,0.004098361,1.00E-04,0.0055,0.001185139,0.002887863,0.015539,0.008123,-2.47
-4.21,-4.99,-3.93,-6.4,-4.17,-5.59,-3.5,-3.42,-1.91,-5.24,15.49,0.87,2.07,0.836231071,0.0109,0.0284,0.0345,0.0242,0.019128082,0.000908333,0,0.0014,0.0024,0.002395502,0.003053102,-0.027016,-0.031159,-2.85
3,7.25,5.82,7.73,5.55,4.42,3.7,5.13,4.94,6.03,16.54,0.89,2.1433,0.791905672,0.0112,0.0284,0.035,0.0243,0.018133741,0.000933333,-0.004081633,7.00E-04,0.0024,0.000827563,0.002189316,0.070041,0.067023,-0.03
-8.64,-14.26,-11.12,-13.32,-10.32,-10.36,-8.36,-7.32,-9.74,-11.58,14.75,0.91,2.2167,0.870911215,0.0114,0.0284,0.0353,0.0239,0.017791537,0.00095,-0.008196721,0.0076,0.0085,0.006158903,0.002376824,-0.098332,-0.109939,-4.21
4.07,1.15,1.33,-3.88,-2.27,4.51,3.26,4.85,4.51,2.02,15.22,0.9467,2.32,0.832402858,0.0117,0.0271,0.0346,0.0233,0.013297671,0.000975,-0.004149378,0.0082,0.0038,0.001312986,0.001776735,0.002676,0.001377,-8.64
-3.7,-6.35,-4.13,-5.41,-6.86,-6.76,-3.29,-2.45,0.45,-4.21,14.62,0.9633,2.35,0.861550907,0.0117,0.0271,0.0345,0.0231,0.017219044,0.000975,-0.008333333,0.0049,0.0038,0.001409679,0.002169999,-0.031639,-0.041472,-0.89
-2.43,-6.82,-4.79,-1.56,-5.28,-7.73,-0.91,0.26,0.75,-1.75,14.74,0.9933,2.3867,0.917499713,0.0117,0.027,0.0345,0.0227,0.015288746,0.000975,0.004201681,0.0011,0.0023,0.000499271,0.003658064,-0.018691,-0.021717,-3.7
0.45,-0.93,-1.64,-0.41,-3.55,3.46,2.55,1.04,-0.89,-1.66,14.16,1.02,2.4,0.953888424,0.0117,0.0271,0.0347,0.0217,0.016812418,0.000975,0.004201681,0.0167,0.0084,0.001697812,0.004091914,0.001744,-0.003269,-2.43
5.94,9.38,6.77,6.12,7.73,3.87,3.86,5.39,5.22,5.72,15.04,1.0267,2.3967,0.907799,0.0102,0.0267,0.0346,0.0216,0.0195114,0.00085,-0.008368201,0.0033,0.0099,0.000640881,0.003622809,0.062732,0.061657,-2.23
1.82,10.33,6.19,4.09,8.77,19.07,2.75,5.63,0.21,3.94,18.07,1.18,2.4267,0.796497471,0.0115,0.026,0.0323,0.0214,0.026397519,0.000958333,0,0.003,-8.00E-04,0.000714011,0.004022212,0.045887,0.044493,-0.68
3.24,3.74,4.33,9.24,-0.05,-2.72,2.53,1.45,1.25,1.78,18.78,1.19,2.4833,0.761346343,0.0116,0.0261,0.0325,0.0213,0.028572264,0.000966667,0.004237288,0.0033,-8.00E-04,0.000641263,0.003803212,0.046902,0.03759,-0.55
4.19,7.72,5.74,5.72,6.82,7.9,4.41,4.05,4.03,3.25,18.42,1.2867,2.66,0.784340849,0.012,0.0261,0.0323,0.0214,0.029550872,0.001,0.008298755,0.0014,0.0038,0.001075605,0.004452678,0.048063,0.031526,-6.73
6.8,10.05,8.74,10.35,5.25,2.26,4.73,6.3,3.86,13.95,20.41,1.47,2.84,0.722538442,0.0134,0.0267,0.032,0.0224,0.031358256,0.001116667,0.012145749,0.0016,0.0023,0.002489541,0.005662515,0.055425,0.051025,-0.17
-1.31,-3.8,-2.79,-3.65,-2.71,-5.98,-1.93,-0.23,0.74,-3.88,21.52,1.5467,2.7567,0.777889045,0.0155,0.0289,0.034,0.0254,0.030675027,0.001291667,0.003875969,-0.0069,-0.0015,0.00140742,0.003968667,-0.029979,-0.040917,-3.96
2.63,4.31,8.78,9.41,4.91,7.4,2.68,10.8,5.02,6.86,22.4,1.5467,2.65,0.753121849,0.0156,0.0294,0.0353,0.0252,0.032598596,0.0013,0,0.0138,0.0205,0.001408208,0.003715416,0.070935,0.070014,-1.31
3.16,6.51,5.74,5.44,6.18,6.56,4.21,-0.63,2.89,4.56,23.28,1.5333,2.58,0.718593895,0.0162,0.0288,0.035,0.0246,0.0303212,0.00135,0,0.0099,0.0114,0.00058178,0.003921612,0.05022,0.038396,-4.57
0.54,1.72,2.12,1.71,2.93,0.58,-0.59,3.19,2.89,1,23.77,1.41,2.44,0.721316347,0.0173,0.0301,0.0361,0.0269,0.036150788,0.001441667,0.003787879,-0.0061,0.0058,0.000427036,0.004146893,0.041815,0.038467,-2.19
0.4,0.3,1.59,6.77,0.73,2,0.48,2.52,3.21,2.1,24.14,1.4133,2.4267,0.717425838,0.0157,0.0298,0.0359,0.0268,0.035150698,0.001308333,0,0.0028,0.0199,0.000538421,0.003515476,0.017768,0.016303,-0.7
-3.55,-4.42,-6.04,-7.58,-2.94,-3.59,-2.54,-4.83,-1.72,-3.91,23.32,1.43,2.38,0.7863991,0.0157,0.0293,0.035,0.0254,0.033231449,0.001308333,0.003802281,0.0171,-4.00E-04,0.000807835,0.003839016,-0.041423,-0.043268,-1.54
1.89,2.09,3.48,4.35,4.08,2.18,3.05,0.95,1.67,4.14,24.96,1.45,2.34,0.738715088,0.017,0.0294,0.035,0.0259,0.02773127,0.001416667,0.003787879,3.00E-04,0.0016,0.000325271,0.004430721,0.047832,0.045795,-3.55
4.92,5.79,6.65,2.42,6.64,5.77,3.64,5.39,5.01,6.19,25.66,1.4233,2.3867,0.714235352,0.0185,0.0298,0.0353,0.0272,0.026550152,0.001541667,0,-0.0015,0.0108,0.000459089,0.003542352,0.061382,0.048273,-2.32
2.2,1.78,1.9,4.82,2.91,0.76,0.73,-0.26,1.86,3.6,26.57,1.41,2.4,0.694073313,0.0209,0.0297,0.0351,0.0279,0.026534716,0.001741667,0,-0.0086,-0.0091,0.000267718,0.003445919,0.038215,0.035725,-1.87
0.73,-0.6,0.54,1.44,-0.2,0.51,0.88,0.65,-0.33,1.46,24.54,1.4167,2.4833,0.78375202,0.0216,0.0334,0.0378,0.0314,0.027225579,0.0018,0.003759399,-0.0148,-0.003,0.000593167,0.002853477,0.007401,-0.00273,-1
-3.04,-5.27,-3.54,-1.48,-2.98,1.78,-3.04,-3.13,-2.85,-3.04,24.14,1.42,2.51,0.795496906,0.0211,0.034,0.0386,0.0301,0.0274619,0.001758333,0.003745318,0.0223,0.0109,0.001105692,0.002853784,-0.014266,-0.016183,-0.84
-4.23,-6.42,-5.87,-7.58,-6.57,-2.46,-2.71,-1.86,-0.21,-7.07,23.32,1.42,2.5367,0.816935916,0.0204,0.0324,0.0385,0.0303,0.028087025,0.0017,0.003731343,-8.00E-04,-0.0085,0.000681474,0.002485169,-0.050101,-0.060097,-3.04
1.37,6.61,4.99,4.23,3.97,2.72,0.77,2.7,4.68,3.26,24.54,1.43,2.5367,0.77372104,0.0138,0.0316,0.0382,0.0281,0.024695232,0.00115,0.003717472,0.0074,0.0227,0.000572852,0.00261672,0.051046,0.049806,-4.23
0.55,1.94,2.77,2.12,1.03,3.52,0.63,6.31,2.91,2.75,24.76,1.44,2.5233,0.758431958,0.0144,0.0311,0.0375,0.0286,0.025798002,0.0012,-0.003703704,-0.0049,-0.0073,0.000376498,0.002867828,0.023763,0.009879,-1.56
0.7,0.26,1.53,1.97,1.88,3.37,0.16,1.34,2.13,1.73,26.15,1.4633,2.5367,0.72451959,0.0097,0.0295,0.0361,0.0279,0.022562565,0.000808333,0,0.024,0.0198,0.000340713,0.00259655,0.012916,0.002343,-1.82
1.3,0.85,1.62,-2.79,3.78,0.83,1.63,-0.31,1.35,1.35,29.21,1.45,2.62,0.732467844,0.0064,0.029,0.0349,0.0272,0.018357419,0.000533333,0,0.0163,0.0063,0.000935429,0.001838346,0.002467,0.000533,-0.97
-0.62,-1.12,-0.23,-1.46,-0.26,1.61,-2.33,0.28,-3.51,0.88,31.68,1.4933,2.6767,0.693758164,0.0098,0.0287,0.0346,0.0271,0.017579611,0.000816667,0,6.00E-04,0.004,0.000499174,0.002914384,-0.017867,-0.018659,-1.35
6.98,8.98,9.5,9.49,8,13.85,7.04,8,3.88,12.77,35.98,1.54,2.77,0.604119785,0.0115,0.029,0.0345,0.0272,0.026992813,0.000958333,-0.003731343,0.0064,0.0017,0.000882281,0.002845475,0.054288,0.052361,-0.62
-0.52,0.35,0.59,0.6,0.94,1.3,1.63,1.05,-0.06,2.09,37.91,1.5667,3.1333,0.586075413,0.0145,0.0304,0.035,0.0287,0.025418715,0.001208333,0,0.0073,-0.0018,0.000745073,0.001413363,0.006433,-0.001081,-0.29
1.92,3.07,0.17,-0.58,-2.76,4.31,1.98,1.02,3.31,-0.94,43.52,1.5867,3.2933,0.534506816,0.016,0.0306,0.0352,0.03,0.024760442,0.001333333,0.003745318,-0.0102,-0.0041,0.002082119,0.000641264,0.057646,0.057068,-0.52
-0.52,-3.21,-1.64,-1.6,-3.14,-4.52,-1.54,0.94,-1.2,-2.44,42.34,1.6267,3.5,0.54740915,0.0223,0.031,0.0359,0.0292,0.025100687,0.001858333,0,0.0144,0.0078,0.002679896,0.000632409,-0.030468,-0.031,-1.19
2.06,5.24,7.38,9.41,6.48,3.76,2.25,6.97,3.07,6.44,45.51,1.6333,3.56,0.51525059,0.0224,0.031,0.0358,0.0295,0.026033703,0.001866667,0,-0.0045,-0.003,0.001929162,0.000372768,0.087825,0.075124,-0.94
1.56,0.7,3.05,4.4,3.64,1.25,2.21,7.3,0.26,1.27,45.48,1.64,3.62,0.50982801,0.0254,0.0315,0.0362,0.0295,0.02524455,0.002116667,-0.003717472,0.0037,0.0063,0.000474703,0.000243799,-0.000309,-0.001685,-0.52
0.43,2.51,3.02,3.55,2.64,2.59,1.46,2.26,2.25,1.29,46.97,1.8,3.6,0.551564593,0.0249,0.0326,0.0376,0.0299,0.025671522,0.002075,0.007407407,0.0027,-0.0018,0.001037045,0.000939936,0.03891,0.037762,-0.1
1.41,3.08,5.88,5.37,3.8,3.68,1.71,4.34,4.83,2.75,49.39,1.8133,3.5533,0.524902957,0.0231,0.0328,0.038,0.0313,0.024753606,0.001925,0.007352941,-0.0209,-0.0093,0.000495576,0.001015523,0.051427,0.050619,-3.43
1.38,0.53,0.78,0.97,0.22,-4.07,1.17,0.66,1.04,0.06,45.58,1.8067,3.4433,0.566427008,0.029,0.0359,0.0417,0.0329,0.029457322,0.002416667,0.003649635,-0.0054,-0.0105,0.001642011,0.001272093,0.006619,0.005298,-0.51
0.69,-0.83,0.59,9.16,-0.44,-1.1,-0.73,-0.92,0.2,-0.62,45.08,1.7733,3.4267,0.574897415,0.0299,0.0369,0.0424,0.0333,0.027088458,0.002491667,0,-0.0057,-0.0126,0.001731517,0.001541595,-0.001921,-0.011161,-2.66
2.07,2.86,1.98,5.44,4.85,4.12,1.74,4.6,2.26,2.87,45.74,1.73,3.4067,0.57609839,0.0307,0.0367,0.0444,0.0345,0.027420593,0.002558333,0.003597122,-0.0222,-0.0066,0.00030246,0.002142112,0.046538,0.045215,-1.6
-3.22,-4.36,-6.19,-6.4,-7.43,-4.22,-2.36,-2.37,-2.33,-5.7,45.22,1.75,3.4533,0.588004542,0.0337,0.041,0.0482,0.0367,0.03585399,0.002808333,0,2.00E-04,-9.00E-04,0.002147248,0.001349582,-0.048998,-0.054178,-0.31
-5.13,-7.71,-6.99,-8.8,-8.59,-7.38,-5.53,-1.6,-1.06,-8.8,41.06,1.77,3.4367,0.645746418,0.0358,0.041,0.0499,0.0369,0.038409717,0.002983333,0,-0.005,0.0023,0.004936011,0.001123013,-0.038834,-0.040549,-3.22
2.27,-1.04,2.05,4.66,5.96,-0.11,1.49,7.41,4.27,-0.63,41.72,1.78,3.4033,0.633071776,0.0331,0.0408,0.0509,0.034,0.040989814,0.002758333,0.003533569,0.0533,0.0311,0.003490079,0.000804086,0.023703,0.016483,-3.04
-2.1,-7.83,-6.9,-9.77,-7.07,-3.71,-3.1,-0.6,2.96,-5.48,39.99,1.79,3.37,0.653675779,0.0304,0.0381,0.0503,0.0323,0.034873147,0.002533333,0,0.0307,0.0685,0.001251402,0.000667927,-0.037422,-0.041021,-5.13
0.71,-3.42,-2.19,-5.17,-2.26,-2.92,1.08,4.28,1.34,-1.07,40.84,1.7767,3.2167,0.647390435,0.0153,0.0359,0.0466,0.0325,0.02775108,0.001275,0,0.01,-8.00E-04,0.000736248,0.000630306,-0.014109,-0.020288,-2.1
4.41,2.61,2.85,5.17,1.83,4.26,3.98,3.79,4.07,0.85,60.51,1.7967,3.41,0.460822665,0.032,0.0447,0.0508,0.0417,0.027141372,0.002666667,0.003436426,0.006,0.0089,0.000487796,0.001585929,0.034504,0.033514,-0.07
1.32,5.17,1.57,2.28,7.19,5.74,1.25,5.48,1.3,1.22,57.52,1.8167,3.4167,0.48097742,0.0405,0.0457,0.0528,0.0421,0.031020181,0.003375,0.003412969,0.015,0.0165,0.000618183,0.001331631,0.012574,0.011436,-0.56
-0.17,1.92,2.54,-0.3,5.81,0.13,2.28,4.8,0.64,-0.48,58.28,1.8233,3.4033,0.471798295,0.0415,0.0456,0.0526,0.0432,0.02972238,0.003458333,0,-0.0119,0.0135,0.000499693,0.0015159,0.018486,0.013114,-2.06
-2.42,-4.65,-4.79,-4.73,-8.19,-4.72,-3.27,-4.71,-1.63,-2.6,55.61,1.8667,3.39,0.499502104,0.0435,0.0461,0.0534,0.0441,0.022116168,0.003625,-0.003401361,0.0112,0.0107,0.000919418,0.000888552,-0.069933,-0.070835,-0.17
-2.88,-5.94,-3.43,-1.32,-2.49,-1.29,-1.52,0.15,1.94,-2.7,55.34,1.94,3.39,0.549798083,0.0331,0.0449,0.0525,0.0411,0.02559341,0.002758333,0,0.0282,0.0191,0.000969147,0.000360982,-0.012566,-0.015238,-2.42
2.12,-0.23,2.15,-2.67,12.01,5.79,1.58,11.25,1.74,0.06,55.83,1.9467,3.3033,0.541966427,0.0329,0.0446,0.0528,0.0417,0.024414376,0.002741667,0,0.0152,-0.0021,0.000423559,-3.58E-05,0.033513,0.028312,-2.88
4.52,0.21,0.76,2.64,1.67,-0.24,2.99,3.33,4.61,1.93,56.92,1.95,3.26,0.529174862,0.0246,0.0445,0.0526,0.0407,0.024269926,0.00205,0.003389831,0.0173,0.0141,0.000498948,-4.22E-06,0.021802,0.019133,-0.68
-4.97,-5.34,-7.18,-1.52,-10.65,-6.61,-4.75,-8.55,-4,-5.73,53.52,1.95,3.27,0.584341711,0.0248,0.0425,0.0501,0.0387,0.028312467,0.002066667,0,0.0075,-0.0063,0.001771622,-0.001194357,-0.058713,-0.06092,-0.7
5.83,0.6,4.02,5.97,6.68,3.73,5.92,4.21,3.62,5.35,55.54,1.95,3.27,0.567630019,0.0237,0.0431,0.0508,0.0399,0.026034213,0.001975,0,-0.0066,-0.007,0.000668674,-0.000955278,0.046081,0.039977,-4.97
3.61,1.65,4.26,5.56,3.33,5.74,2.27,6.04,5.54,2.64,58.11,1.95,3.27,0.550422965,0.0225,0.0435,0.051,0.038,0.022761361,0.001875,0,0.0279,0.0104,0.000450306,-0.001362514,0.048839,0.046597,-0.51
-2.95,-5.37,-4.99,-2.76,-5.47,-7.45,-2.34,-3.27,-2.6,-4.47,64.64,1.94,3.03,0.540821101,0.0233,0.0433,0.0503,0.0404,0.022482126,0.001941667,0,-0.0075,-0.008,0.000548907,-0.001148127,-0.026673,-0.028725,-0.41
3.17,0.98,1.1,0.35,-0.7,1.93,3.49,4.24,4.04,3.33,68.07,1.9533,3.0433,0.513792816,0.0239,0.0445,0.0511,0.041,0.02542591,0.001991667,-0.003333333,-0.0038,-0.0018,0.000406215,-0.001998608,0.02473,0.019511,-2.95
6.34,5.97,3.27,6.09,6.88,-0.31,6.71,3.06,3.74,4.7,71.32,2,3.1433,0.512610865,0.0248,0.0439,0.0511,0.0404,0.025570613,0.002066667,0,-0.002,0.0028,0.00036039,-0.002073447,0.045226,0.039324,-1.57
1.29,2.47,1.5,5.02,-0.09,3.35,-0.06,2.1,2.08,1.64,69.96,2.0333,3.31,0.522420733,0.0273,0.0442,0.0507,0.0414,0.028783381,0.002275,0.003333333,0.0103,0.0052,0.000265097,-0.002209728,0.020592,0.016147,-1.21
-0.71,1.03,-0.85,-2.26,-1.32,-3.25,-0.82,0.33,2.44,-1.66,69.55,2.04,3.37,0.545724592,0.0272,0.0439,0.0504,0.0398,0.024075304,0.002266667,0,0.0253,0.0151,0.000279492,-0.002884136,-0.003842,-0.005137,-2.26
-9.59,-9.23,-9.23,-8.15,-13.32,-9.41,-9.27,-12.47,-10.31,-9.51,59.63,2.0533,3.4367,0.628994392,0.0269,0.0428,0.05,0.0393,0.027722355,0.002241667,0,0.0046,0,0.010914839,-0.002905911,-0.079847,-0.085499,-0.71
-7.73,-8.36,-9.02,-5.47,-11.39,-8.8,-9.03,-11.78,-5.02,-8.74,54.75,2.06,3.47,0.687357469,0.0273,0.0428,0.0502,0.0401,0.026455442,0.002275,0,-0.0076,-0.0026,0.00616113,-0.002795277,-0.080669,-0.082222,-7.21
6.04,8.03,5.61,5.2,9.84,6.76,5.55,5.77,6.82,7.2,58.23,2.0667,3.49,0.64522603,0.0292,0.0434,0.0505,0.0412,0.030485904,0.002433333,0.003311258,-0.0109,-0.0015,0.00184349,-0.002562627,0.065203,0.063969,-9.59
2.59,5.33,2.26,2.72,4.41,5.92,1.51,-3.78,3.14,4.43,59.12,2.0733,3.51,0.633310352,0.0282,0.0435,0.0506,0.0401,0.029329201,0.00235,0,0.0187,0.0143,0.000801947,-0.002749597,0.021669,0.015803,-7.73
11.37,13.34,14.74,12.94,17.26,13.92,11.25,19.63,7.41,17.33,62.26,2.1133,3.6233,0.594178346,0.0283,0.0425,0.0496,0.0396,0.02481033,0.002358333,0,0.0021,0.0062,0.00127482,-0.002819534,0.108268,0.100528,-6.2
0.53,-0.18,-2.33,1.15,-2.93,-0.78,-2.48,-0.25,3.37,-0.66,63.1,2.13,3.67,0.591627051,0.0287,0.0424,0.0492,0.0395,0.019967897,0.002391667,0,0.0035,0.0023,0.000543886,-0.002796575,0.015534,0.01404,-2.74
3.03,4.46,3.63,5.06,3.62,5.63,4.43,7.47,2.39,4.46,69.8,2.1667,3.7533,0.558729274,0.029,0.0421,0.0487,0.0405,0.015199271,0.002416667,0,-0.0012,-0.0051,0.000322164,-0.002666221,0.04907,0.048177,-1.66
3.56,4.18,4.13,7.32,2.91,7.57,3.49,7.28,3.93,4.36,72.5,2.2067,3.92,0.549827236,0.0332,0.0429,0.0483,0.0408,0.009519622,0.002766667,0,0.0021,0.0035,0.000326916,-0.001955469,0.053466,0.048496,-1.35
-0.75,-2.69,-1.22,0.46,0.37,-2.94,-1.05,-1.33,-1.87,-1.5,71.7,2.21,3.96,0.547223625,0.0338,0.0431,0.0484,0.041,0.010313262,0.002816667,0,4.00E-04,-0.0023,0.000329888,-0.001524392,-0.010402,-0.011579,-0.78
-2.01,-2.11,-0.98,0.87,-3,0.14,-3.21,-1.55,-0.97,-1.97,73.23,2.2567,4,0.534296221,0.0352,0.0433,0.0484,0.0414,0.006012545,0.002933333,0,0.0051,0.0015,0.00311016,-0.001757576,-0.004487,-0.011085,-0.75
3.27,4.35,3.95,4.59,2.3,2.46,2.69,3.66,1.36,2.91,77.04,2.2967,4.0733,0.510606871,0.0352,0.0439,0.0483,0.0421,0.014293524,0.002933333,0,-0.0014,0.0087,0.000183339,-0.001727961,0.027391,0.026373,-2.01
1.9,2.07,2.77,1.19,0.92,3.11,2.25,0.97,1.01,5.14,77.8,2.3133,4.1267,0.501162297,0.0353,0.0436,0.0483,0.0424,0.017407874,0.002941667,0,-0.0011,0.0054,7.17E-05,-0.001488416,0.017015,0.012171,-0.31
1.68,2.39,1.85,1.95,0.83,3.15,2.56,2.29,0.81,2.58,84.86,2.46,4.4967,0.487813259,0.0357,0.0442,0.0481,0.0421,0.02011571,0.002975,0,0.0043,0.005,0.000187051,-0.002225736,0.008745,0.007566,-0.2
4.22,2.76,3.77,1.08,2.98,6.33,3.15,2.05,1.33,3.9,87.43,2.5333,4.6367,0.471399478,0.0393,0.0441,0.0478,0.0424,0.014822357,0.003275,0,0.0014,9.00E-04,0.000393197,-0.002201776,0.003746,-0.000853,-0.99
3.62,4.12,4.06,1.58,9.11,6.13,3.53,6.66,1.76,4.35,87.17,2.6433,4.9333,0.467360878,0.0384,0.0449,0.0488,0.0428,0.015600331,0.0032,0,-0.0013,-6.00E-04,0.000107532,-0.001735749,0.02756,0.022473,-7.5
-7.8,-11.52,-9.23,-6.59,-14.21,-5.98,-7.47,-7.02,-2.69,-9.26,86.13,2.8133,5.42,0.512742204,0.0464,0.0498,0.0548,0.0473,0.015944913,0.003866667,0,-0.0059,-0.0026,0.001935492,-0.000420746,-0.04914,-0.054645,-2.33
-1.61,-1.98,-1.62,-0.82,-2.22,-1.87,-1.96,-1.44,-0.19,-1.77,83.6,2.85,5.4767,0.534943001,0.048,0.0516,0.0568,0.0482,0.01864057,0.004,0.00308642,-0.0037,-0.0098,0.001013784,-0.001022473,-0.012129,-0.013039,-7.8
-10.64,-10.37,-9.85,-10,-8.68,-9.91,-9.31,-9.49,-7.76,-11.85,77.1,2.87,5.4933,0.574954656,0.0496,0.0531,0.0583,0.0499,0.021469536,0.004133333,0.006153846,-0.0206,-0.0259,0.003165256,-0.001167014,-0.07165,-0.077487,-0.93
-1.8,-3.5,-2.4,0.59,-3.99,-1.92,-1.43,-1.84,3.49,-2.27,76.56,2.89,5.51,0.585492496,0.0537,0.0549,0.0609,0.048,0.016983868,0.004475,0,0.0332,0.0078,0.001600328,-0.001706522,-0.006244,-0.007692,-1.61
-1.18,-4.23,-0.72,0.8,-9.07,5.34,-3.18,2.16,8.67,-2.52,80.2,2.8833,5.5233,0.561661318,0.0535,0.0541,0.061,0.0467,0.015183575,0.004458333,0.006116208,0.0228,0.0261,0.002546772,-0.001371626,0.048333,0.047244,-10.64
1.12,1.18,3.39,5.74,12.83,8.07,1.77,7.52,-1.86,7.27,80.45,2.8767,5.5367,0.57264493,0.0532,0.0535,0.0613,0.048,0.017549156,0.004433333,0,-0.0148,-0.002,0.000774402,-0.001140659,0.011223,0.003741,-1.8
-1.08,0.5,2.78,1.64,4.39,7.12,0.73,1.94,1.79,0.67,80.33,2.87,5.55,0.576945106,0.0496,0.0539,0.0618,0.0455,0.017207926,0.004133333,0,0.0413,0.0201,0.00062696,-4.99E-05,0.000326,-0.001089,-1.18
4.98,5.35,4.17,3.08,5.24,5.88,6.43,2.86,-1.16,4.6,86.78,2.89,5.4833,0.540047893,0.0456,0.0503,0.0582,0.0465,0.017701209,0.0038,0,-0.0221,-0.0201,0.0004124,0.000555256,0.007514,0.00242,-1.08
8.85,10.66,7.98,11.38,5.38,2.13,8.26,5.17,2.69,11.48,94.75,2.9067,5.32,0.526298328,0.0421,0.0558,0.0626,0.0505,0.006687535,0.003508333,0.003003003,0.0068,0.0041,0.000218442,0.001654099,0.046454,0.045623,-0.56
6.92,9.43,9,7.84,10.8,2.22,8.22,1.75,2.7,9.19,96.47,2.92,5.33,0.525792445,0.0497,0.0619,0.0693,0.0556,0.014361073,0.004141667,0.00295858,0.0192,0.0127,0.000270886,0.002952225,0.027079,0.025857,-1.07
3.45,1.61,0.65,2.33,-3.99,0.38,6.21,-5.26,2.29,6.09,92.24,2.93,5.3667,0.556302384,0.05,0.0617,0.0684,0.0536,0.012854154,0.004166667,0.005899705,0.0328,0.0361,0.000483346,0.002504381,-0.041875,-0.043523,-0.02
16.14,16.69,14.26,12.44,17.47,12.01,15.66,11,2.96,14.48,97.59,2.9633,5.4833,0.522352064,0.0538,0.0621,0.0697,0.0547,0.00814016,0.004483333,0.002915452,0.0227,0.0048,0.001607559,0.00369931,0.084092,0.082642,-4.48
6.85,9.98,6.18,7.27,6.25,8.21,8.04,1.59,0.46,9.67,102.67,3.03,5.66,0.509195439,0.0519,0.0597,0.0679,0.0531,0.018287028,0.004325,0.002857143,-0.0102,-0.0053,0.000268231,0.002411819,0.039351,0.03821,-2.2
0.29,3.67,2.39,6.69,0.91,0.59,2.39,3.64,-1.62,2.02,101.51,3.1,5.82,0.557040236,0.0602,0.0685,0.0751,0.062,0.039508092,0.005016667,0.008379888,0.001,-0.02,0.000541617,0.002297385,0.034847,0.033599,-0.62
-0.6,1.15,-1.06,0.29,1,3.34,1.01,3.92,0.97,2.09,103.69,3.11,5.8267,0.548422404,0.0611,0.0689,0.0754,0.0593,0.044291034,0.005091667,0.005540166,0.0427,0.0335,0.000550428,0.001884274,0.022771,0.021449,-8.88
-10.86,-11.43,-11.5,-11.21,-12.85,-8.83,-11.8,-8.09,-5.82,-12.91,97.71,3.13,5.84,0.596777334,0.0644,0.0698,0.077,0.0623,0.045152858,0.005366667,0.005494506,0.0214,0.0035,0.00075224,0.001192764,-0.054357,-0.055686,-0.6
3.84,4.89,4.44,6.62,6.6,3.89,7.24,10.44,-1.06,7.14,95.51,3.1433,5.8733,0.622788986,0.0698,0.0697,0.0786,0.063,0.046914853,0.005816667,0.005434783,-0.0069,-0.002,0.000918221,0.001476737,0.045728,0.04018,-10.86
-2.78,-3.2,-2.35,-8.8,-2.35,-1.95,-1.24,1.84,-3.72,-1.36,93.12,3.15,5.89,0.640888463,0.0709,0.0714,0.0805,0.0677,0.04839134,0.005908333,0.002702703,-0.0531,-0.0244,0.000891555,0.002174667,-0.023941,-0.025285,-9.69
-5.6,-7.24,-5.7,-5.23,-5.25,-1.48,-5.07,-1.41,-4.3,-6.95,93.81,3.1567,5.8167,0.641511757,0.0724,0.0735,0.0825,0.0676,0.047904136,0.006033333,0.00536193,-0.0243,-0.0471,0.000509125,0.001540825,-0.029152,-0.034433,-2.78
-2.68,-4.52,-3.15,-3.53,-5.55,-7.74,-4.48,-4.11,-2.95,-5.08,85.02,3.1633,5.73,0.700346746,0.0787,0.0791,0.0886,0.0693,0.034473208,0.006558333,0.00265252,-0.0021,0.0141,0.00106709,0.000907608,-0.075398,-0.076809,-5.6
3.55,-0.61,3.76,5.23,3.32,7.22,2.47,4.13,6.83,6.89,89.5,3.1667,5.68,0.670147507,0.0713,0.0793,0.0878,0.0651,0.035855217,0.005941667,0.005291005,0.0587,0.0401,0.001058714,0.000378919,0.059521,0.053615,-6.82
-1.5,-0.96,-1.64,-4.67,-6.6,-3.94,-3.47,-4.91,3.22,-2.59,89.63,3.17,5.63,0.690326769,0.0663,0.0784,0.0863,0.0661,0.035841581,0.005525,0.005263158,-0.0068,-0.0045,0.000963563,-0.000431436,0.002806,0.001232,-2.68
-9.07,-9.36,-9.32,-3.16,-10.57,-8.32,-10.88,-10.36,-5.46,-9.37,76.55,3.1767,5.5567,0.774227628,0.0684,0.0811,0.0898,0.0743,0.038661028,0.0057,0.002597403,-0.0468,-0.0163,0.008151871,-0.000237626,-0.054689,-0.061112,-1.5
-6.71,-9.23,-7.92,-5.97,-11.3,-4.27,-6.61,-5.75,-3.98,-8.22,72.72,3.18,5.52,0.793381417,0.0668,0.0848,0.0925,0.0709,0.042299183,0.005566667,0.005181347,0.0486,1.00E-04,0.002651909,-0.000252295,-0.049032,-0.050902,-13.52
5.76,8.37,4.8,16.29,-0.32,8.7,6.73,4.16,7.18,6.04,78.05,3.1833,5.4667,0.738707568,0.0645,0.0844,0.094,0.0687,0.043081634,0.005375,0.005154639,0.0319,0.0556,0.002126499,0.00032781,0.075523,0.073219,-9.07
5.03,8.67,5.96,8.64,8.13,4.5,4.85,4.87,3.98,7.25,81.52,3.1867,5.4133,0.709278297,0.0641,0.0813,0.0944,0.0694,0.038736729,0.005341667,0,-0.0019,0.01,0.001887124,0.001517596,0.049778,0.043782,-6.71
12.11,9,8.76,2.21,4.74,6.67,10.93,9.09,6.75,6.88,92.15,3.14,5.13,0.646426358,0.0487,0.0764,0.0912,0.0648,0.031468174,0.004058333,0.005050505,-0.0084,0.0372,0.000535191,0.001512501,0.058684,0.057358,-3.61
-5.56,-7.53,-5.55,-2.8,-9.61,-4.11,-5.52,-6.1,-0.93,-5.81,95.58,3.0967,5.3567,0.667730625,0.054,0.0764,0.0876,0.0643,0.025796321,0.0045,0.002463054,0.003,-0.0025,0.000518436,0.001536027,-0.040827,-0.041901,-4.79
3.32,8.18,5.37,0.63,5.48,1.93,2.59,4.7,-1.17,5.14,99.03,3.0933,5.3933,0.638257597,0.0494,0.0759,0.0876,0.061,0.026781963,0.004116667,0.002457003,0.0471,0.0554,0.002451185,0.001428452,0.042036,0.036549,-3.14
0.91,0.91,-1.48,-1.61,-3.33,0.84,0.33,1.45,-1.52,-0.05,98.34,3.09,5.43,0.64608483,0.0469,0.0744,0.0859,0.0598,0.027934417,0.003908333,0,0.0204,-0.0102,0.000524264,0.001167068,-0.005038,-0.006387,-5.56
12.12,12.95,11.5,11.63,15.79,13.86,13.08,12.11,7.22,11.27,102.09,3.07,5.7,0.643900247,0.0401,0.0725,0.0838,0.0597,0.034023359,0.003341667,0.004889976,0.0044,0.0223,0.001183026,0.00225388,0.08788,0.086486,-5.72
9.35,14.43,10.85,7.99,19.26,6.94,8.97,6.67,1.01,11.6,103.94,3.07,5.7367,0.635356973,0.0338,0.0719,0.0823,0.0606,0.033075117,0.002816667,0,-0.0063,-0.0033,0.00049422,0.002350457,0.019088,0.017814,-3.92
-2.41,-1.55,-1.93,-0.89,-1.83,1.55,-3,0.27,-0.52,-2.43,109.53,3.07,5.9167,0.632442335,0.0369,0.073,0.0823,0.0597,0.030657067,0.003075,0.002409639,0.027,0.0163,0.000769029,0.001828001,0.022019,0.016763,-1.03
-3.15,-2.82,-2.71,-2.79,-3.24,-4,-6.58,-1.18,-1.36,-3.9,107.14,3.07,5.97,0.654015479,0.0391,0.0723,0.082,0.0607,0.03419939,0.003258333,0.002403846,-0.0065,-0.0068,0.000365358,0.00154141,-0.020156,-0.021378,-0.71
-3.46,-3.64,-1.86,-2.19,-2.95,0.05,-6.53,-1.96,0.36,-4.16,107.39,3.0733,6.0267,0.657049549,0.0398,0.0721,0.0823,0.0593,0.033325093,0.003316667,0.004796163,0.0216,0.003,0.000595479,0.001348536,0.003245,0.002126,-2.41
-0.97,-0.36,1.57,9.33,0.31,3.52,-0.87,3.8,4.6,0.8,111.09,3.0767,6.0833,0.63046704,0.0402,0.0719,0.0819,0.0595,0.031848785,0.00335,0.002386635,0.0029,0.0072,0.000594997,0.001068882,0.039425,0.034649,-3.15
-3.64,-4.21,-2.82,-2.96,-4.08,-2.6,-3.88,-3.67,0.2,-3.38,110.55,3.08,6.14,0.637385001,0.0466,0.0722,0.0809,0.0606,0.032869775,0.003883333,0.002380952,-0.0083,0.0031,0.000465713,0.000883967,-0.003277,-0.004516,-3.46
-0.66,-1.79,-2.36,0.89,-2.34,0.53,-2.94,-4.44,5.82,-2.1,111.58,3.1033,6.2333,0.635884126,0.0474,0.0721,0.0806,0.0591,0.032353444,0.00395,0.004750594,0.0234,0.0101,0.000858267,0.000908539,0.010878,0.009503,-0.97
5.89,4.01,5.29,7.6,2.58,5.35,7.27,-0.4,6.68,4.38,116.67,3.1267,6.3267,0.596733483,0.0478,0.0712,0.0799,0.0577,0.03095225,0.003983333,0.002364066,0.0226,0.0249,0.00048846,0.000483774,0.050297,0.045173,-3.64
-3.01,-1.54,-1.73,0.79,-2.38,-4.37,-2.92,-0.09,-0.87,-2.98,118.05,3.15,6.42,0.595674595,0.0507,0.0708,0.0793,0.0599,0.034203484,0.004225,0.002358491,-0.0229,-4.00E-04,0.000517178,0.000311447,0.013663,0.012622,-0.66
-7.19,-9.09,-6.65,-9.99,-9.18,-9.38,-9.59,-7.34,-1.85,-7.13,111.68,3.1633,6.6733,0.636183735,0.056,0.0722,0.0797,0.0688,0.036299867,0.004666667,0.007042254,0.0014,0.0023,0.001264572,-0.00020733,-0.033818,-0.038229,-3.01
-3.47,-3.36,-1.65,-1.3,-3.67,-2.37,-5.79,-3.02,-1.4,-2.1,111.52,3.17,6.8,0.676018128,0.0609,0.0729,0.0803,0.0686,0.036706149,0.005075,0.009324009,0.0082,0.0045,0.001557543,-0.000695859,-0.001093,-0.002089,-4.64
-8.3,-8.62,-5.9,-4.57,-8.69,-6.86,-9.29,-10,-0.66,-8.55,106.97,3.1867,6.9433,0.697719849,0.0626,0.0726,0.0809,0.0687,0.037833237,0.005216667,0.006928407,0.0046,0.0061,0.001517541,0.000165363,-0.040064,-0.041236,-7.19
-8.6,-10.27,-7.69,-9.09,-10.37,-5.62,-9.99,-8.81,-0.69,-8.85,104.95,3.2033,7.0867,0.713215962,0.0636,0.0729,0.0806,0.0703,0.039602216,0.0053,0.006880734,-0.0105,-0.0039,0.003077462,-7.34E-05,-0.01395,-0.019002,-3.47
-5.14,-4.37,-2.77,-1.57,-2.92,-1.53,-4.85,-4.27,-1.79,-2.85,104.26,3.22,7.23,0.720974308,0.0719,0.0737,0.0813,0.071,0.039013399,0.005991667,0.006833713,-0.0021,-0.0056,0.002164598,0.000743978,-0.005178,-0.006522,-8.3
10.91,14.3,11.64,8.52,17.12,7.01,12.09,14.64,-1.24,9.84,108.22,3.2367,7.3833,0.693976684,0.0801,0.0745,0.0824,0.076,0.037350063,0.006675,0.002262443,-0.0433,-0.0476,0.001868018,0.00023903,0.039128,0.037679,-8.6
-5.27,-7.23,-3.46,-3.55,-6.04,-6.24,-4.86,-6.19,-1.99,-4.35,104.25,3.2533,7.5367,0.724337235,0.0867,0.0768,0.0853,0.0728,0.037388768,0.007225,0.018058691,0.0391,0.0356,0.001095856,0.000252075,-0.031544,-0.036505,-5.14
-1.46,-3.83,0.6,14.26,1.78,-5.02,-1.44,0.75,-2.3,-1.3,108.29,3.3067,7.8467,0.672081791,0.0722,0.076,0.0841,0.0689,0.03466033,0.006016667,0.008849558,0.0215,-0.0066,0.001344717,-0.000887358,0.000312,-0.00156,-5.27
-5.88,-6.18,-3.96,6.37,-4.82,-3.81,-5.94,-5.26,2.11,-4.11,97.55,3.38,8.16,0.755588463,0.0745,0.0768,0.0848,0.0726,0.013007395,0.006208333,0.006535948,-0.0082,-0.0089,0.005358381,-0.000640199,0.017971,0.016534,-1.46
15.13,15.9,14.95,4.24,14.89,14.19,14.21,9.53,5.85,12.64,96.57,3.4,8.2267,0.751446438,0.0777,0.0783,0.0848,0.074,0.011626749,0.006475,0.008658009,-0.0083,-0.0053,0.003409512,-0.000936753,-0.00812,-0.009749,-18.24
1.91,1.54,1.29,-2.1,-1.1,-1.91,0.7,-0.81,1.07,0.8,96.22,3.42,8.2933,0.747097719,0.0712,0.0785,0.0853,0.0748,0.010918648,0.005933333,0.012875537,-0.0024,9.00E-04,0.001878014,-0.000957314,0.001992,-0.003695,-5.88
-2.06,-3.96,-1.16,-0.6,-4.45,-3.16,-3.5,-3.09,-4.21,-3.83,86,3.5,8.74,0.860158772,0.079,0.0847,0.0927,0.0812,0.00802781,0.006583333,0.008230453,0.0045,-0.0285,0.002300341,-0.001691767,-0.012816,-0.014583,-4.79
-5.15,-7.17,-4.03,-4.33,-7.96,-6.2,-5.07,-7.36,-0.12,-5.81,79.31,3.53,8.8633,0.911239322,0.0755,0.0872,0.0948,0.0823,0.006839504,0.006291667,0.008163265,-0.0029,-0.0211,0.004917534,-0.001999253,-0.076698,-0.0785,-6.12
-7.91,-6.32,-6.98,-8.39,-8.74,-6.82,-8.36,-7.9,-6.82,-8.98,72.15,3.56,8.9867,1.017123994,0.0896,0.09,0.0977,0.0855,0.006555915,0.007466667,0.012145749,-0.0232,-0.0268,0.004791049,-0.00230981,-0.082177,-0.089737,-2.06
-7.65,-9.16,-8.38,-5.25,-11.37,-8.06,-9.07,-11.78,-2.29,-7.04,63.54,3.59,9.11,1.135440144,0.0806,0.0924,0.1018,0.0837,0.005138263,0.006716667,0.012,0.0247,0.0174,0.007811715,-0.001700144,-0.117511,-0.119578,-5.15
6.14,7.45,9.5,24.96,6.33,8.16,7.53,19.96,9.86,8.44,73.9,3.5933,9.0367,1.037083784,0.0746,0.0927,0.1048,0.0795,0.003639158,0.006216667,0.009881423,0.0489,0.0885,0.010084954,-0.00189545,0.168113,0.164814,-7.91
-6.01,-7.26,-4.87,0.2,-6.38,-0.05,-5.81,-1.61,-0.47,-5.1,69.97,3.5967,8.9633,1.115637022,0.0747,0.0889,0.106,0.0771,0.007815423,0.006225,0.007827789,0.0295,0.0117,0.003513839,-0.001821532,-0.045688,-0.053816,-7.65
28.75,34.98,27.39,16.67,34.75,34.01,32.18,27.65,22.76,29.02,76.98,3.6233,8.7433,0.980829627,0.0626,0.0883,0.1081,0.0796,0.008511169,0.005216667,0.003853565,0.0225,0.0596,0.004017213,-0.001229924,0.12361,0.121698,-6.01
4.69,3.39,5.47,5.34,8.21,9.37,5.62,11.84,0.96,5.86,81.59,3.6467,8.5967,0.933901631,0.055,0.0862,0.1065,0.0788,0.011652942,0.004583333,0.007677543,0.0131,0.0137,0.00217907,-0.000708124,0.06746,0.059497,-7.51
4.26,4.52,0.79,-0.61,0.13,3.59,3.51,1.88,5.05,0.61,89.04,3.7,7.8267,0.893497919,0.0596,0.0886,0.1062,0.0819,0.025896651,0.004966667,0.005494506,0.0475,0.0553,0.00215464,-0.001543024,0.064855,0.062135,-4.4
4.06,3.41,1.91,-1.58,1.39,3.53,4.15,2.66,3.21,0.77,91.24,3.69,7.8933,0.867928474,0.0548,0.0878,0.1056,0.0838,0.02462068,0.004566667,0.007285975,-0.0109,-0.0088,0.000812701,-0.001652912,0.030089,0.023996,-1.66
13.7,15.26,11.83,3.4,14.71,8.02,14.07,7.48,-0.85,10.81,99.71,3.6867,8.4267,0.76803652,0.0488,0.0855,0.1024,0.0802,0.022231369,0.004066667,0.003597122,0.0062,0.0061,0.001221425,-0.000170784,-0.005756,-0.01162,-0.71
1.2,2.63,3.97,3.49,5.86,5.4,0.56,2.57,3.1,2.73,104.28,3.76,9.25,0.781427631,0.0541,0.0862,0.0989,0.0807,0.018923185,0.004508333,0.005309735,0.0208,0.015,0.0009716,-0.001277583,0.043959,0.042158,-0.85
-0.12,-0.12,0.48,0.62,-1.52,0.1,-1.35,0.8,2.95,0.75,103.44,3.79,9.35,0.795823854,0.0523,0.0856,0.0982,0.0805,0.018840949,0.004358333,0.00528169,0.0078,0.0149,0.00048717,-0.001441104,-0.007202,-0.008454,-4.16
-0.26,1.5,1.66,6.84,1.15,2.62,0.65,2.06,4.02,1.45,105.24,3.85,9.55,0.791363274,0.0508,0.0838,0.094,0.0781,0.023781519,0.004233333,0.003484321,0.0145,0.0167,0.000890683,-0.001456697,0.024421,0.02267,-0.12
-2.37,-2.93,-2.53,-0.29,-4.15,-0.49,-3.11,-1.1,-0.2,-1.43,102.9,3.9167,9.67,0.812079633,0.0492,0.0832,0.0929,0.0779,0.02556797,0.0041,0.005208333,0.0084,0.007,0.001270002,-0.00115663,-0.020211,-0.021995,-2.77
2.21,3.74,1.97,3.77,2.86,4.73,2.75,1.06,2.98,2.63,102.1,3.9833,9.79,0.827262938,0.0475,0.0825,0.0923,0.0749,0.027894241,0.003958333,0.001727116,0.0339,0.0319,0.001117929,-0.00092241,-0.001041,-0.008628,-0.26
8.81,10.51,9.3,11.35,12.96,7.34,9.77,9.24,7.04,10.32,107.46,4.05,9.91,0.779973125,0.0435,0.0798,0.0912,0.0721,0.028565706,0.003625,0.003448276,0.0327,0.0347,0.000576229,-0.001122704,0.053775,0.05217,-2.37
1.49,0.46,2.34,3.42,1.53,-0.06,0.22,-1.12,1.67,2.37,98.44,4.2467,10.1933,0.86115007,0.0454,0.0804,0.0907,0.0771,0.031139359,0.003783333,0.008403361,0.0071,0.01,0.000984869,-0.0016387,0.000641,-0.000503,-0.03
1.19,0.56,-0.44,-0.8,0.83,3.74,1.33,0.86,1.78,2.28,98.85,4.4067,10.5167,0.896783399,0.0519,0.0794,0.0887,0.0768,0.033182021,0.004325,0.004942339,-0.007,-5.00E-04,0.000594692,-0.001686821,-0.015453,-0.016589,-0.49
-1.36,-3.14,-2.78,-5.1,-2.57,-2.42,-1.81,-0.35,-2.26,-2.16,92.34,4.5567,10.77,0.975377284,0.0616,0.0804,0.0889,0.0781,0.032775495,0.005133333,0.003257329,-0.0093,-0.0038,0.000726166,-0.001257046,-0.041984,-0.043869,-0.59
1.31,0.79,1.63,3.74,3.08,6.14,2,3.92,0.11,2.37,95.1,4.67,10.89,0.960333025,0.0607,0.0819,0.0899,0.0803,0.030475541,0.005058333,0.003231018,-0.0168,-0.0105,0.000626626,-0.00183389,0.00557,0.003637,-1.36
6.65,6.72,6.68,2.6,9.66,8.36,7.32,8.91,1.64,6.85,89.21,4.8,10.92,1.111492553,0.0629,0.0847,0.0922,0.0831,0.027569748,0.005241667,0.007949126,-0.0021,0.0042,0.000622855,-0.001381708,0.026925,0.024356,-0.18
-0.2,-0.83,1.37,2.03,3.99,4.24,0.36,3.32,-0.68,1.71,96.11,5.07,12.33,1.045701296,0.0908,0.0916,0.0994,0.0898,0.014874873,0.007566667,0.004451039,-0.013,-0.0133,0.001665671,-0.001548154,0.016627,0.014264,-18.21
-2.11,-2.95,-2.5,2.63,-3.61,-1.1,-3.09,-4.45,-0.81,-1.13,96.28,5.1567,12.9767,1.040775451,0.0932,0.0926,0.1008,0.0908,0.012292482,0.007766667,0.011713031,-0.0135,-0.0128,0.000814059,-0.001314727,-0.028649,-0.036958,-0.2
2.51,1.86,2.93,4.77,2.82,4.67,2.22,1.1,-0.81,3.18,101.76,5.2467,13.5267,1.041876243,0.0946,0.0938,0.1033,0.0922,0.011631183,0.007883333,0.011461318,-0.0112,-0.0052,0.000646829,-0.001558234,0.004183,0.002218,-2.11
0.25,1.92,2.93,0.7,1.82,1.46,2.16,2.89,3.83,2.69,103.81,5.3967,14.1967,1.052314454,0.0924,0.092,0.1029,0.0895,0.009737203,0.0077,0.011065007,-0.0085,-0.0031,0.000707685,-0.000954076,0.012051,0.009737,-0.26
4.69,1.2,5.58,17.39,11.1,9.24,3.98,9.77,6.87,5.98,106.16,5.6033,14.7833,1.083115462,0.1179,0.1076,0.1199,0.1009,0.01081468,0.009825,0.009308511,0.0311,0.0222,0.001558374,-0.000844509,0.052777,0.04357,-1.54
4.23,2.79,7.62,15.81,9.94,8.39,5.35,7.15,-0.75,6.23,107.94,5.65,14.86,1.061950068,0.1204,0.1074,0.1206,0.1012,0.010549299,0.010033333,0.010540185,0.0057,-0.0108,0.000469655,-0.000371131,0.01834,0.015892,-9.64
4.21,1.39,3.36,7.33,5.6,6.56,3.62,6.22,12.9,5.85,106.29,5.8467,15.1733,1.05181994,0.132,0.1204,0.1419,0.1076,0.015346805,0.011,0.011235955,0.1523,0.1376,0.002745574,-0.000265001,0.042394,0.039877,-1.22
6.85,8.56,6.2,5.88,6.75,8.77,8.57,10.93,4.96,7.76,111.24,5.8933,15.0567,1.010048775,0.0858,0.1099,0.1317,0.1037,0.015051823,0.00715,0.009876543,0.0419,0.056,0.001509752,-0.000153969,0.05556,0.046651,-14.33
1.48,2.81,1.23,-2.78,-2.45,1.42,1.34,-1.81,-0.27,1.37,131.27,6.24,14.66,0.881815757,0.1479,0.1335,0.1537,0.1283,0.030009372,0.012325,0.010344828,-0.0435,-0.0269,0.001530896,0.000731569,0.021267,0.013492,-3.13
-5.79,-8.55,-9.03,-17.39,-10.07,-5.5,-6.07,-7.72,-4.2,-8.61,116.18,6.52,15.27,1.092378644,0.147,0.1549,0.1692,0.1482,0.021483369,0.01225,0.009750813,-0.0145,-0.0199,0.002761243,-0.000542183,-0.050466,-0.0535,-1.44
5.87,6.88,5.65,8.82,10.61,8.81,5.85,9.42,4.73,6.99,121.89,6.5567,15.3,1.089085684,0.1354,0.154,0.1711,0.1384,0.014897108,0.011283333,0.002145923,0.0829,0.0521,0.00207827,-0.000818499,0.052115,0.048694,-5.84
2.36,1.97,1.88,-1.47,1.86,7.08,-0.08,1.41,7.15,2.4,126.35,6.5933,15.33,1.044455443,0.1086,0.1422,0.1639,0.122,0.015672825,0.00905,0.003211991,0.141,0.1267,0.001504011,-0.001017162,0.043827,0.035918,-5.79
-1.88,-2.79,-4.09,-15.73,-5.91,-3.77,-2.42,-3.09,0.27,-4.17,113.11,6.69,14.9933,1.126287316,0.1348,0.1527,0.1718,0.1402,0.010506109,0.011233333,0.003181336,0.0182,0.0312,0.001918265,-0.002061765,-0.050441,-0.059588,-0.57
0.73,0.52,-2.22,-4.99,-1.29,0.15,1.61,-0.23,1.71,-1.25,111.96,6.72,14.81,1.185750574,0.1268,0.1458,0.1682,0.1387,0.005548433,0.010566667,-0.001057083,0.0231,0.0306,0.001795198,-0.001889145,-0.006805,-0.010463,-0.05
5.82,5.86,3.58,1.48,8.34,8.05,6.6,9.71,4.06,5.42,116.44,6.75,14.5967,1.149983498,0.127,0.1446,0.1678,0.1348,0.002923686,0.010583333,0.004232804,0.0373,0.0338,0.001246807,-0.001933742,0.04155,0.040063,-1.88
-0.02,0.77,-1.08,-10.79,-1.33,-0.86,1.36,0.47,-2.05,-1.38,107.09,6.8233,13.9667,1.206529805,0.1135,0.1461,0.168,0.1352,-0.011551892,0.009458333,0.005154639,0.0501,0.054,0.000958581,-0.002062527,-0.020199,-0.022058,-1.22
4.01,3.39,7.13,4.76,5.99,6.8,5.53,6.13,9.59,6.99,119.51,6.8367,13.7633,1.082424471,0.0868,0.1371,0.1632,0.1254,-0.00285763,0.007233333,0.002051282,0.0781,0.0837,0.006415949,-0.002222557,0.127402,0.116647,-0.5
6.83,1.59,1.96,-5.89,4.96,4.02,4.69,5.5,1.99,4.14,120.42,6.85,13.56,1.088535565,0.0792,0.1294,0.1563,0.1183,0.000550709,0.0066,0.002047083,0.0618,0.0623,0.00213126,-0.001863136,0.010496,0.007717,-0.02
1.97,0.48,1.11,-3.35,-1.38,-1.35,1.4,-2.67,3.88,0.5,166.07,7,13.3,0.714847583,0.09,0.1237,0.1355,0.1157,0.023142101,0.0075,0.00499002,0.0505,0.0392,0.001057274,-0.001828432,0.014153,0.010885,-0.61
-3.75,-5.13,-5.16,-6.79,-10.98,-7.95,-4.93,-10.68,1.95,-4.69,163.55,7.03,13.5433,0.719474372,0.0864,0.1225,0.1346,0.1188,0.024707395,0.0072,0.002979146,-0.0132,-0.0025,0.001115354,-0.001702248,-0.013108,-0.014695,-2.51
-1.25,-1.36,-0.28,-3.86,-4.25,-1.32,-3.12,-5.86,-2.4,-1.55,164.93,7.09,14.03,0.700359118,0.09,0.1257,0.1375,0.1197,0.02702048,0.0075,0.000988142,-0.0059,-0.0033,0.000528107,-0.001693727,-0.005749,-0.008699,-3.75
-4.63,-6.11,-6.43,-2.21,-9.46,-7.78,-5.99,-5.67,-1.92,-4.66,157.06,7.15,14.85,0.763448031,0.0909,0.1208,0.1359,0.1217,0.026663092,0.007575,0.004906771,-0.0178,-0.0172,0.002019467,-0.001928468,-0.034034,-0.039505,-1.25
-0.92,-1.92,-0.5,-2.21,-2.8,-1.56,-2.45,-1.04,-1.02,-2.75,160.05,7.2233,15.5733,0.758658979,0.0969,0.1281,0.1431,0.1284,0.022643862,0.008075,0.004873294,-0.0105,-0.0073,0.00103554,-0.001914722,0.006781,0.005229,-4.63
2.04,3.12,1.93,-3.74,2.67,3.11,3.44,2.57,0.96,0.93,153.18,7.31,16.2,0.784351819,0.0987,0.1355,0.1505,0.1374,0.001264016,0.008225,0.002901354,0.015,0.0199,0.001675744,-0.001879243,0.022937,0.018709,-0.92
-3.61,-5.11,-3.64,-10.14,-7.87,-3.35,-2.94,-5.18,-0.45,-3.84,150.66,7.3333,16.32,0.796391938,0.1012,0.1344,0.1515,0.1293,-0.001902945,0.008433333,0.003857281,0.0693,0.0586,0.000865665,-0.0013404,-0.013765,-0.015641,-3.03
0.82,-0.54,-0.25,-0.95,-3.28,-0.66,-0.13,-2.79,4.18,1.6,166.1,7.38,16.56,0.736050915,0.1037,0.1266,0.1435,0.1235,-0.009492547,0.008641667,0.004784689,0.0342,0.0314,0.000943209,-0.00140754,-6.40E-05,-0.003292,-3.61
1.58,2.49,0.67,-1.33,0.04,5.75,-0.56,-0.01,2.12,1.07,167.24,7.53,16.64,0.733098377,0.0806,0.1213,0.134,0.117,-0.027196787,0.006716667,0,0.0091,0.0128,0.001190055,-0.001127664,0.025556,0.021843,-0.66
8.47,13.83,12.54,4.41,17.95,15,12.02,17.55,4.37,12.07,179.63,7.5733,16.5567,0.690255446,0.0776,0.1208,0.1326,0.1127,-0.029905005,0.006466667,0.001899335,0.0364,0.0325,0.001635854,-0.001548947,0.076868,0.074737,-1.26
1.93,0.26,-0.62,-4.58,-0.42,2.63,0.78,2.06,3.74,2.23,191.85,7.74,15.61,0.686430144,0.0695,0.1094,0.124,0.1055,-0.026607514,0.005791667,0.002795899,0.0142,0.0083,0.000741523,-0.002195965,0.016065,0.012925,-1.38
5.77,5.32,5.31,3.19,5.52,5.22,6.14,5.54,4.38,5.83,202.17,7.88,14.8167,0.622703158,0.0724,0.1055,0.1199,0.1011,-0.027715873,0.006033333,0.00275989,0.0401,0.037,0.000943072,-0.001814477,0.071887,0.06663,-3.52
-6.26,-6.13,-4.41,-3.82,-7.78,-7.07,-7.22,-9.25,-7.12,-6.1,231.32,8.23,14.85,0.534629267,0.0521,0.0889,0.102,0.0827,-0.00513866,0.004341667,0.004557885,-0.05,-0.0114,0.004207378,-0.00237943,-0.083243,-0.085664,-5.57
0.69,0.86,-0.53,-2.99,0.36,-1.69,-0.18,-1.47,0.3,-1.83,249.22,8.2633,14.6033,0.493671085,0.0535,0.0868,0.1007,0.0779,-0.002124438,0.004458333,0.000906618,0.0267,0.0233,0.001730878,-0.002409017,0.024876,0.019717,-6.26
7.12,6.37,8.12,5.5,10.59,5.32,7.45,14.77,-0.09,5.81,284.2,8.32,14.8933,0.424911983,0.0559,0.0838,0.0965,0.0763,-0.004505936,0.004658333,0.003597122,0.0202,0.0058,0.001412264,-0.002041947,0.041778,0.037845,-3.37
4.25,2.86,3.66,3.08,0.13,6.14,3.34,2.01,2.59,2.21,304,8.52,14.42,0.407892397,0.0567,0.0932,0.1052,0.0877,0.005202462,0.004725,0.003536693,0.0098,0.0155,0.001070387,-0.001750249,0.05014,0.047654,-3.25
2.79,2.88,4.81,16.34,1.46,5.83,3.91,-0.44,-0.45,2.45,318.66,8.5667,14.9,0.383543216,0.0569,0.0942,0.1061,0.0907,0.001882197,0.004741667,0.002643172,-0.0178,-0.0119,0.000818162,-0.001654334,0.049843,0.047883,-0.74
-6.35,-5.66,-4.17,-7.14,-7.61,-7.01,-7.22,-6.36,-1.58,-4.16,230.3,8.76,16.9533,0.538027324,0.0569,0.1001,0.1123,0.0931,0.00989844,0.004741667,0.000867303,0.0037,0.0125,0.00678551,-0.002787493,-0.081874,-0.086541,-1.12
4.3,6.6,5.13,-2.75,5.08,18,1.58,1.44,1.13,1.44,247.08,8.81,17.5,0.508812016,0.0577,0.1011,0.1129,0.092,0.013274756,0.004808333,0,0.0165,0.0212,0.006852202,-0.00270069,0.073922,0.071025,-28.01
5.63,6.71,7.84,7.58,7.32,5.22,8.15,12.55,8.16,8.31,257.07,8.8567,17.8633,0.503773835,0.0581,0.0988,0.1107,0.0852,0.008422745,0.004841667,0.002599653,0.0666,0.0517,0.009157585,-0.002431406,0.042712,0.041086,-6.35
-0.19,0.41,-0.32,1.08,-1.5,2.1,0.59,-0.14,-0.04,0.46,272.02,9.3067,22.0233,0.473991535,0.0673,0.0996,0.1111,0.0947,-0.002823128,0.005608333,0.004237288,-0.017,-0.0111,0.001910623,-0.002833901,-0.004458,-0.007393,-1.04
2.84,2.67,2.87,-4.45,1.9,3.97,4.15,2.12,2.5,1.35,271.91,9.46,22.73,0.477540454,0.0724,0.0982,0.109,0.0917,-0.010001514,0.006033333,0.006722689,0.0345,0.0326,0.001192751,-0.002608375,0.042739,0.040086,-0.19
0.56,-1.63,-1.3,-3.02,-2.93,-0.63,-1.07,-3.92,1.82,-0.83,278.97,9.5567,23.07,0.469597189,0.0735,0.0951,0.1041,0.0889,-0.010462473,0.006125,0.003338898,0.0308,0.0273,0.00163151,-0.002312865,0.026891,0.023328,-2.2
5.24,7.09,6.2,8.77,7.33,10.83,5.38,6.45,3.03,6.18,297.47,9.837,24.1533,0.430769494,0.0827,0.0962,0.1065,0.0903,-0.022360511,0.006891667,0.004979253,0.0203,0.0202,0.000964584,-0.002542386,0.072303,0.069633,-4.47
0.58,1,2.58,3.65,1.58,3.56,1.91,1.89,0.4,2.33,351.45,10.612,24.2,0.39272706,0.079,0.0896,0.0988,0.0841,-0.024811706,0.006583333,0.001607717,-0.0259,-0.0163,0.001380458,-0.002667298,0.019853,0.015516,-0.33
-0.29,-3.19,-1.28,3.11,-2.62,-0.12,-2.11,0.55,2.97,-1.29,345.99,10.948,23.1433,0.397225702,0.0769,0.0889,0.0981,0.0808,-0.027022111,0.006408333,0.002388535,0.0078,0.007,0.000844816,-0.002666404,0.020479,0.016641,-1.15
-1.7,-1.1,-0.99,6.38,-1.46,0.84,-0.62,-1.93,4.39,-3.84,353.4,11.055,22.87,0.390454744,0.0763,0.0886,0.0982,0.0816,-0.012323107,0.006358333,0.001588562,-6.00E-04,6.00E-04,0.000923443,-0.002928834,0.022657,0.019988,-6.47
-5.98,-6.12,-5.03,-0.73,-5.07,-10.32,-5.32,-5.58,-4.93,-5.14,329.08,11.1427,22.47,0.414971396,0.0764,0.0899,0.0994,0.0865,-0.013791937,0.006366667,0.010309278,-0.0343,-0.0191,0.002892101,-0.002860195,-0.067661,-0.069407,-0.29
1.22,0.14,2.89,4.78,3.55,0.84,2.58,1.69,1.13,0.81,331.89,11.2303,22.07,0.40917309,0.0774,0.0922,0.1014,0.0876,-0.011625709,0.00645,0.004709576,-0.0025,-0.0012,0.001008572,-0.002673868,0.013381,0.008986,-1.7
2.58,2.64,4.45,4.75,4.25,1.34,4.36,4.57,-0.15,-0.07,339.94,11.318,21.67,0.471333956,0.079,0.0937,0.1021,0.0889,-0.010275461,0.006583333,0.00546875,-0.0044,-0.0011,0.001032254,-0.002364162,0.026588,0.02436,-5.98
0.51,0.6,-0.41,0.69,1.18,0.29,0.68,5.14,0.32,-0.7,358.02,11.663,21.26,0.442949432,0.0773,0.0926,0.1022,0.0864,-0.00047416,0.006441667,0.005417957,0.023,0.0216,0.001350807,-0.002534271,-0.006754,-0.008921,-1.73
-8.61,-10.97,-7.69,0.96,-9.63,-7.52,-10.53,-8.24,0.72,-8.83,306.05,11.834,21.74,0.520289666,0.0736,0.0956,0.1064,0.0914,0.001391613,0.006133333,0.008358663,0.0117,0.0091,0.001984821,-0.003259189,-0.048959,-0.051213,-4.27
-5.32,-7.35,-6.36,-10.71,-4.55,-7.78,-7.34,-3.89,2.39,-7.3,304,11.918,21.6067,0.522451921,0.0717,0.0953,0.1074,0.0898,-0.00045175,0.005975,0.006028636,0.0215,0.0132,0.004492789,-0.002621133,-0.003597,-0.00611,-11.61
3.18,3.07,3.61,-1.67,4.12,6.41,4.88,6.71,3.58,3.61,322.22,12.002,21.4733,0.498505655,0.0706,0.093,0.1062,0.0858,0.00092778,0.005883333,0.002247191,0.0402,0.0285,0.002439904,-0.002632085,0.064561,0.059897,-8.61
1.28,-2.43,0.49,-6.99,-0.59,3.85,-0.57,3.48,0.75,-0.73,330.22,12.086,21.34,0.48449686,0.0674,0.0905,0.1043,0.0844,-0.001828469,0.005616667,0,0.0187,0.0167,0.000794597,-0.002338233,0.027987,0.024954,-5.32
3.88,1.28,2.09,2.57,4.31,1.41,3.14,6.28,3.51,2.54,395.43,12.2323,18.35,0.437639637,0.0533,0.0875,0.0965,0.0818,0.017176133,0.004441667,0.002936858,0.034,0.0275,0.002037667,-0.002069453,0.023885,0.019912,-2.69
-1.5,-2.2,-2.03,-4.25,-3.7,-5.09,-4,-0.38,1.39,-2.29,375.22,12.227,16.5867,0.46015449,0.0456,0.0848,0.0945,0.0789,0.030383515,0.0038,0.002911208,0.0082,0.0106,0.002049026,-0.001427475,-0.040214,-0.043973,-0.8
12.13,17.3,13.23,6.67,21.18,5.96,13.17,24.78,-1.76,18.71,408.79,12.2433,16.0433,0.413229679,0.038,0.082,0.0913,0.0776,0.031664925,0.003166667,0.001450326,-0.0324,-0.0173,0.000872455,-0.001272377,-0.018348,-0.019654,-1.5
-0.97,-1.37,0.48,3.77,-1.33,-1.42,-1.44,-1.3,2.9,2.26,415.35,12.3213,16.7633,0.382998516,0.0363,0.0828,0.0913,0.0781,0.037081356,0.003025,0.001433692,0.0243,0.0254,0.000690033,-0.001587793,0.00485,0.001087,-0.82
-5.21,-2.35,-4.34,-5.27,-7.46,-0.87,-4.44,-6.1,0.25,-2.15,408.14,12.32,17.05,0.392042354,0.0366,0.0822,0.0905,0.0765,0.042936625,0.00305,0.003579098,0.02,0.0156,0.000752919,-0.001273507,-0.01503,-0.017545,-3.31
1.72,0.44,0.89,4.68,1.38,2.49,2.85,3.6,6.84,3.76,424.21,12.345,17.38,0.3833487,0.0321,0.0807,0.0884,0.0726,0.041361011,0.002675,0.0021398,0.0398,0.0308,0.000897481,-0.001363662,0.040924,0.039465,-0.97
-2.56,-3.49,-4.34,2.48,-4.39,-3.75,-1.35,-3.84,1.39,-2.29,414.03,12.37,17.71,0.399405037,0.0313,0.0795,0.0865,0.0725,0.042827463,0.002608333,0.002846975,0.0067,0.009,0.000369559,-0.001431469,-0.020615,-0.024214,-5.21
0.76,3,1.16,0.03,3.87,3.06,4.59,3.84,-0.3,1.28,418.68,12.3917,18.39,0.403251178,0.0286,0.0799,0.0884,0.0741,0.04097304,0.002383333,0.00353857,-0.0198,-0.0156,0.000944149,-0.000902112,0.004796,0.003455,-2.56
-2.02,-1.91,-1.64,4.01,-3.57,-1.71,-3.07,-4.02,0.81,-0.76,440.19,12.4937,19.67,0.334349806,0.0287,0.0746,0.0814,0.0701,0.039700073,0.002391667,0.002785515,0.0072,0.0052,0.001004798,-0.001446284,-0.024519,-0.02578,-1.23
-0.5,0.71,1.51,0.56,2.03,12.14,0.62,-0.02,2.81,1.37,450.53,12.523,19.33,0.325931248,0.0307,0.0733,0.0807,0.0668,0.041047893,0.002558333,0.001386963,0.0449,0.0293,0.000573817,-0.00174797,0.003466,0.001095,-2.02
2.3,2.21,5.17,3.86,5.9,13.54,3.07,1.9,3.55,3.59,463.56,12.5203,20.05,0.313864983,0.0302,0.0685,0.076,0.0623,0.040165971,0.002516667,0.002770083,0.0434,0.0287,0.000281578,-0.001252164,0.037431,0.033957,-0.5
1.68,2.62,0.76,1.57,3.33,7.88,3.04,4.49,0.16,3.38,458.93,12.519,20.41,0.322351822,0.0295,0.0666,0.0734,0.0627,0.04174737,0.002458333,0.002071823,5.00E-04,0.0043,0.000470665,-0.001153731,-0.007582,-0.009842,-0.24
1.48,4.84,6.45,6.64,6.06,3.28,2.45,6.38,0.14,5.27,481.61,12.6203,22.1633,0.288058567,0.0298,0.0692,0.0765,0.0637,0.043688823,0.002483333,0.002743484,0.0257,0.0202,0.000423486,-0.000976077,0.033429,0.031954,-0.72
-0.66,-1.6,-0.31,1.55,-2.12,-2.65,-2.37,-4.52,1.78,-0.69,450.91,12.7497,23.54,0.303664786,0.0368,0.0788,0.0852,0.0745,0.03986253,0.003066667,0.001358696,-0.015,-0.0097,0.001373677,-0.000951628,0.012817,0.011477,-0.27
-1.16,-1.49,0.57,1.29,-1.09,0.05,-2.54,-0.19,-3.68,1.29,456.51,12.7923,24.37,0.297469476,0.0414,0.0799,0.0862,0.0759,0.039657323,0.00345,0.000678426,-0.0082,-0.0062,0.000750498,-0.00100851,0.016309,0.012559,-3.15
-2.47,-3.6,-2.37,2.04,-5.45,-2.04,-4.42,-5.28,-2.05,-0.9,444.27,12.835,25.2,0.308417077,0.0414,0.0797,0.0865,0.0774,0.034010352,0.00345,0.003389831,-0.01,-0.0081,0.000797104,-0.000965722,-0.024762,-0.027113,-0.66
1,1.1,3.07,0.66,2.28,4.04,0.68,-0.51,2.85,0.96,458.25,12.8643,25.91,0.296985381,0.0433,0.0811,0.088,0.0746,0.031220225,0.003608333,0.002702703,0.0363,0.0309,0.00032727,-0.000643094,0.032714,0.031381,-1.16
5.02,3.39,3.93,-0.15,6.13,4,4.17,6.91,0.94,2.47,475.5,12.8937,26.62,0.285683819,0.0448,0.0807,0.0874,0.0761,0.028715033,0.003733333,0.004043127,-0.0086,-0.0031,0.000560379,-0.000974958,0.041341,0.03799,-2.47
-2.2,-2.43,0.26,-3.04,1.32,-1.99,-4.83,-4.29,0.72,-0.52,459.27,13.17,30.6,0.2915683,0.056,0.0846,0.091,0.0799,0.016595794,0.004666667,0,0.0161,0.0157,0.000704927,-0.000576007,0.014955,0.012419,-0.43
1.58,-1.17,1.25,-0.87,3.87,3.5,2.2,7.36,4.01,4.01,470.42,13.17,31.25,0.290853734,0.0571,0.0846,0.0908,0.078,0.015094079,0.004758333,0.004008016,0.0273,0.0256,0.000289389,-0.000779787,0.026,0.024348,-4.1
3.11,2.62,3.06,3.01,4.7,3.55,1.8,2.66,2.59,3.18,487.39,13.17,31.9,0.278730036,0.0577,0.0826,0.0885,0.0758,0.014533252,0.004808333,0.003992016,0.0287,0.0289,0.000472432,-0.000715516,0.039228,0.036328,-2.2
4.55,5.7,5.54,2.82,9.98,7.39,4.5,9.85,-0.48,5.04,562.06,13.4323,34.68,0.277160367,0.0542,0.0741,0.0804,0.0691,0.007059424,0.004516667,0,-0.0168,-0.0101,0.000773225,-0.000291092,0.033405,0.032023,-0.42
-0.41,-1.78,-0.17,4.39,-1.23,0.98,-2.59,7.25,3.72,1.31,615.93,13.788,33.96,0.255026383,0.0514,0.0682,0.0749,0.0603,0.015526847,0.004283333,-0.000651042,0.0272,0.0228,0.000820543,-0.000146604,0.017643,0.015809,-5.2
1.38,2.82,2.95,3.3,0.28,0.29,1.33,9.49,1.7,3.32,636.02,13.8933,33.9867,0.241877172,0.05,0.0681,0.0747,0.0609,0.016131245,0.004166667,0.005863192,-0.0011,0.0014,0.001383944,-5.31E-05,0.034861,0.033415,-0.18
3.14,2.85,2.86,2.99,6.86,7.75,4,5.26,-0.29,2.32,640.43,13.9987,34.0133,0.237894737,0.0483,0.0699,0.0763,0.0659,0.01680582,0.004025,0.003238342,-0.0483,-0.0373,0.001267622,-0.000227855,0.010088,0.007689,-0.41
4.18,4.32,3.61,4.64,4.72,6.03,4.56,5.37,4.11,4.49,651.99,14.5337,35.6367,0.238061118,0.0505,0.0746,0.0818,0.0726,0.030865816,0.004208333,0.001910828,-0.0139,-0.007,0.001121505,-0.000352236,0.021928,0.019589,-2.82
1.66,2.37,2.87,5.16,4.59,2.1,1.22,3.97,1.21,2.93,687.31,14.664,36,0.227297318,0.0509,0.0766,0.0835,0.0704,0.029555532,0.004241667,0.00317864,0.029,0.0259,0.000686235,-0.000538694,0.056035,0.054112,-8.85
-2.48,0.09,1.09,-0.38,-2.29,-5.02,-2.38,1.01,0.91,0.15,740.74,14.899,38.73,0.20734273,0.0491,0.072,0.0789,0.0673,0.024100872,0.004091667,0,-0.0256,-0.0186,0.001709075,-0.000396755,-0.019815,-0.021518,-2.16
1.03,-0.18,-1.64,-9,-6.54,-4.18,-1.08,-1.36,-0.71,1.68,790.82,15.0057,39.7367,0.194395411,0.0501,0.0731,0.0794,0.0694,0.022885146,0.004175,0.003142678,5.00E-04,0.0028,0.00147476,-0.001302906,0.007752,0.0058,-2.48
6.5,7.1,10.22,8.97,14.69,12.38,7.36,10.26,3.83,6.29,848.28,15.127,40.4467,0.192878588,0.0505,0.0758,0.082,0.0701,0.013265385,0.004208333,-0.00062422,0.0097,0.0128,0.00200742,-0.000878407,0.061401,0.059272,-4.12
3.25,4.89,4.69,3.35,2.4,8.97,4.48,2.7,3.04,5.57,885.14,15.161,40.55,0.184287615,0.0493,0.0741,0.0802,0.0688,0.010847478,0.004108333,0.001249219,0.0195,0.0187,0.001974443,-0.000662098,0.044103,0.042762,-2.75
-4.02,-4.49,-4.45,-5.14,-8,-1.23,-5.6,-6.83,8.57,2.17,970.43,15.497,39.72,0.178800884,0.0516,0.0676,0.0732,0.0602,0.015578728,0.0043,-0.00123839,0.0184,0.0163,0.002249391,-0.000888779,0.017147,0.0157,-3.9
-0.4,2,1.54,-6.19,3.29,4.76,1.51,2.27,-4.04,1.05,980.28,15.545,39.66,0.178840273,0.0504,0.0661,0.0719,0.0589,0.013758161,0.0042,0.001859888,0.02,0.0137,0.00246889,-0.000700455,0.011994,0.01108,-1.05
7.74,8.11,6.56,2.71,7.88,9.31,6.5,4.83,2.04,5.67,1049.34,15.593,39.6,0.165463097,0.0509,0.0667,0.0725,0.0599,0.012073518,0.004241667,0.001856436,-0.0072,-7.00E-04,0.001053364,-0.000804846,0.071956,0.070303,-4.02
2.79,6.16,3.82,3.33,4.62,7.24,6.43,3.71,4.87,5.59,1101.75,15.641,39.54,0.181140396,0.0503,0.0672,0.0732,0.0602,0.016505113,0.004191667,0.001852996,0.0025,0.0038,0.001136788,-0.00073979,0.051336,0.050104,-0.4
-5.14,-7.07,-7.07,-14.44,-7.69,1.45,-5.05,-5.45,-4.48,-4.05,1120.67,16.0143,38.6767,0.179438109,0.0496,0.0655,0.0715,0.0584,0.025362287,0.004133333,0.001226994,-0.004,-0.0056,0.002228143,-0.002304525,-0.010109,-0.011112,-2.74
-16.9,-19.12,-18.74,-22.96,-23.76,-24.19,-21.31,-24.66,-1.26,-18.7,957.28,16.0787,38.3833,0.211432092,0.049,0.0652,0.0714,0.0547,0.028529674,0.004083333,0.00122549,0.0465,0.0089,0.009334017,-0.001856856,-0.143124,-0.144504,-3.06
-0.46,3.73,0.23,13.17,5.89,4.85,0.09,7.57,8.34,3.67,1017.01,16.143,38.09,0.203248404,0.0461,0.064,0.0709,0.0517,0.024092522,0.003841667,0.00122399,0.0395,0.0413,0.009970951,-0.001633908,0.063176,0.061612,-5.14
2.14,4.6,4.92,1.08,6.81,4.22,4.67,4.98,0.75,1.11,1098.67,16.1603,37.9633,0.185519077,0.0396,0.0637,0.0718,0.054,0.020749215,0.0033,0.002444988,-0.0218,-0.019,0.005171595,-0.001374851,0.080111,0.079144,-16.9
6.37,7.29,4.88,-11.8,17.28,10.67,15.02,7.22,1.76,4.49,1163.63,16.1777,37.8367,0.174846845,0.0441,0.0641,0.0734,0.0535,0.022012342,0.003675,0,0.0097,0.027,0.001936735,-0.00121526,0.062164,0.060685,-0.46
6.2,12.55,13.11,14.76,9.02,21.31,7.93,3.21,5.99,7.29,1335.18,16.4487,39.26,0.156825876,0.0429,0.0664,0.0748,0.0594,0.025189138,0.003575,0.007272727,0.0021,-0.0024,0.002726647,-0.001258082,0.037559,0.036771,-2.69
4.04,6.61,2.77,0.03,6.96,2.71,2.45,5.89,6.92,1.5,1301.84,16.4483,40.14,0.160231135,0.045,0.0693,0.0772,0.0615,0.025905064,0.00375,0,-0.0185,-0.0176,0.003085638,-0.00115228,-0.023159,-0.024833,-5.37
-2.95,-5.65,-3.75,-0.1,1.94,1.08,-2.78,-1.35,-2.53,-2.94,1282.71,16.641,43.96,0.163684498,0.0468,0.0739,0.082,0.0646,0.020456807,0.0039,0.004787552,0.0084,0.0093,0.002704945,-0.000985703,-0.028079,-0.029257,-1.46
-0.95,-3.16,-3.41,-6.75,4.49,8.86,-3.2,-2.71,2.02,-0.03,1362.93,16.658,45.3633,0.157690661,0.0486,0.0755,0.0838,0.0651,0.020519034,0.00405,0.001786778,-0.0012,0.0047,0.004875934,-0.00051504,0.064238,0.063512,-6
-0.2,3.88,2.92,-1.32,28.93,14.4,6.92,13.21,-2.49,2.85,1388.91,16.675,46.7667,0.155545967,0.0507,0.0736,0.0815,0.0662,0.018352755,0.004225,0.00059453,-0.0061,-0.0024,0.001354258,0.000110711,0.020822,0.019547,-2.95
0.33,3.02,4.48,0.65,25.3,20.49,2.2,15.82,-1.76,1.62,1469.25,16.692,48.17,0.147167259,0.052,0.0755,0.0819,0.0682,0.017960236,0.004333333,0,-0.0155,-0.0102,0.001148772,6.43E-05,0.062579,0.061549,-0.95
1.69,3.91,3.28,7.49,12.27,4.21,0.76,24.04,2.38,-0.74,1394.46,16.7153,49.0967,0.15465416,0.0532,0.0778,0.0833,0.0666,0.025434163,0.004433333,0.002970885,0.0228,-0.0021,0.005206354,0.000622372,-0.049606,-0.050273,-0.2
2.4,2.54,3.42,3.54,17.27,10.41,1.95,19.12,-3.02,2.49,1454.6,16.704,51.92,0.156777962,0.0569,0.0767,0.0848,0.0622,0.007202676,0.004741667,0.005247813,0.0244,0.0326,0.002359743,-0.000246743,0.026219,0.025497,-4.39
0.56,-1.36,-0.73,-6.34,-8.23,-9.72,-2.69,-2.45,5.25,1.84,1430.83,16.585,52.5133,0.155674151,0.0596,0.0765,0.0835,0.0611,0.004733518,0.004966667,0.002320186,0.0173,0.0179,0.002065471,7.16E-06,-0.012795,-0.013559,-1.65
-6.94,-12.24,-8.44,-4.94,-26.63,-27.39,-10.16,-13.72,3.81,-5.7,1314.95,16.2963,51.2333,0.157280893,0.0617,0.0745,0.0828,0.0576,0.001169294,0.005141667,0.000574713,0.0319,0.0263,0.003272437,-0.001852555,-0.078268,-0.079557,-0.52
-0.8,-1.91,1.53,24.93,-9.57,-5.51,-3.79,-3.65,8.24,2.76,1320.28,16.271,50,0.151851504,0.0577,0.0721,0.0802,0.0558,-0.002250628,0.004808333,-0.000574383,0.0243,0.027,0.005299359,-0.000524853,0.00572,0.004861,-4.42
18.58,20.79,16.5,0.46,46.59,53.13,27.78,22.06,-7.14,15.58,1366.01,16.1717,48.48,0.150449666,0.0515,0.0715,0.0793,0.0562,-0.003181855,0.004291667,0.006321839,5.00E-04,0.0359,0.004941048,-0.00156505,0.032375,0.031555,-6.94
-0.76,-1.98,-2.93,1.24,-21.72,-20.08,-2.87,-9.21,2.94,-2,1239.94,16.0723,46.96,0.156070091,0.0488,0.071,0.0787,0.0549,-0.006844705,0.004066667,0.003997716,0.0191,0.0127,0.002528447,-0.002272846,-0.090952,-0.092131,-0.8
3.74,8.79,5.9,7.77,14.22,3.07,5.73,12.55,3.92,4.17,1249.46,15.8773,42.5567,0.122496901,0.0387,0.072,0.0807,0.0593,-0.002542961,0.003225,0.003972758,-0.0313,-0.0128,0.00742621,-0.001024579,0.077825,0.076981,-0.76
7.05,8.2,6.09,4.63,4.3,0.38,8.52,13.56,1.14,7.07,1255.82,15.7817,39.6733,0.120510188,0.0362,0.0729,0.0807,0.0594,-0.000248912,0.003016667,0.004522329,0.0037,0.0132,0.002536247,-0.001184099,0.00687,0.00533,-2.88
3.74,4.86,3.63,11.9,20.7,6.22,4.49,11.88,0.14,1.72,1059.78,15.7373,27.1033,0.1449014,0.0216,0.0703,0.0791,0.0506,0.010749105,0.0018,-0.003365115,0.0464,0.0437,0.003249758,-0.00133474,0.019542,0.018547,-0.92
4.98,9.16,6.14,-5.24,15.23,15.51,8.91,7.12,0.53,5.62,1139.45,15.7387,25.8967,0.133481367,0.0187,0.0697,0.0781,0.0553,0.011161655,0.001558333,-0.001688239,-0.0471,-0.0188,0.002189351,-0.00105988,0.078787,0.077259,-11.71
0.09,0.26,-1.08,4.71,0.53,1.62,-1.65,-0.66,3.17,0.95,916.07,15.879,28.94,0.284411556,0.0162,0.0637,0.0758,0.051,0.024714562,0.00135,0.003331483,0.0464,0.0452,0.009409278,-0.002908499,0.007061,0.005401,-4.26
-8,-7.96,-9.38,-5.13,-14.32,-11.02,-7.8,-8.7,-7.34,-5.41,815.29,15.799,30.04,0.324555156,0.0163,0.0615,0.074,0.048,0.029245084,0.001358333,0.00166021,0.0417,0.033,0.007366061,-0.003212615,-0.108965,-0.110421,-9.98
8.49,9,10.02,2.95,26.98,26.05,9.87,11.36,3.34,6.78,936.31,15.9823,28.4067,0.276975499,0.0123,0.0631,0.0762,0.0521,0.022876054,0.001025,0,-0.0122,0.013,0.004449081,-0.004166387,0.059019,0.057288,-8
-2.85,-4.51,-3.71,4.39,-3.1,-5.49,-4.51,-2.67,-3.98,-1.56,841.15,16.174,29.41,0.312251321,0.0117,0.0595,0.0706,0.0472,0.027871909,0.000975,0.007705008,0.0329,0.0264,0.00256416,0,-0.015246,-0.017225,-1.84
0.38,-4.09,-1.11,-0.85,1,0.93,0.63,4.83,3.85,1.84,848.18,16.224,30.32,0.286117701,0.0113,0.0589,0.0695,0.0486,0.024058038,0.000941667,0.006007646,-0.0135,-0.008,0.006136133,0,0.010308,0.008967,-2.05
7.95,10.09,8.01,1.43,12.62,15.04,10.07,15.46,9.39,8.29,916.92,16.2043,31.73,0.269654031,0.0113,0.0574,0.0685,0.0481,0.019930242,0.000941667,-0.002171553,0.0102,0.0229,0.003064828,0,0.082774,0.081462,-2.85
2.68,3.85,6.45,8.02,1.35,-2.06,3.46,-0.09,2.68,2.53,1140.84,18.602,56.15,0.279631603,0.0127,0.0601,0.0678,0.0532,0.014497426,0.001058333,0.003172924,0.0121,0.0093,0.000770751,0,0.019488,0.018019,-0.19
1.61,0.63,4.63,12.58,4.59,1.48,4.18,4.22,1.68,3.62,1114.58,19.163,57.77,0.289485302,0.0165,0.0546,0.0627,0.0488,0.009135484,0.001375,0.002110818,0.0096,0.0101,0.00070568,0,0.010817,0.009347,-5.07
1.71,-0.34,0.15,2.54,3.56,2.88,2.41,-1.17,2.42,2.39,1130.2,19.256,58.03,0.291009597,0.0176,0.0547,0.0621,0.0478,0.007430718,0.001466667,0.005265929,0.0154,0.0164,0.001230487,0,0.014973,0.013699,-2.1
-1.73,-6.81,-1.28,-0.01,-4.53,-4.2,0.55,-7.3,-0.24,-2.22,1180.59,20.225,60.22,0.319856889,0.0274,0.054,0.0606,0.0488,0.009134996,0.002283333,0.007820647,-0.0072,-0.0125,0.000859896,0,-0.01724,-0.018729,-0.57
4.22,5.79,4.08,5.43,6.87,2.37,6.32,4.96,4.72,3.87,1191.5,20.6917,62.2467,0.320965505,0.0284,0.0515,0.0601,0.044,0.00587966,0.002366667,-0.001027749,0.0297,0.0295,0.000859393,0,0.031994,0.030156,-1.73
4.09,5.07,2.67,13.34,1.99,3.32,4.01,3.3,4.39,2.96,1191.33,20.925,63.26,0.326979057,0.0297,0.0496,0.0586,0.0429,0.005362935,0.002475,0.000514403,0.0167,0.0141,0.000542133,0,0.001717,0.000139,-2.92
-4.14,-5.45,-4.4,-10.02,-3.09,-5.76,-2.24,-4.63,-6.32,-1.09,1207.01,21.7193,67.59,0.321808187,0.0371,0.0535,0.063,0.0484,0.005761303,0.003091667,0.002012072,-0.0196,-0.0204,0.001817984,0,-0.015673,-0.016698,-2.91
1.9,2.63,4.37,1.43,5.16,2.03,4.94,2.31,0.59,3.47,1249.48,21.9677,68.71,0.310914346,0.0388,0.0542,0.0639,0.0481,0.005781409,0.003233333,-0.008032129,0.0076,0.0099,0.000539896,0,0.038289,0.035675,-1.47
-0.84,-0.09,2.17,3.48,1.31,-0.23,0.72,0.07,-0.04,0.6,1248.29,22.216,69.83,0.313477957,0.0389,0.0537,0.0632,0.0461,0.003079044,0.003241667,-0.004048583,0.0267,0.0225,0.000433,0,-6.00E-05,-0.001396,-4.14
1.71,0.1,0.37,-11.67,0.92,0.78,1.2,2.2,0.88,0.57,1280.66,22.5947,71.7233,0.305610361,0.0443,0.0535,0.0627,0.0457,0.00206877,0.003691667,0.002017146,0.0238,0.0128,0.000648551,0,0.002425,0.000167,-0.84
-2.82,-5.91,-4.53,-0.41,-5.39,-3.14,-3.81,-4.69,5.57,-2.34,1276.66,23.6567,75.85,0.313852175,0.0495,0.0585,0.0676,0.0518,-0.002346166,0.004125,0.002957122,0.0199,0.0237,0.001451665,0,0.005571,0.00451,-2.81
2.18,-0.5,1.68,-3.72,4.38,3.16,1.05,3.65,2.07,1.25,1303.82,23.8763,77.21,0.308461799,0.0496,0.0568,0.0659,0.0496,-0.008455935,0.004133333,0.001965602,0.0299,0.0361,0.000469238,0,0.02415,0.021679,-0.09
1.44,2.68,0.24,-8.83,1.12,2.96,4.66,-0.45,-2.11,1.61,1335.85,24.096,78.57,0.300593284,0.0481,0.0551,0.0643,0.0484,-0.009413185,0.004008333,-0.004904365,0.017,0.0183,0.000513377,0,0.026487,0.025296,-2.82
-0.03,0.76,2.51,5.39,3.24,-0.82,-0.96,3.07,2.27,0.44,1526.75,26.978,78.6007,0.239207437,0.0389,0.0574,0.0659,0.0489,-0.013064105,0.003241667,0.002755907,0.0012,0.0135,0.001868431,0,0.037468,0.035923,-6.01
-1.28,-0.36,1.31,5.41,3.27,-0.12,0.13,2.6,5.23,-1.17,1549.38,27.2293,74.4607,0.23861706,0.039,0.0566,0.0648,0.048,-0.017960687,0.00325,0.002139191,0.0155,0.0088,0.001682891,0,0.01736,0.016292,-2.32
-8.57,-10.2,-8.41,-9.28,-9.8,-11.14,-9.04,-8.24,-1.41,-7.27,1481.14,27.4807,70.3207,0.248579692,0.0327,0.0544,0.064,0.0445,-0.02521374,0.002725,0.005939618,0.0468,0.0079,0.00563682,0,-0.041382,-0.043581,-0.03
-0.7,-1.66,0.62,5.81,0.02,-2.82,-4.2,-2.68,0.53,-2.9,1468.36,27.732,66.1807,0.250582973,0.03,0.0549,0.0665,0.045,-0.041659672,0.0025,-0.000670863,-0.0029,0.0028,0.002345333,0,-0.006116,-0.007903,-1.28
-5.2,-5.67,-7.68,-5.46,-10.01,-9.25,-3.92,-5.25,-6.03,-1.04,1378.55,27.922,64.2507,0.262754422,0.0275,0.0533,0.0654,0.0436,-0.044180888,0.002291667,0.004970577,0.0213,0.0017,0.004831799,0,-0.061166,-0.062332,-8.57
-0.93,-5.18,-0.29,7.51,-2.99,-6.86,-5.16,-1.66,-3.56,-4.39,1330.63,28.112,62.3207,0.270979321,0.0212,0.0553,0.0682,0.0438,-0.050615864,0.001766667,0.002904112,0.0018,-0.0071,0.003225655,0,-0.031419,-0.033693,-0.7
-1.43,-3.21,-2.17,-2.02,-3.13,-1.27,-1.16,-5.62,0.23,-2.19,1322.7,28.302,60.3907,0.254057567,0.0126,0.0551,0.0689,0.0432,-0.052871139,0.00105,0.008668213,0.0106,-0.0059,0.006337649,0,-0.0034,-0.005055,-5.2
1.27,0.61,4.51,10.62,3.33,-0.13,2.97,2.21,5.81,0.04,1385.59,28.4387,57.3838,0.243014696,0.0129,0.0555,0.0697,0.0458,-0.049831668,0.001075,0.006064778,-0.0288,0.0091,0.002903691,0,0.048629,0.04749,-0.93
2.35,2.86,6.22,18.64,5.45,3.77,2.09,3.45,4.22,-0.25,1400.38,28.5753,54.3769,0.246510612,0.0173,0.0557,0.0693,0.0475,-0.046378955,0.001441667,0.008420886,-0.0164,-0.0277,0.001640662,0,0.012986,0.010708,-1.43
3.18,0.38,1.99,-1.57,1.96,2.78,5.35,-0.05,1.72,3.23,1282.83,28.8067,47.7567,0.269889246,0.0172,0.0564,0.0715,0.0449,-0.047467153,0.001433333,-0.003991562,0.0242,0.0121,0.003447891,0,0.014955,0.012682,-11.65
-16.59,-16.6,-15.41,-19.52,-14.46,-12.65,-18.53,-13.86,-1.08,-12.06,896.24,28.5427,25.2367,0.352867356,0.0019,0.0612,0.0921,0.0372,-0.054575626,0.000158333,-0.019152895,0.1443,0.1174,0.036257085,0,-0.073512,-0.076514,-6.51
3.53,-2.76,2.14,-8.2,3.47,3.95,8.27,7.05,-0.21,1.92,903.25,28.387,14.88,0.354984225,3.00E-04,0.0505,0.0843,0.0303,-0.02479255,2.50E-05,-0.010342474,0.0967,0.156,0.020089947,0,0.011995,0.009229,-21.26
-7.96,-6.09,-7.91,-1.67,0.5,-4.23,-4.74,6.07,-1.18,-8.91,825.88,28.0097,12.2067,0.38939314,0.0013,0.0505,0.0814,0.0394,-0.025353737,0.000108333,0.004352417,-0.1124,-0.0949,0.011971097,0,-0.082615,-0.084039,-16.59
9.61,19.56,10.24,7.99,12.37,13.46,18.06,13.25,3.32,12.49,797.87,27.255,6.86,0.296528285,0.0021,0.055,0.0842,0.0355,-0.037790431,0.000175,0.002431749,0.0641,-0.0018,0.020364428,0,0.087634,0.084154,-7.96
27.91,38.31,27.81,25.02,20.37,24.64,34.84,13.99,4.13,17.66,872.81,26.7013,7.0767,0.276227578,0.0016,0.0539,0.0839,0.041,-0.0313883,0.000133333,0.002496368,-0.0649,-0.003,0.007551066,0,0.09423,0.09255,-10.06
8.35,10.82,8.17,3.68,5.95,20.24,6.34,5.85,1,5.8,1020.62,24.4653,10.8633,0.23759409,0.0017,0.0526,0.0658,0.0415,-0.008173733,0.000141667,0.00224285,0.0231,0.0235,0.002177735,0,0.034751,0.032255,-1.29
7.04,8.73,8.42,8.82,8.59,10.19,5.67,7.97,6.35,3.61,1115.1,22.405,50.97,0.216364517,5.00E-04,0.0526,0.0637,0.0458,0.010541146,4.17E-05,-0.001761198,-0.0584,-0.0275,0.000933454,0,0.018983,0.017346,-2.42
5.81,8.28,8.69,7.27,6.54,7.37,6.14,2.92,5.65,4.35,1101.6,22.1423,68.6867,0.396133553,0.0016,0.0472,0.0601,0.0377,0.015505339,0.000133333,0.000211043,0.0024,0.017,0.003348826,0,0.070451,0.06862,-6.4
-8.09,-6.85,-7.44,-7.17,-5.73,-9.17,-8.03,-5.58,-1.21,-7.45,1049.33,22.2477,70.2733,0.413981619,0.0016,0.0449,0.0566,0.0327,0.011107182,0.000133333,0.001380664,0.0702,0.0473,0.002704607,0,-0.045434,-0.04784,-6.08
2.14,7.75,7.42,4.87,6.01,6,3.76,2.67,2.6,2.64,1183.26,22.4783,73.69,0.372887286,0.0013,0.0468,0.0572,0.0367,0.00713246,0.000108333,0.001245199,-0.0317,-0.0203,0.001080044,0,0.038726,0.037081,-8.09
1.25,2.12,2.98,4.44,0.99,-0.17,0.87,2.81,2.01,-0.55,1325.83,23.431,81.31,0.354269939,0.001,0.0513,0.0603,0.0429,0.012445488,8.33E-05,0.009751072,-6.00E-04,-0.0072,0.002347269,0,0.000625,-0.000867,-0.79
-0.45,-4.78,-2.55,3.06,-4.46,-7.12,-1.8,-3.25,-0.55,-1.88,1292.28,24.621,84.9067,0.359418903,4.00E-04,0.0493,0.0576,0.0378,0.012368573,3.33E-05,0.000886046,0.0422,0.0473,0.001830759,0,-0.019828,-0.020982,-0.87
-8.39,-12.15,-9.82,-15.98,-10.01,-10.25,-8.26,-11.35,-0.13,-8.23,1218.89,24.901,85.9433,0.375812522,2.00E-04,0.0437,0.0536,0.0315,0.012766968,1.67E-05,0.002757589,0.0862,0.024,0.019222199,0,-0.054322,-0.056734,-1.64
-8.38,-14.33,-14.43,-20.77,-10.89,-12.5,-8.36,-9.42,-3.59,-9.88,1131.42,25.181,86.98,0.399922847,1.00E-04,0.0409,0.0527,0.0265,0.013200872,8.33E-06,0.001518462,0.0704,0.0575,0.006915736,0,-0.070238,-0.071739,-0.45
9.16,16.76,15.96,23.35,11.84,11.92,12.52,9.92,6.67,10.65,1253.3,25.5957,86.97,0.365077905,2.00E-04,0.0398,0.0537,0.0291,0.007910972,1.67E-05,-0.002062683,-0.0306,0.0094,0.007400881,0,0.109023,0.107563,-8.39
-3.95,-6.3,-0.14,-0.04,-3.84,-1.33,-0.73,-2.8,1.18,-0.99,1246.96,26.0103,86.96,0.362329898,1.00E-04,0.0387,0.0514,0.0273,-0.004353218,8.33E-06,-0.000843561,0.0251,-0.0356,0.007679543,0,-0.002727,-0.005552,-8.38
7.88,11.12,11.92,5.06,10.53,6.82,6.18,11.75,-2,8.79,1312.41,26.7343,87.48,0.345487303,3.00E-04,0.0385,0.0523,0.0249,-0.013087353,2.50E-05,0.004400191,2.00E-04,0.0194,0.000648156,0,0.045206,0.044003,-3.95
3.53,-1.45,2.67,3.46,3.49,5.4,2.26,7.42,4.4,3.68,1362.16,28.32,87.92,0.355103885,9.00E-04,0.0364,0.0502,0.0233,-0.019831607,7.50E-05,-0.001466397,-0.0136,0.0064,0.003437258,0,0.041465,0.039888,-0.33
-0.55,-2.32,-1.07,-2.3,-2.57,1.53,-0.74,0.97,3.1,-1.42,1379.32,28.7433,87.4467,0.351593705,0.001,0.034,0.0487,0.0216,-0.021108259,8.33E-05,-0.001629786,0.0247,0.0612,0.001552866,0,0.014363,0.013096,-3.19
2.03,7.18,2.66,6.07,2.21,6.86,2.75,6.37,2.82,3.97,1440.67,29.59,86.5,0.340382954,0.0011,0.0349,0.0484,0.0235,-0.018255856,9.17E-05,0.004462212,-0.0146,-0.0126,0.001044683,0,0.02512,0.023547,-0.55
3.68,3.34,4.37,5.69,2.19,3.46,2.74,-1.86,3.73,2.83,1756.54,34.6,96.3133,0.324594825,5.00E-04,0.0453,0.0531,0.0342,0.009646746,4.17E-05,-0.002575283,0.0128,0.0211,0.001438361,0,0.046268,0.044953,-2.21
3.25,1.06,1.31,1.85,-1.5,-0.04,0.4,-4.02,2.35,0.94,1872.34,36.2277,100.85,0.350616066,5.00E-04,0.0438,0.0506,0.0337,0.016464203,4.17E-05,0.006440044,0.0063,0.0062,0.000869064,0,0.008056,0.006537,-3.62
2.18,2.59,3.75,7.48,5.88,1.67,2.24,7.33,6.26,3.56,1960.23,37.3807,103.12,0.342928459,4.00E-04,0.0425,0.048,0.0313,0.013931428,3.33E-05,0.001862127,-0.0025,0.002,0.000281999,0,0.020635,0.019048,-2.88
-2.9,-7.18,-6.76,-13,-4.28,-5.72,-3.85,-4.84,-5.04,-3.39,1927.29,38.4946,105.96,0.338576181,2.00E-04,0.0411,0.048,0.03,0.008024655,1.67E-05,0.000752569,-0.017,-0.0271,0.000721014,0,-0.013928,-0.015467,-4.25
2.99,-0.89,-1.3,-18.49,1.62,0.49,2.52,0.61,-0.66,0.41,2067.56,39.127,103.5267,0.323661786,2.00E-04,0.0392,0.0479,0.0264,0.006925864,1.67E-05,-0.005399418,0.0286,0.0173,0.000150262,0,0.027631,0.025159,-2.9
1.71,-0.42,-0.28,-8.81,-1.5,0.92,1.65,1.13,-0.07,1.12,2067.889893,40.8066,99.25,0.307454045,3.00E-04,0.0364,0.0454,0.023,-0.006899835,2.50E-05,0.005951722,0.0137,0.0058,0.00172038,0,-0.014993,-0.016628,-1.8
0.2,-1.95,-1.49,-8.69,-1.1,-1.65,0.13,2.42,-5.27,1.28,2063.110107,41.742,94.91,0.310186833,2.00E-04,0.0419,0.0513,0.0285,-0.008101612,1.67E-05,0.00350287,-0.0298,-0.032,0.001052136,0,-0.019343,-0.02102,-1.14
-3.93,-6.24,-8.47,-17.99,-3.54,-0.69,-5.72,-11.56,0.37,-2.57,1920.030029,42.5104,90.66,0.335611955,2.00E-04,0.0407,0.0534,0.0253,-0.012910211,1.67E-05,-0.001556757,0.0174,0.0133,0.004053479,0,-0.024547,-0.026258,-0.68
4.82,7.33,7.98,9.09,5.88,5.88,3.45,2.96,3.17,4.81,2079.360107,42.8029,89.2833,0.309413628,2.00E-04,0.0395,0.0534,0.0259,-0.016208858,1.67E-05,-0.000449684,-0.0053,0.002,0.001618901,0,0.083448,0.082048,-3.66
-0.66,2.69,-0.48,-2.23,3.15,-2.9,-1.1,7.66,-2.66,2.25,2080.409912,43.0954,87.9067,0.308429158,0.0012,0.0406,0.0546,0.0265,-0.017810326,1.00E-04,-0.00211068,-0.0065,0.002,0.001118722,0,0.003373,0.000817,-3.93
-2.04,-11.6,-8.94,-13.48,-8.76,-6.13,-7.26,-18.63,4.53,-7.65,1940.24,43.5506,86.5,0.33191063,0.0026,0.04,0.0545,0.0236,-0.020262949,0.000216667,0.001653102,0.0476,0.0067,0.004301248,0,-0.0491,-0.05025,-0.66
1.75,4.9,3.43,-11.23,0.89,1.83,3.72,-3.03,1.37,0.33,1932.23,43.7133,86.47,0.330901825,0.0031,0.0396,0.0534,0.0217,-0.024024342,0.000258333,0.000823077,0.0294,0.0232,0.002601507,0,-0.001742,-0.004457,-1.88
4.58,7.26,10.4,24.02,6.75,4.42,7.95,7.69,8.46,7.43,2059.74,43.8759,86.44,0.327954791,0.0029,0.0382,0.0513,0.0218,-0.022999536,0.000241667,0.004306,-3.00E-04,0.0423,0.001274177,0,0.06734,0.065146,-2.04
8.59,8.83,7.45,-1.23,7.32,2.14,4.7,6.09,-0.77,5.17,2173.6,44.6485,87.6433,0.314661159,0.003,0.0328,0.0422,0.0175,-0.031668542,0.00025,-0.001618136,0.0081,0.0245,0.000477647,0,0.036571,0.035324,-0.8
3.67,10.57,11.5,19.14,4.96,5.71,9.73,5.35,1.45,12.93,2198.81,45.4756,92.73,0.303285786,0.0045,0.0386,0.0471,0.0267,-0.027394397,0.000375,-0.001555461,-0.0599,-0.051,0.000946368,0,0.03579,0.033007,-2.13
1.09,2.34,0.79,2.26,0.34,4.08,1.99,-2.59,4.13,5.44,2238.83,45.7006,94.55,0.293479097,0.0051,0.0406,0.0483,0.0272,-0.024810037,0.000425,0.000327321,-0.0057,0.0059,0.000524022,0,0.019199,0.017568,-4.21