1.22,0.14,2.89,4.78,3.55,0.84,2.58,1.69,1.13,0.81,331.89,11.2303,22.07,0.4091730897,0.0774,0.0922,0.1014,0.0876,-0.0116257085,0.00645,0.0047095761,-0.0025,-0.0012,0.0010085723,-0.0026738677,0.013381,0.008986,21.99,2.58
2.58,2.64,4.45,4.75,4.25,1.34,4.36,4.57,-0.15,-0.07,339.94,11.318,21.67,0.4713339564,0.079,0.0937,0.1021,0.0889,-0.0102754607,0.0065833333,0.00546875,-0.0044,-0.0011,0.0010322537,-0.0023641623,0.026588,0.02436,19.73,-1.73
-1.73,-2.82,-1.63,-4.57,-1.97,-2.77,-2.7,-0.88,-4.66,-3.42,330.8,11.433,21.5333,0.480284256,0.0777,0.0946,0.103,0.0924,-0.0101328264,0.006475,0.0015540016,-0.0202,-0.0191,0.0009667888,-0.0023237108,-0.024504,-0.026508,19.52,3.27
3.27,2.08,5.22,4.05,7.59,9.23,5.49,8.13,3.79,2.01,361.23,11.548,21.3967,0.4435699735,0.0774,0.0947,0.1041,0.0883,-0.0019611745,0.00645,0.0023273856,0.0415,0.0385,0.0013614738,-0.002431405,0.097419,0.092408,17.37,0.51
0.51,0.6,-0.41,0.69,1.18,0.29,0.68,5.14,0.32,-0.7,358.02,11.663,21.26,0.4429494323,0.0773,0.0926,0.1022,0.0864,-0.0004741595,0.0064416667,0.0054179567,0.023,0.0216,0.0013508073,-0.0025342714,-0.006754,-0.008921,15.5,-4.27
-4.27,-5.2,-2.04,4.06,-5.15,-7.04,-4.22,-0.6,0.37,-3.57,356.15,11.72,21.42,0.4392124466,0.0762,0.0924,0.102,0.086,0.004918902,0.00635,0.0038491147,0.0107,0.0102,0.001298437,-0.0034740157,-0.004454,-0.006508,21.11,-11.61
-11.61,-16.34,-12.3,3.34,-14.38,-15.71,-13.67,-10.46,-5.08,-11.35,322.56,11.777,21.58,0.4880735629,0.0745,0.0941,0.1041,0.092,0.0014768042,0.0062083333,0.009202454,-0.0419,-0.0292,0.0058277873,-0.0038832506,-0.090801,-0.094897,29.9,-8.61
-8.61,-10.97,-7.69,0.96,-9.63,-7.52,-10.53,-8.24,0.72,-8.83,306.05,11.834,21.74,0.520289666,0.0736,0.0956,0.1064,0.0914,0.0013916129,0.0061333333,0.0083586626,0.0117,0.0091,0.001984821,-0.0032591891,-0.048959,-0.051213,29.11,-5.32
-5.32,-7.35,-6.36,-10.71,-4.55,-7.78,-7.34,-3.89,2.39,-7.3,304,11.918,21.6067,0.5224519209,0.0717,0.0953,0.1074,0.0898,-0.0004517504,0.005975,0.006028636,0.0215,0.0132,0.0044927894,-0.0026211334,-0.003597,-0.00611,30.04,3.18
3.18,3.07,3.61,-1.67,4.12,6.41,4.88,6.71,3.58,3.61,322.22,12.002,21.4733,0.4985056551,0.0706,0.093,0.1062,0.0858,0.0009277803,0.0058833333,0.002247191,0.0402,0.0285,0.0024399038,-0.0026320853,0.064561,0.059897,22.16,1.28
1.28,-2.43,0.49,-6.99,-0.59,3.85,-0.57,3.48,0.75,-0.73,330.22,12.086,21.34,0.4844968599,0.0674,0.0905,0.1043,0.0844,-0.0018284693,0.0056166667,0,0.0187,0.0167,0.0007945965,-0.0023382328,0.027987,0.024954,26.38,8.91
8.91,7.74,8.8,-1,15.91,5.21,10.49,13.39,-0.48,7.22,343.93,12.094,21.2067,0.4663077997,0.0622,0.0904,0.1045,0.0837,0.0006487724,0.0051833333,0.0059790732,0.013,0.015,0.0031935916,-0.0022499869,0.045001,0.043063,20.91,10.4
10.4,13.98,11.73,10.27,14,12.79,13.31,21.21,5.5,15.26,367.07,12.102,21.0733,0.4427204408,0.0594,0.0883,0.1007,0.0841,0.0011789768,0.00495,0.0014858841,0.003,0.0121,0.0024312988,-0.0022466856,0.071565,0.067371,21.23,5.92
5.92,9.64,5.98,1.72,11.72,6.85,10.25,15.9,1.93,7.17,375.22,12.11,20.94,0.4571255997,0.0591,0.0893,0.1009,0.0844,0.003262045,0.004925,0.0014836795,0.0038,0.0108,0.001375058,-0.0024701057,0.024354,0.022312,16.88,2.14
2.14,1.42,2.05,2.28,5.2,10.8,2.74,4.16,0.3,3.12,375.35,12.1223,20.43,0.4612395987,0.0565,0.0886,0.0994,0.0837,0.0057407705,0.0047083333,0.0014814815,0.014,0.0138,0.0020727894,-0.0023251798,0.002268,0.000214,18.24,2.34
2.34,6.13,3.99,0.32,1.76,-4.54,4.92,6.14,2.03,2.75,389.83,12.1347,19.92,0.4399669694,0.0546,0.0886,0.0986,0.0845,0.0067987809,0.00455,0.0029585799,0,0.0039,0.001585206,-0.0026470033,0.04293,0.038759,15.93,-2.69
-2.69,-2.74,-3.41,-4.85,-5.82,-5.29,-1.86,-4.24,-2.86,-2.89,371.16,12.147,19.41,0.458243743,0.0557,0.0901,0.0996,0.086,0.0140821721,0.0046416667,0.0029498525,-0.0063,-0.0018,0.0011798794,-0.0023828567,-0.045357,-0.047498,19.55,2.38
2.38,0.09,3.03,9.06,3.84,1.47,2.9,7.81,3.01,2.91,387.81,12.1897,18.88,0.4403567816,0.0558,0.09,0.0989,0.085,0.0146768432,0.00465,0.0014705882,0.0157,0.0167,0.0011053405,-0.0021621899,0.046526,0.044799,15.18,3.88
3.88,1.28,2.09,2.57,4.31,1.41,3.14,6.28,3.51,2.54,395.43,12.2323,18.35,0.4376396373,0.0533,0.0875,0.0965,0.0818,0.0171761329,0.0044416667,0.0029368576,0.034,0.0275,0.0020376667,-0.0020694528,0.023885,0.019912,14.46,-0.8
-0.8,4,-0.49,0.26,1.65,4.29,0.58,7.5,2.78,-0.75,387.86,12.275,17.82,0.441531837,0.0522,0.0861,0.0951,0.079,0.0229915359,0.00435,0.0043923865,0.0303,0.0271,0.00047469,-0.0017709068,-0.016861,-0.019061,15.85,1.92
1.92,2.41,2.9,0.77,3.07,6.79,0.29,10.61,1.02,1.29,392.46,12.251,17.2033,0.4340034538,0.0499,0.0855,0.0949,0.0791,0.0252184874,0.0041583333,0.0014577259,0.0054,0.0043,0.0011256383,-0.0021871421,0.013458,0.011899,15.48,-1.5
-1.5,-2.2,-2.03,-4.25,-3.7,-5.09,-4,-0.38,1.39,-2.29,375.22,12.227,16.5867,0.4601544903,0.0456,0.0848,0.0945,0.0789,0.0303835153,0.0038,0.0029112082,0.0082,0.0106,0.0020490256,-0.001427475,-0.040214,-0.043973,20.26,4.2
4.2,2.01,4.06,-6.57,3.89,2.55,3.72,10.78,3.47,3.63,417.09,12.203,15.97,0.4203444173,0.0407,0.0831,0.0926,0.073,0.0315377294,0.0033916667,0.0007256894,0.0581,0.0436,0.0020495219,-0.0012532164,0.114089,0.111476,19.31,12.13
12.13,17.3,13.23,6.67,21.18,5.96,13.17,24.78,-1.76,18.71,408.79,12.2433,16.0433,0.4132296785,0.038,0.082,0.0913,0.0776,0.0316649252,0.0031666667,0.0014503263,-0.0324,-0.0173,0.0008724549,-0.0012723765,-0.018348,-0.019654,17.4,6.12
6.12,11,5.47,2.66,8.38,1.33,6.48,-0.96,0,6.98,412.7,12.2837,16.1167,0.4076305252,0.0384,0.0829,0.0923,0.0777,0.0332842419,0.0032,0.0036205648,0.0051,0.0096,0.0009132361,-0.0013307521,0.012865,0.009442,16.68,-0.82
-0.82,-0.62,0.75,-3.98,-1.94,-1.62,0.6,-7.12,-0.6,-0.21,403.69,12.324,16.19,0.4021060342,0.0404,0.0835,0.0925,0.0797,0.0416282636,0.0033666667,0.0050505051,-0.0094,-0.0073,0.0004697601,-0.0012508721,-0.01947,-0.021873,16.18,-3.31
-3.31,-3.25,-2.66,-0.19,-5.43,-1.96,-5.34,-11.48,0.99,-1.12,414.95,12.3227,16.4767,0.3873034718,0.0375,0.0833,0.0921,0.0803,0.0383939214,0.003125,0.0014357502,0.0016,0.0016,0.0016610518,-0.0015031952,0.028614,0.027157,15.53,-0.97
-0.97,-1.37,0.48,3.77,-1.33,-1.42,-1.44,-1.3,2.9,2.26,415.35,12.3213,16.7633,0.3829985163,0.0363,0.0828,0.0913,0.0781,0.0370813555,0.003025,0.0014336918,0.0243,0.0254,0.0006900329,-0.0015877929,0.00485,0.001087,13.86,-5.21
-5.21,-2.35,-4.34,-5.27,-7.46,-0.87,-4.44,-6.1,0.25,-2.15,408.14,12.32,17.05,0.3920423538,0.0366,0.0822,0.0905,0.0765,0.0429366245,0.00305,0.0035790981,0.02,0.0156,0.0007529192,-0.0012735065,-0.01503,-0.017545,13.35,1.72
1.72,0.44,0.89,4.68,1.38,2.49,2.85,3.6,6.84,3.76,424.21,12.345,17.38,0.3833486997,0.0321,0.0807,0.0884,0.0726,0.0413610108,0.002675,0.0021398003,0.0398,0.0308,0.0008974805,-0.0013636615,0.040924,0.039465,13.17,-2.56
-2.56,-3.49,-4.34,2.48,-4.39,-3.75,-1.35,-3.84,1.39,-2.29,414.03,12.37,17.71,0.3994050369,0.0313,0.0795,0.0865,0.0725,0.0428274632,0.0026083333,0.0028469751,0.0067,0.009,0.0003695588,-0.0014314693,-0.020615,-0.024214,13.58,1.03
1.03,-0.77,1.02,6.36,1.87,1.96,2.29,-1.5,0.85,1.46,417.8,12.395,18.04,0.3976569721,0.0291,0.0792,0.0862,0.071,0.0411349836,0.002425,0.0028388928,0.0185,0.0099,0.0008722118,-0.0010761546,0.01134,0.008916,14.28,0.76
0.76,3,1.16,0.03,3.87,3.06,4.59,3.84,-0.3,1.28,418.68,12.3917,18.39,0.4032511778,0.0286,0.0799,0.0884,0.0741,0.04097304,0.0023833333,0.0035385704,-0.0198,-0.0156,0.0009441488,-0.0009021119,0.004796,0.003455,16.15,7.59
7.59,8.38,7.31,-0.73,10.81,7.95,9.22,12.29,0.59,5.62,431.35,12.3883,18.74,0.3936264585,0.0313,0.081,0.0896,0.0748,0.0378707236,0.0026083333,0.0014104372,0.001,0.0069,0.0005080996,-0.0008360582,0.033794,0.030069,13.01,1.42
1.42,6.83,3.26,0.74,5,4.19,3.59,0.95,2.55,5.17,435.71,12.385,19.09,0.3941096142,0.0322,0.0798,0.0881,0.0726,0.03871373,0.0026833333,-0.0007042254,0.0246,0.0228,0.00047154,-0.0011115236,0.01338,0.011197,12.57,5.19
5.19,10.41,6.64,7.36,7.17,6.92,5.89,3.23,2.51,9.19,438.78,12.4163,19.34,0.3930481045,0.03,0.0791,0.0867,0.0725,0.0416392231,0.0025,0.0049330514,0.028,0.025,0.0003488457,-0.0015522385,0.007282,0.005964,12.42,-1.23
-1.23,-1.63,0.7,7.15,-2.78,2.5,-3.64,-12.75,5.13,0.68,443.38,12.4477,19.59,0.3859601969,0.0293,0.0771,0.0839,0.0698,0.0406155681,0.0024416667,0.0035063114,0.0354,0.0256,0.0011468722,-0.0014793405,0.013526,0.010361,13.16,3.21
3.21,4.56,2.1,8.95,0.87,7.05,3.1,0.13,3,3.78,451.67,12.479,19.84,0.3336135264,0.0295,0.0758,0.0815,0.0702,0.0369950189,0.0024583333,0.0034940601,0.0021,0.0025,0.0010047233,-0.0016690258,0.021202,0.018578,12.53,-2.02
-2.02,-1.91,-1.64,4.01,-3.57,-1.71,-3.07,-4.02,0.81,-0.76,440.19,12.4937,19.67,0.334349806,0.0287,0.0746,0.0814,0.0701,0.039700073,0.0023916667,0.0027855153,0.0072,0.0052,0.0010047977,-0.0014462842,-0.024519,-0.02578,12.42,3.86
3.86,5.59,3.84,5.5,6.69,7.94,4.92,6.36,1.17,1.79,450.19,12.5083,19.5,0.3248824215,0.0296,0.0743,0.0821,0.0701,0.040144274,0.0024666667,0.0013888889,0.0047,0.002,0.0008173038,-0.0016500074,0.026259,0.022549,13.47,-0.5
-0.5,0.71,1.51,0.56,2.03,12.14,0.62,-0.02,2.81,1.37,450.53,12.523,19.33,0.3259312476,0.0307,0.0733,0.0807,0.0668,0.0410478926,0.0025583333,0.0013869626,0.0449,0.0293,0.0005738167,-0.0017479702,0.003466,0.001095,11.26,-0.24
-0.24,2.07,1.28,-0.03,0.49,7.81,0.51,-2.47,1.8,3.07,448.13,12.5217,19.69,0.3237770308,0.0304,0.0717,0.0793,0.0656,0.0409002052,0.0025333333,0,0.0191,0.01,0.0006089618,-0.001390471,-0.004593,-0.005909,11.73,2.3
2.3,2.21,5.17,3.86,5.9,13.54,3.07,1.9,3.55,3.59,463.56,12.5203,20.05,0.3138649833,0.0302,0.0685,0.076,0.0623,0.0401659711,0.0025166667,0.0027700831,0.0434,0.0287,0.0002815775,-0.0012521643,0.037431,0.033957,11.85,1.68
1.68,2.62,0.76,1.57,3.33,7.88,3.04,4.49,0.16,3.38,458.93,12.519,20.41,0.3223518215,0.0295,0.0666,0.0734,0.0627,0.0417473699,0.0024583333,0.0020718232,5e-04,0.0043,0.0004706646,-0.0011537305,-0.007582,-0.009842,12.99,4.63
4.63,3.89,3.5,1.08,5.08,12.07,4.07,6.79,-1.3,3.4,467.83,12.5383,20.9033,0.3113628329,0.0302,0.0667,0.0731,0.0623,0.0403809173,0.0025166667,0.0041350793,0.0096,0.0051,0.0003142048,-0.0010548299,0.019884,0.01859,11.46,-0.72
-0.72,0.07,-0.84,-9.4,-1.15,-9.27,-1.09,-4.39,-5.44,-2.79,461.79,12.5577,21.3967,0.3110794108,0.031,0.0693,0.0766,0.0651,0.0438535951,0.0025833333,0.0006863418,-0.0259,-0.0188,0.000576328,-0.0010516947,-0.008655,-0.012084,13.76,0.07
0.07,4.23,3.2,-2.85,1.28,-0.47,0.44,-0.81,0.74,1.47,466.45,12.577,21.89,0.3052672229,0.0306,0.0693,0.0769,0.0654,0.0457468047,0.00255,0,0.002,0.0067,0.0002696863,-0.001012497,0.012646,0.010617,11.66,1.48
1.48,4.84,6.45,6.64,6.06,3.28,2.45,6.38,0.14,5.27,481.61,12.6203,22.1633,0.2880585672,0.0298,0.0692,0.0765,0.0637,0.0436888228,0.0024833333,0.0027434842,0.0257,0.0202,0.0004234858,-0.0009760773,0.033429,0.031954,10.63,-0.27
-0.27,-1.37,1.12,1,0.57,-2.5,-0.04,-2.93,-3.27,-1.51,467.14,12.6637,22.4367,0.2990588209,0.0325,0.0708,0.0776,0.0682,0.0450599942,0.0027083333,0.0034199726,-0.045,-0.0286,0.0010260883,-0.0011355039,-0.027161,-0.030121,14.87,-3.15
-3.15,-5.12,-4.14,-4.08,-4.71,-6.07,-3.94,-7.01,-3.31,-3.57,445.77,12.707,22.71,0.3074838051,0.035,0.0748,0.0813,0.0725,0.0419154208,0.0029166667,0.0034083163,-0.0395,-0.0383,0.0008921309,-0.001099839,-0.043456,-0.045728,20.45,-0.66
-0.66,-1.6,-0.31,1.55,-2.12,-2.65,-2.37,-4.52,1.78,-0.69,450.91,12.7497,23.54,0.3036647862,0.0368,0.0788,0.0852,0.0745,0.0398625296,0.0030666667,0.0013586957,-0.015,-0.0097,0.0013736767,-0.0009516278,0.012817,0.011477,13.77,-1.16
-1.16,-1.49,0.57,1.29,-1.09,0.05,-2.54,-0.19,-3.68,1.29,456.51,12.7923,24.37,0.2974694757,0.0414,0.0799,0.0862,0.0759,0.0396573234,0.00345,0.0006784261,-0.0082,-0.0062,0.0007504982,-0.0010085097,0.016309,0.012559,13.03,-2.47
-2.47,-3.6,-2.37,2.04,-5.45,-2.04,-4.42,-5.28,-2.05,-0.9,444.27,12.835,25.2,0.3084170767,0.0414,0.0797,0.0865,0.0774,0.0340103517,0.00345,0.0033898305,-0.01,-0.0081,0.0007971036,-0.0009657219,-0.024762,-0.027113,14.97,1
1,1.1,3.07,0.66,2.28,4.04,0.68,-0.51,2.85,0.96,458.25,12.8643,25.91,0.2969853808,0.0433,0.0811,0.088,0.0746,0.0312202246,0.0036083333,0.0027027027,0.0363,0.0309,0.0003272701,-0.0006430939,0.032714,0.031381,11.13,5.02
5.02,3.39,3.93,-0.15,6.13,4,4.17,6.91,0.94,2.47,475.5,12.8937,26.62,0.2856838193,0.0448,0.0807,0.0874,0.0761,0.0287150331,0.0037333333,0.0040431267,-0.0086,-0.0031,0.0005603787,-0.0009749581,0.041341,0.03799,11.97,0.28
0.28,-0.45,0.47,3.36,3.06,2.74,0.29,1.12,-2.14,-0.13,462.71,12.923,27.33,0.2909046586,0.0462,0.0834,0.0898,0.08,0.0290133768,0.00385,0.0026845638,-0.0331,-0.0265,0.0008018755,-0.0008392978,-0.02394,-0.026238,14.28,-0.43
-0.43,-0.18,0.21,1.5,4.97,-2.11,0.08,-1.56,0.03,-1.76,472.35,13.0053,28.42,0.2860712737,0.0495,0.0857,0.092,0.0809,0.0260096682,0.004125,0.000669344,-0.0025,-0.005,0.0011584215,-0.0007717289,0.022619,0.021043,14.56,-4.1
-4.1,-4.61,-4.88,-8.35,-2.4,-5.91,-4.61,-2.53,-1.61,-5.28,453.69,13.0877,29.51,0.2989926143,0.0529,0.0868,0.0932,0.0808,0.0229246163,0.0044083333,0.0013377926,0.0066,0.0018,0.0008363828,-0.0005588157,-0.036248,-0.039423,15.95,-2.2
-2.2,-2.43,0.26,-3.04,1.32,-1.99,-4.83,-4.29,0.72,-0.52,459.27,13.17,30.6,0.2915683,0.056,0.0846,0.091,0.0799,0.016595794,0.0046666667,0,0.0161,0.0157,0.0007049267,-0.0005760069,0.014955,0.012419,13.2,1.58
1.58,-1.17,1.25,-0.87,3.87,3.5,2.2,7.36,4.01,4.01,470.42,13.17,31.25,0.2908537344,0.0571,0.0846,0.0908,0.078,0.0150940789,0.0047583333,0.004008016,0.0273,0.0256,0.0002893889,-0.0007797873,0.026,0.024348,11.96,3.11
3.11,2.62,3.06,3.01,4.7,3.55,1.8,2.66,2.59,3.18,487.39,13.17,31.9,0.2787300356,0.0577,0.0826,0.0885,0.0758,0.0145332524,0.0048083333,0.003992016,0.0287,0.0289,0.0004724322,-0.0007155156,0.039228,0.036328,11.75,0.07
0.07,-1.26,1.46,4.22,4,2.46,0.9,3.13,-0.93,1.52,500.71,13.17,32.55,0.3138765419,0.0573,0.0812,0.087,0.0755,0.0143978171,0.004775,0.0033134526,0.0091,0.0095,0.0004843187,-0.0005667705,0.029334,0.027179,13.37,1.34
1.34,0.68,2.77,1.85,4.46,1.23,1.08,2.17,1.47,2.26,514.71,13.2337,33.1767,0.3019947008,0.0565,0.0803,0.086,0.0745,0.0130130966,0.0047083333,0.0033025099,0.0169,0.0175,0.0002569276,-0.0006268823,0.029395,0.027914,11.75,-0.42
-0.42,0.15,2.16,2.61,2.9,-0.55,-0.28,3.91,3.58,2.11,533.4,13.2973,33.8033,0.2922642542,0.0567,0.0765,0.082,0.0677,0.0107377325,0.004725,0.0019749835,0.079,0.0631,0.0010114473,-0.0003976842,0.039809,0.036454,12.85,2.39
2.39,1.47,4.25,-0.72,11.35,6.15,4.64,9.82,0.55,4.33,544.75,13.361,34.43,0.2864296179,0.0547,0.073,0.079,0.067,0.0082679174,0.0045583333,0.0019710907,0.0139,0.0079,0.0006967987,-0.0002677257,0.024155,0.022198,11.38,4.55
4.55,5.7,5.54,2.82,9.98,7.39,4.5,9.85,-0.48,5.04,562.06,13.4323,34.68,0.2771603672,0.0542,0.0741,0.0804,0.0691,0.0070594239,0.0045166667,0,-0.0168,-0.0101,0.0007732246,-0.0002910918,0.033405,0.032023,13.49,2.87
2.87,-0.95,1.01,3.17,4.23,5.31,1.72,8.11,2.14,4.47,561.88,13.5037,34.93,0.2830461347,0.054,0.0757,0.0819,0.0674,0.0091202057,0.0045,0.0026229508,0.0236,0.0214,0.0002067405,-0.0001379734,0.003495,0.000642,11.52,2.61
2.61,3.79,1.08,0.33,4.54,1.48,0.85,5.78,4.54,2.68,584.41,13.575,35.18,0.2724949976,0.0528,0.0732,0.0793,0.0663,0.0063774144,0.0044,0.0019620667,0.0175,0.0153,0.0003814595,-0.0001402155,0.042102,0.040182,12.74,-5.2
-5.2,-5.53,-5.87,-5.05,-5.61,-5.73,-7.07,-6.43,1.14,-1.9,581.5,13.646,34.7733,0.2744202453,0.0528,0.0712,0.0775,0.0641,0.0122208099,0.0044,0.0032637076,0.0294,0.0185,0.0004878223,2.07943e-05,-0.003442,-0.004864,13.83,-0.18
-0.18,0.66,1.07,2.15,2.62,1.08,0.93,1.17,2.52,1.92,605.37,13.717,34.3667,0.2571688515,0.0536,0.0702,0.0768,0.0623,0.0168725256,0.0044666667,-0.0006506181,0.0249,0.0242,0.0005461724,-7.79813e-05,0.044179,0.041338,11.58,-0.41
-0.41,-1.78,-0.17,4.39,-1.23,0.98,-2.59,7.25,3.72,1.31,615.93,13.788,33.96,0.2550263829,0.0514,0.0682,0.0749,0.0603,0.0155268465,0.0042833333,-0.0006510417,0.0272,0.0228,0.0008205431,-0.0001466042,0.017643,0.015809,12.52,1.38
1.38,2.82,2.95,3.3,0.28,0.29,1.33,9.49,1.7,3.32,636.02,13.8933,33.9867,0.2418771721,0.05,0.0681,0.0747,0.0609,0.0161312454,0.0041666667,0.0058631922,-0.0011,0.0014,0.0013839441,-5.31418e-05,0.034861,0.033415,12.53,3.14
3.14,2.85,2.86,2.99,6.86,7.75,4,5.26,-0.29,2.32,640.43,13.9987,34.0133,0.2378947371,0.0483,0.0699,0.0763,0.0659,0.0168058204,0.004025,0.003238342,-0.0483,-0.0373,0.0012676223,-0.0002278549,0.010088,0.007689,17.04,2.92
2.92,4.36,2.21,6.66,0.5,3.61,6.26,3.32,0.64,2.53,645.5,14.104,34.04,0.2392996154,0.0496,0.0735,0.0803,0.0684,0.0168959567,0.0041333333,0.0051646223,-0.021,-0.013,0.001741708,3.05558e-05,0.009585,0.00786,18.88,3.5
3.5,6.29,6.19,11.03,13.07,5.27,6.19,7.46,-0.56,2.73,654.17,14.1603,34.33,0.2400758062,0.0495,0.075,0.0819,0.0706,0.0211307237,0.004125,0.0038535645,-0.0165,-0.016,0.0009818335,6.82249e-05,0.015133,0.013857,15.83,6.71
6.71,10,5.57,6.83,11.53,6.16,9,7.43,1.22,4.67,669.12,14.2167,34.62,0.2369235155,0.0502,0.0762,0.083,0.0717,0.0263978812,0.0041833333,0.0019193858,-0.0054,5e-04,0.0011253096,-0.0002545209,0.025257,0.02253,16.07,-2.82
-2.82,-2.58,-3.3,0.95,-8.35,-2.39,-3.16,-6.47,2.84,-0.78,670.63,14.273,34.91,0.2364437252,0.0509,0.0771,0.084,0.0703,0.0271956085,0.0042416667,0.0006385696,0.0203,0.0172,0.0003947932,-0.0008478904,0.004128,0.002562,13.68,-8.85
-8.85,-6.25,-7.96,-4.29,-14.02,-11.09,-8.94,-14.55,-3.2,-5.35,639.95,14.4033,35.2733,0.2418198938,0.0515,0.0765,0.0835,0.0707,0.0311141679,0.0042916667,0.0019144863,0.0018,0.001,0.0023551525,-0.0004704749,-0.044441,-0.046048,19.46,4.18
4.18,4.32,3.61,4.64,4.72,6.03,4.56,5.37,4.11,4.49,651.99,14.5337,35.6367,0.2380611179,0.0505,0.0746,0.0818,0.0726,0.0308658156,0.0042083333,0.001910828,-0.0139,-0.007,0.0011215051,-0.0003522358,0.021928,0.019589,17.01,1.66
1.66,2.37,2.87,5.16,4.59,2.1,1.22,3.97,1.21,2.93,687.31,14.664,36,0.2272973181,0.0509,0.0766,0.0835,0.0704,0.0295555316,0.0042416667,0.0031786395,0.029,0.0259,0.0006862354,-0.0005386936,0.056035,0.054112,16.95,-2.16
-2.16,-0.46,-1.29,8.05,-5.27,-7.81,-4.31,-7.23,2.01,-0.43,705.27,14.7423,36.91,0.2217476558,0.0499,0.0739,0.0807,0.0671,0.0256276826,0.0041583333,0.0031685678,0.0404,0.0361,0.0006066275,-0.0005314503,0.026798,0.025348,18.11,1.67
1.67,1.29,3.95,6.52,2.64,-2.21,1.93,0.86,2.74,2.48,757.02,14.8207,37.82,0.2050079191,0.0503,0.071,0.0779,0.0643,0.0220406929,0.0041916667,0.0018951358,0.0351,0.0263,0.0007037217,-0.0006139252,0.076455,0.074218,17.14,-2.48
-2.48,0.09,1.09,-0.38,-2.29,-5.02,-2.38,1.01,0.91,0.15,740.74,14.899,38.73,0.2073427297,0.0491,0.072,0.0789,0.0673,0.0241008722,0.0040916667,0,-0.0256,-0.0186,0.001709075,-0.0003967552,-0.019815,-0.021518,20.92,6.43
6.43,4.06,7.21,7.97,8.95,6.27,3.97,9.44,1.34,5.66,786.16,14.9523,39.2333,0.1962401029,0.0503,0.0742,0.0809,0.0689,0.0243801339,0.0041916667,0.0031525851,-0.0079,-0.0028,0.0013600872,-0.0007941293,0.062779,0.061689,19.47,1.03
1.03,-0.18,-1.64,-9,-6.54,-4.18,-1.08,-1.36,-0.71,1.68,790.82,15.0057,39.7367,0.1943954108,0.0501,0.0731,0.0794,0.0694,0.0228851457,0.004175,0.0031426776,5e-04,0.0028,0.00147476,-0.0013029057,0.007752,0.0058,21.1,-4.12
-4.12,-3.27,-3.52,1.31,-9.29,-8.19,-4.29,-9.84,-2.65,-3.33,757.12,15.059,40.24,0.2147802023,0.0514,0.0755,0.0818,0.0723,0.0211198386,0.0042833333,0.0025062657,-0.0252,-0.0221,0.0020014839,-0.0013083062,-0.041653,-0.04331,22.14,-2.75
-2.75,-2.31,-0.52,-3.57,-3.57,-2.09,-2.9,-6.71,-0.81,-0.46,801.34,15.093,40.3433,0.2017410478,0.0516,0.0773,0.0834,0.0705,0.0169161089,0.0043,0.00125,0.0255,0.0184,0.0030050574,-0.000871922,0.060274,0.059016,20.06,6.5
6.5,7.1,10.22,8.97,14.69,12.38,7.36,10.26,3.83,6.29,848.28,15.127,40.4467,0.1928785879,0.0505,0.0758,0.082,0.0701,0.0132653849,0.0042083333,-0.0006242197,0.0097,0.0128,0.0020074201,-0.0008784074,0.061401,0.059272,19.19,3.25
3.25,4.89,4.69,3.35,2.4,8.97,4.48,2.7,3.04,5.57,885.14,15.161,40.55,0.184287615,0.0493,0.0741,0.0802,0.0688,0.0108474777,0.0041083333,0.0012492192,0.0195,0.0187,0.0019744425,-0.0006620977,0.044103,0.042762,21.53,3.37
3.37,2.08,6.76,4.54,7.04,5.45,3.43,1.19,2.67,6.04,954.29,15.2183,40.58,0.171964943,0.0505,0.0714,0.0775,0.0637,0.0116078543,0.0042083333,0.0012476606,0.0626,0.0528,0.0020101663,-0.0006272571,0.080388,0.078977,21.48,1.54
1.54,2.85,3.7,7.41,7.31,4.48,2.68,2.81,0.34,1.58,899.47,15.2757,40.61,0.1855054038,0.0514,0.0722,0.0782,0.0672,0.0128921891,0.0042833333,0.0018691589,-0.0317,-0.024,0.0024647279,-0.0004309205,-0.05497,-0.056458,24.76,7.52
7.52,6.96,6.78,12.56,9.27,9.64,8.19,11.38,4.55,8.66,947.28,15.333,40.64,0.177967857,0.0495,0.0715,0.077,0.0649,0.0146506387,0.004125,0.0024875622,0.0316,0.0226,0.0026265123,-0.0007428601,0.053886,0.052408,22.91,-3.9
-3.9,-1.04,-3.33,0.8,-5.59,-0.14,-1.69,-2.22,1.19,-0.01,914.62,15.3877,40.3333,0.1900006773,0.0497,0.07,0.0757,0.0623,0.0162805348,0.0041416667,0.0024813896,0.0341,0.0191,0.0093637077,-0.0005992388,-0.032605,-0.03373,35.09,-1.05
-1.05,-1.77,-1.89,-9.28,-4.82,-1.25,-1.24,-4.9,5.54,-0.15,955.4,15.4423,40.0267,0.1807462988,0.0514,0.0687,0.0742,0.0614,0.0156862396,0.0042833333,-0.0006188119,0.0148,0.0101,0.0026621198,-0.0007918427,0.046321,0.044625,27.43,-4.02
-4.02,-4.49,-4.45,-5.14,-8,-1.23,-5.6,-6.83,8.57,2.17,970.43,15.497,39.72,0.1788008842,0.0516,0.0676,0.0732,0.0602,0.0155787276,0.0043,-0.0012383901,0.0184,0.0163,0.0022493911,-0.000888779,0.017147,0.0157,24.01,-0.4
-0.4,2,1.54,-6.19,3.29,4.76,1.51,2.27,-4.04,1.05,980.28,15.545,39.66,0.1788402734,0.0504,0.0661,0.0719,0.0589,0.0137581612,0.0042,0.0018598884,0.02,0.0137,0.0024688899,-0.0007004554,0.011994,0.01108,21.47,7.74
7.74,8.11,6.56,2.71,7.88,9.31,6.5,4.83,2.04,5.67,1049.34,15.593,39.6,0.1654630971,0.0509,0.0667,0.0725,0.0599,0.0120735181,0.0042416667,0.0018564356,-0.0072,-7e-04,0.0010533641,-0.000804846,0.071956,0.070303,18.55,2.79
2.79,6.16,3.82,3.33,4.62,7.24,6.43,3.71,4.87,5.59,1101.75,15.641,39.54,0.181140396,0.0503,0.0672,0.0732,0.0602,0.0165051128,0.0041916667,0.0018529957,0.0025,0.0038,0.0011367878,-0.0007397901,0.051336,0.050104,24.22,2.3
2.3,4.19,1.91,1.38,4.59,1.79,3.69,-0.42,-1.64,3.13,1111.75,15.744,39.35,0.1758729222,0.0495,0.0669,0.0733,0.0604,0.0164262189,0.004125,0.0018495684,0.0026,0.0053,0.0016147577,-0.0009559644,0.011275,0.010232,21.18,-2.74
-2.74,-1.46,-4.46,-7.29,-8.11,-6.02,-2.95,-4.12,-1.26,-3.56,1090.82,15.847,39.16,0.1791022057,0.05,0.0669,0.073,0.0592,0.0190980686,0.0041666667,0.0018461538,0.0182,0.0167,0.0009588242,-0.0008915195,-0.017674,-0.019206,21.32,-3.06
-3.06,-2.97,-5.02,-6.63,-2.85,1.99,-1.15,-6.36,2.71,-1.57,1133.84,15.95,38.97,0.178060606,0.0498,0.0653,0.0713,0.0576,0.0240305882,0.00415,0.0012285012,0.0228,0.0115,0.0020973304,-0.0011688478,0.04097,0.0398,19.71,-5.14
-5.14,-7.07,-7.07,-14.44,-7.69,1.45,-5.05,-5.45,-4.48,-4.05,1120.67,16.0143,38.6767,0.1794381089,0.0496,0.0655,0.0715,0.0584,0.0253622873,0.0041333333,0.0012269939,-0.004,-0.0056,0.0022281428,-0.0023045245,-0.010109,-0.011112,24.8,-16.9
-16.9,-19.12,-18.74,-22.96,-23.76,-24.19,-21.31,-24.66,-1.26,-18.7,957.28,16.0787,38.3833,0.2114320916,0.049,0.0652,0.0714,0.0547,0.0285296741,0.0040833333,0.0012254902,0.0465,0.0089,0.0093340166,-0.0018568563,-0.143124,-0.144504,44.28,-0.46
-0.46,3.73,0.23,13.17,5.89,4.85,0.09,7.57,8.34,3.67,1017.01,16.143,38.09,0.2032484042,0.0461,0.064,0.0709,0.0517,0.0240925221,0.0038416667,0.0012239902,0.0395,0.0413,0.0099709513,-0.0016339078,0.063176,0.061612,40.95,2.14
2.14,4.6,4.92,1.08,6.81,4.22,4.67,4.98,0.75,1.11,1098.67,16.1603,37.9633,0.1855190768,0.0396,0.0637,0.0718,0.054,0.0207492147,0.0033,0.0024449878,-0.0218,-0.019,0.0051715952,-0.0013748512,0.080111,0.079144,28.05,6.37
6.37,7.29,4.88,-11.8,17.28,10.67,15.02,7.22,1.76,4.49,1163.63,16.1777,37.8367,0.1748468445,0.0441,0.0641,0.0734,0.0535,0.0220123421,0.003675,0,0.0097,0.027,0.0019367347,-0.0012152598,0.062164,0.060685,26.01,5.3
5.3,2.24,-0.91,-10.12,5.48,6.51,4.52,2.02,2.56,1.66,1229.23,16.195,37.71,0.1736113154,0.0439,0.0622,0.0723,0.0542,0.0200632552,0.0036583333,-0.0006097561,-0.0032,0.001,0.0032869067,-0.0010338728,0.059673,0.058454,24.42,3.53
3.53,4.36,4.83,-0.84,15.36,18.42,6.21,8.89,-5.52,4.58,1279.64,16.2797,37.9333,0.1703206191,0.0434,0.0624,0.0729,0.0536,0.0155939946,0.0036166667,0.0024405125,0.0121,0.0123,0.0033356226,-0.0012959934,0.0428,0.042,26.25,-2.69
-2.69,-4.18,-5.21,-10.36,-7.1,-6.32,-4.84,-7.25,-3.7,-2.51,1238.33,16.3643,38.1567,0.1712768096,0.0444,0.064,0.0739,0.0587,0.0184543721,0.0037,0.0012172855,-0.052,-0.0401,0.0034821298,-0.0011728518,-0.031935,-0.033156,27.88,-5.37
-5.37,-3.72,-3.71,21.09,-0.48,7.16,-1.95,-1.9,-0.99,-1.99,1286.37,16.449,38.38,0.1728971707,0.0444,0.0662,0.0753,0.0592,0.0206772204,0.0037,0.0030395137,-8e-04,2e-04,0.0032135534,-0.0010753509,0.038979,0.037774,23.26,6.2
6.2,12.55,13.11,14.76,9.02,21.31,7.93,3.21,5.99,7.29,1335.18,16.4487,39.26,0.1568258764,0.0429,0.0664,0.0748,0.0594,0.0251891382,0.003575,0.0072727273,0.0021,-0.0024,0.0027266469,-0.0012580821,0.037559,0.036771,25.07,4.04
4.04,6.61,2.77,0.03,6.96,2.71,2.45,5.89,6.92,1.5,1301.84,16.4483,40.14,0.1602311354,0.045,0.0693,0.0772,0.0615,0.025905064,0.00375,0,-0.0185,-0.0176,0.0030856384,-0.0011522804,-0.023159,-0.024833,25.39,1.69
1.69,4.22,3.95,3.62,7.37,7.09,3.11,3.66,0.95,2.27,1372.71,16.448,41.02,0.1542274468,0.0457,0.0723,0.0802,0.0627,0.0188750654,0.0038083333,0,-0.0078,-0.016,0.0024092474,-0.0011446288,0.054431,0.053398,21.09,-1.46
-1.46,-0.17,0.53,4.28,1.83,2.21,-1.09,3.94,2.22,0.03,1328.72,16.5123,42,0.1587964727,0.0455,0.0719,0.0795,0.0639,0.0194361999,0.0037916667,0.0030084236,-0.0077,-0.0113,0.0016111824,-0.0011695952,-0.03022,-0.031084,24.64,-6
-6,-6.53,-4.14,2.17,-0.87,-2.26,-7.47,-1.63,0.72,-4.3,1320.41,16.5767,42.98,0.1562430269,0.0472,0.074,0.0815,0.0649,0.0189540177,0.0039333333,0.0023995201,-0.0053,-0.0026,0.0027298772,-0.0010558461,-0.004989,-0.006251,24.45,-2.95
-2.95,-5.65,-3.75,-0.1,1.94,1.08,-2.78,-1.35,-2.53,-2.94,1282.71,16.641,43.96,0.1636844982,0.0468,0.0739,0.082,0.0646,0.0204568067,0.0039,0.0047875524,0.0084,0.0093,0.0027049454,-0.0009857026,-0.028079,-0.029257,25.41,-0.95
-0.95,-3.16,-3.41,-6.75,4.49,8.86,-3.2,-2.71,2.02,-0.03,1362.93,16.658,45.3633,0.1576906607,0.0486,0.0755,0.0838,0.0651,0.0205190335,0.00405,0.0017867778,-0.0012,0.0047,0.0048759339,-0.0005150403,0.064238,0.063512,22.2,-0.2
-0.2,3.88,2.92,-1.32,28.93,14.4,6.92,13.21,-2.49,2.85,1388.91,16.675,46.7667,0.1555459671,0.0507,0.0736,0.0815,0.0662,0.0183527546,0.004225,0.0005945303,-0.0061,-0.0024,0.0013542581,0.0001107107,0.020822,0.019547,24.18,0.33
0.33,3.02,4.48,0.65,25.3,20.49,2.2,15.82,-1.76,1.62,1469.25,16.692,48.17,0.1471672594,0.052,0.0755,0.0819,0.0682,0.0179602357,0.0043333333,0,-0.0155,-0.0102,0.0011487717,6.4278e-05,0.062579,0.061549,24.64,1.69
1.69,3.91,3.28,7.49,12.27,4.21,0.76,24.04,2.38,-0.74,1394.46,16.7153,49.0967,0.15465416,0.0532,0.0778,0.0833,0.0666,0.0254341626,0.0044333333,0.0029708853,0.0228,-0.0021,0.005206354,0.0006223722,-0.049606,-0.050273,24.95,3.61
3.61,6.65,5.23,4.59,34.45,21.89,2.04,43,-4.37,1.16,1366.42,16.7387,50.0233,0.1670564326,0.0555,0.0768,0.0829,0.0646,0.0274972755,0.004625,0.0059241706,0.0264,0.0092,0.003000422,0.0004046909,-0.017459,-0.018667,23.37,4.65
4.65,6.47,3.9,16.86,-3.46,-2.76,3.54,-9.05,6,1.8,1498.58,16.762,50.95,0.1499735618,0.0569,0.0768,0.0837,0.0618,0.0183618948,0.0047416667,0.0082449941,0.0367,0.0169,0.0066783401,0.0001848837,0.098492,0.097434,24.11,-4.39
-4.39,-6.58,-2.78,-3.8,-20.29,-17.52,-5.49,-13.74,5.55,-3.94,1452.43,16.7427,51.2733,0.1526004182,0.0566,0.0764,0.084,0.063,0.0120233177,0.0047166667,0.0005841121,-0.0076,-0.0115,0.0079417212,-0.0003869421,-0.031585,-0.032308,26.2,-1.65
-1.65,-8.06,-4.42,16.03,-14.3,-13.75,-5.92,-7.34,2.3,-2.35,1420.6,16.7233,51.5967,0.1556687311,0.0579,0.0799,0.089,0.064,0.0092578277,0.004825,0.0011675423,-0.0054,-0.0161,0.005185498,8.913e-06,-0.022304,-0.023617,23.65,2.4
2.4,2.54,3.42,3.54,17.27,10.41,1.95,19.12,-3.02,2.49,1454.6,16.704,51.92,0.1567779616,0.0569,0.0767,0.0848,0.0622,0.0072026759,0.0047416667,0.0052478134,0.0244,0.0326,0.0023597429,-0.0002467433,0.026219,0.025497,19.54,0.56
0.56,-1.36,-0.73,-6.34,-8.23,-9.72,-2.69,-2.45,5.25,1.84,1430.83,16.585,52.5133,0.155674151,0.0596,0.0765,0.0835,0.0611,0.004733518,0.0049666667,0.0023201856,0.0173,0.0179,0.0020654712,7.159e-06,-0.012795,-0.013559,20.74,2.4
2.4,5.69,4.05,16.16,10.04,-0.27,2.72,12.8,6.92,4.14,1517.68,16.466,53.1067,0.146053064,0.0609,0.0755,0.0826,0.0594,0.0046892158,0.005075,0,0.024,0.0135,0.0010392754,-0.0002776155,0.062594,0.061275,16.84,-0.52
-0.52,-6.34,-5.35,4.55,-10.82,-16.08,-5.58,-0.14,6.83,-0.98,1436.51,16.347,53.7,0.1537894629,0.06,0.0762,0.0835,0.0612,0.0044836473,0.005,0.0052083333,-0.0157,0.0046,0.0015999826,-0.0005084875,-0.052088,-0.052795,20.57,-4.42
-4.42,-5.02,-3.04,-7.29,-13.14,-11.75,-5.73,-8.14,-1.06,-3.67,1429.4,16.3217,52.4667,0.1493007889,0.0611,0.0755,0.0834,0.06,0.0037577274,0.0050916667,0.0017271157,0.0187,0.0045,0.0055680729,-0.0013389528,-0.00412,-0.004829,23.63,-6.94
-6.94,-12.24,-8.44,-4.94,-26.63,-27.39,-10.16,-13.72,3.81,-5.7,1314.95,16.2963,51.2333,0.1572808929,0.0617,0.0745,0.0828,0.0576,0.0011692937,0.0051416667,0.0005747126,0.0319,0.0263,0.0032724371,-0.0018525551,-0.078268,-0.079557,29.65,-0.8
-0.8,-1.91,1.53,24.93,-9.57,-5.51,-3.79,-3.65,8.24,2.76,1320.28,16.271,50,0.1518515036,0.0577,0.0721,0.0802,0.0558,-0.0022506275,0.0048083333,-0.0005743825,0.0243,0.027,0.0052993586,-0.000524853,0.00572,0.004861,26.85,18.58
18.58,20.79,16.5,0.46,46.59,53.13,27.78,22.06,-7.14,15.58,1366.01,16.1717,48.48,0.1504496662,0.0515,0.0715,0.0793,0.0562,-0.003181855,0.0042916667,0.0063218391,5e-04,0.0359,0.0049410477,-0.0015650504,0.032375,0.031555,22.02,-0.76
-0.76,-1.98,-2.93,1.24,-21.72,-20.08,-2.87,-9.21,2.94,-2,1239.94,16.0723,46.96,0.1560700913,0.0488,0.071,0.0787,0.0549,-0.0068447052,0.0040666667,0.0039977156,0.0191,0.0127,0.0025284469,-0.0022728464,-0.090952,-0.092131,28.35,-2.88
-2.88,-5.8,-4.95,0.51,-16.39,-16.26,-4,-9.38,2.39,-2.62,1160.33,15.973,45.44,0.1331135514,0.0442,0.0698,0.0784,0.0559,-0.0052002182,0.0036833333,0.0022753129,-0.0074,-0.0029,0.0071396324,-0.0018640665,-0.063706,-0.064587,28.64,3.74
3.74,8.79,5.9,7.77,14.22,3.07,5.73,12.55,3.92,4.17,1249.46,15.8773,42.5567,0.1224969006,0.0387,0.072,0.0807,0.0593,-0.002542961,0.003225,0.0039727582,-0.0313,-0.0128,0.0074262097,-0.0010245789,0.077825,0.076981,25.48,7.05
7.05,8.2,6.09,4.63,4.3,0.38,8.52,13.56,1.14,7.07,1255.82,15.7817,39.6733,0.120510188,0.0362,0.0729,0.0807,0.0594,-0.0002489117,0.0030166667,0.004522329,0.0037,0.0132,0.0025362471,-0.0011840987,0.00687,0.00533,22.64,0.42
0.42,2.67,-0.72,-12.75,-0.13,-0.03,3.18,7.27,-1.89,2.92,1224.42,15.686,36.79,0.1252094328,0.0349,0.0718,0.0797,0.059,0.0050470935,0.0029083333,0.0016882386,0.0085,0.0055,0.0015083692,-0.0015922058,-0.024506,-0.025183,19.06,0.16
0.16,-1.74,-2.38,-3.72,-9.77,-10.67,-0.48,-2.73,-3.21,1.2,1211.23,15.7027,33.9633,0.1249665833,0.0351,0.0713,0.0797,0.0561,0.0079149459,0.002925,-0.0028089888,0.0376,0.0361,0.0028995945,-0.0020270501,-0.009317,-0.010248,21.62,-0.92
-0.92,-3.92,-3.28,-5.92,-10,-11.94,0.47,-2.83,0.7,-1.23,1133.58,15.7193,31.1367,0.1321641438,0.0336,0.0702,0.0785,0.0546,0.0099196201,0.0028,0,0.0206,0.0156,0.0022214855,-0.0026412673,-0.063435,-0.064933,24.92,-11.71
-11.71,-17.72,-13.82,-13.68,-18.97,-20.26,-12.49,-11.85,-4.69,-9.34,1040.94,15.736,28.31,0.1486285882,0.0264,0.0717,0.0803,0.0542,0.0086679553,0.0022,0.0045070423,0.0081,-0.0152,0.0071675871,-0.001822915,-0.080361,-0.081352,31.93,3.74
3.74,4.86,3.63,11.9,20.7,6.22,4.49,11.88,0.14,1.72,1059.78,15.7373,27.1033,0.1449013996,0.0216,0.0703,0.0791,0.0506,0.0107491048,0.0018,-0.003365115,0.0464,0.0437,0.0032497575,-0.0013347395,0.019542,0.018547,33.56,4.98
4.98,9.16,6.14,-5.24,15.23,15.51,8.91,7.12,0.53,5.62,1139.45,15.7387,25.8967,0.1334813667,0.0187,0.0697,0.0781,0.0553,0.0111616549,0.0015583333,-0.0016882386,-0.0471,-0.0188,0.0021893512,-0.0010598798,0.078787,0.077259,23.84,4.17
4.17,6.77,4.87,6.4,8.79,7.48,6.7,6.36,4.06,5.57,1148.08,15.74,24.69,0.1312178459,0.0169,0.0677,0.0805,0.0575,0.0134669755,0.0014083333,-0.003945885,-0.0183,-0.009,0.0017979546,-0.0013361672,0.009051,0.007849,23.8,2.11
2.11,5.49,2.25,-5.02,3.53,-11.58,5.67,-3.23,-2.54,2.91,1130.2,15.7367,24.6933,0.1325605487,0.0165,0.0655,0.0787,0.0569,0.0111937534,0.001375,0.0022637238,0.0138,0.0175,0.0021838889,-0.0020042449,-0.014324,-0.01532,21.09,1.51
1.51,0.14,0.34,1.61,-11.84,-12.72,-1.99,-7.94,0.26,-0.13,1106.73,15.7333,24.6967,0.1301190857,0.0173,0.0651,0.0789,0.0563,0.0125018451,0.0014416667,0.0039525692,0.0115,0.013,0.002567832,-0.0018207545,-0.019481,-0.020973,21.59,8.21
8.21,7.01,9.66,14.33,10.31,5.53,8.57,6.42,7.69,6.23,1147.39,15.73,24.7,0.2368334023,0.0179,0.0681,0.0811,0.0604,0.0137617687,0.0014916667,0.005624297,-0.0436,-0.0295,0.0020148244,-0.0022385902,0.037572,0.03669,17.4,5.22
5.22,5.62,1.55,1.12,-6.47,-7.21,4.87,-6.26,0.81,3.57,1076.92,15.833,25.38,0.2477323126,0.0172,0.0676,0.0803,0.0575,0.0151107011,0.0014333333,0.0055928412,0.041,0.0253,0.0023197168,-0.0020475182,-0.061001,-0.061826,21.91,1.38
1.38,-2.24,-2.53,-5.28,-6.91,-7.17,1.73,-3.89,-4.13,0.25,1067.14,15.936,26.06,0.2482556141,0.0173,0.0675,0.0809,0.0578,0.0222857205,0.0014416667,0,0.0015,0.0113,0.004101625,-0.002141779,-0.0078,-0.009438,19.98,-4.26
-4.26,-4.9,-5.26,-5.7,-13.5,-17.52,-4.92,-10.09,-4.07,-2.8,989.81,16.039,26.74,0.2665725018,0.017,0.0663,0.0795,0.0566,0.027526749,0.0014166667,0.0005561735,0.0187,0.0073,0.0037079693,-0.0026067905,-0.071349,-0.072611,25.4,-9.98
-9.98,-12.34,-11.92,-14.98,-15.43,-12.2,-14.47,-11.06,-11.69,-9.21,911.62,15.959,27.84,0.2820321945,0.0168,0.0653,0.079,0.0544,0.0284506035,0.0014,0.0011117287,0.0303,0.0094,0.0153427914,-0.0024205352,-0.073987,-0.075074,32.03,0.09
0.09,0.26,-1.08,4.71,0.53,1.62,-1.65,-0.66,3.17,0.95,916.07,15.879,28.94,0.284411556,0.0162,0.0637,0.0758,0.051,0.0247145618,0.00135,0.0033314825,0.0464,0.0452,0.0094092779,-0.0029084989,0.007061,0.005401,32.64,-8
-8,-7.96,-9.38,-5.13,-14.32,-11.02,-7.8,-8.7,-7.34,-5.41,815.29,15.799,30.04,0.3245551555,0.0163,0.0615,0.074,0.048,0.0292450837,0.0013583333,0.0016602103,0.0417,0.033,0.0073660612,-0.0032126151,-0.108965,-0.110421,39.69,3.96
3.96,0.75,2.72,1.57,12.68,9.5,0.49,4.7,-0.36,1.69,885.76,15.8907,29.2233,0.2934370638,0.0158,0.0632,0.0773,0.0508,0.025638996,0.0013166667,0.0016574586,-0.0294,-0.024,0.0115896791,-0.0037533659,0.088599,0.087103,31.14,8.49
8.49,9,10.02,2.95,26.98,26.05,9.87,11.36,3.34,6.78,936.31,15.9823,28.4067,0.2769754993,0.0123,0.0631,0.0762,0.0521,0.0228760544,0.001025,0,-0.0122,0.013,0.0044490811,-0.0041663869,0.059019,0.057288,27.5,-1.84
-1.84,-4.52,-4.94,1.9,-11.41,-7.16,-5.83,-7.08,2.28,-1.29,879.82,16.074,27.59,0.2953858956,0.0119,0.0621,0.0745,0.0484,0.0256984384,0.0009916667,-0.0022062879,0.0507,0.0361,0.0026394797,-0.0041443054,-0.058834,-0.060464,28.62,-2.05
-2.05,-1.67,-1.64,2.58,1.94,-0.6,-2.8,1.71,-1.78,0.68,855.7,16.124,28.5,0.3059423072,0.0117,0.0617,0.0735,0.0495,0.0282539678,0.000975,0.0044223328,-0.0106,0.0021,0.0051675134,0,-0.026579,-0.02786,31.17,-2.85
-2.85,-4.51,-3.71,4.39,-3.1,-5.49,-4.51,-2.67,-3.98,-1.56,841.15,16.174,29.41,0.3122513206,0.0117,0.0595,0.0706,0.0472,0.0278719086,0.000975,0.0077050083,0.0329,0.0264,0.0025641601,0,-0.015246,-0.017225,29.63,0.38
0.38,-4.09,-1.11,-0.85,1,0.93,0.63,4.83,3.85,1.84,848.18,16.224,30.32,0.2861177008,0.0113,0.0589,0.0695,0.0486,0.0240580381,0.0009416667,0.0060076461,-0.0135,-0.008,0.0061361326,0,0.010308,0.008967,29.15,7.95
7.95,10.09,8.01,1.43,12.62,15.04,10.07,15.46,9.39,8.29,916.92,16.2043,31.73,0.2696540306,0.0113,0.0574,0.0685,0.0481,0.0199302422,0.0009416667,-0.0021715527,0.0102,0.0229,0.0030648283,0,0.082774,0.081462,21.21,6.84
6.84,5.48,10.29,20.54,23.38,18.32,10.29,23.67,10.59,8.63,963.59,16.1847,33.14,0.2583755061,0.0107,0.0522,0.0638,0.0436,0.0064059699,0.0008916667,-0.0016322089,0.0592,0.0471,0.0022283514,0,0.053251,0.051508,19.47,3.33
3.33,3.93,2.95,6.02,5.64,9,7.48,8.72,-0.97,4.18,974.51,16.165,34.55,0.2544883373,0.0092,0.0497,0.0619,0.0452,0.0012176326,0.0007666667,0.0010899183,-0.0154,-0.0143,0.001997741,0,0.012816,0.011351,19.52,3.71
3.71,8.31,6.6,-4.2,12.38,6.93,8.3,6.73,-2.24,6.15,990.31,16.3053,35.8933,0.2476433348,0.009,0.0549,0.0662,0.0542,0.0002291845,0.00075,0.0010887316,-0.0982,-0.0881,0.0020460594,0,0.017932,0.016505,19.49,4.17
4.17,5.49,6.62,7.39,7.74,2.12,6.58,4.61,1.05,2.94,1008.01,16.4457,37.2367,0.2428560733,0.0095,0.0588,0.0701,0.0532,0.0029133592,0.0007916667,0.0038064165,0.0166,0.0219,0.0009660247,0,0.019597,0.018014,18.63,2.17
2.17,0.63,-0.2,-0.19,4.02,-0.47,-0.15,7.21,2.77,1.73,995.97,16.586,38.58,0.2465417826,0.0094,0.0572,0.0679,0.049,0.0073209903,0.0007833333,0.0032502709,0.0546,0.0503,0.0018691217,0,-0.010737,-0.012107,22.72,6.01
6.01,9.63,9.18,5.56,12.68,5.91,10.1,5.05,3.14,7.34,1050.71,16.8523,41.9667,0.2333089667,0.0092,0.057,0.0673,0.0518,0.0072101681,0.0007666667,-0.0010799136,-0.0283,-0.0203,0.001407576,0,0.05556,0.05397,16.1,3.21
3.21,1.58,4.11,2.79,4.99,5.08,3.51,2.69,2.3,3.89,1058.2,17.1187,45.3533,0.2337541521,0.0093,0.0565,0.0666,0.0519,0.0100005397,0.000775,-0.0027027027,-0.0027,0.0052,0.0009196333,0,0.009259,0.007606,16.32,2.75
2.75,4.67,7.03,17.31,0.42,3.89,2.04,4.07,4.16,3.12,1111.92,17.385,48.74,0.2187398648,0.009,0.0562,0.066,0.0511,0.0069456916,0.00075,-0.0010840108,0.0139,0.0139,0.0008936987,0,0.05178,0.050107,18.31,4.96
4.96,3.06,5.33,5.45,12.38,8.42,5.53,11.95,2.18,4.14,1131.13,17.598,49.8267,0.218027721,0.0088,0.0554,0.0644,0.0499,0.0068420471,0.0007333333,0.0048833424,0.0187,0.0187,0.0009788186,0,0.019078,0.017991,16.63,4.27
4.27,-0.67,1.52,4.59,-2.54,-2.55,3.88,0.45,2.18,2.17,1144.94,17.811,50.9133,0.2160532204,0.0093,0.055,0.0627,0.0483,0.0093278078,0.000775,0.005399568,0.023,0.0178,0.0006107119,0,0.014403,0.012716,14.55,0.31
0.31,-0.6,0.6,3.17,-1.68,-4.35,1.5,0.31,0.87,1.1,1126.21,18.024,52,0.2817314655,0.0094,0.0533,0.0611,0.0474,0.012245885,0.0007833333,0.0064446831,0.0141,0.0118,0.0019812629,0,-0.014982,-0.016267,16.74,-0.19
-0.19,-0.98,-1.28,3.06,-7.19,-5.46,-1.85,-1.19,-2.97,-3.29,1107.3,18.2167,53.3833,0.2853718668,0.0094,0.0573,0.0646,0.0531,0.0137299613,0.0007833333,0.0032017076,-0.0588,-0.0534,0.0012309283,0,-0.015584,-0.016719,17.19,0.48
0.48,-2.24,0.84,-1.1,2.22,-2.38,-0.9,-3.95,0.36,0.36,1120.68,18.4093,54.7667,0.2864115739,0.0102,0.0604,0.0675,0.0539,0.0151458788,0.00085,0.0058510638,-0.0051,-0.0071,0.0009776264,0,0.013629,0.012024,15.5,2.68
2.68,3.85,6.45,8.02,1.35,-2.06,3.46,-0.09,2.68,2.53,1140.84,18.602,56.15,0.279631603,0.0127,0.0601,0.0678,0.0532,0.0144974259,0.0010583333,0.0031729244,0.0121,0.0093,0.0007707514,0,0.019488,0.018019,14.34,-5.07
-5.07,-5.55,-4.78,0.65,-13.49,-8.58,-5.47,-9.98,-0.82,-2.95,1101.72,18.789,56.69,0.2877883095,0.0133,0.0582,0.0662,0.0523,0.0147257304,0.0011083333,-0.0015814444,0.0155,0.0184,0.0007770892,0,-0.032954,-0.034111,15.32,-2.1
-2.1,-4.31,-1.37,-5.02,-3.05,-2.47,-2.86,0.17,3.02,0.09,1104.24,18.976,57.23,0.2868206158,0.0148,0.0565,0.0646,0.0493,0.0142838725,0.0012333333,0.0005279831,0.0395,0.0395,0.0014428366,0,0.003807,0.002019,15.29,1.61
1.61,0.63,4.63,12.58,4.59,1.48,4.18,4.22,1.68,3.62,1114.58,19.163,57.77,0.2894853015,0.0165,0.0546,0.0627,0.0488,0.0091354844,0.001375,0.0021108179,0.0096,0.0101,0.0007056802,0,0.010817,0.009347,13.34,1.71
1.71,-0.34,0.15,2.54,3.56,2.88,2.41,-1.17,2.42,2.39,1130.2,19.256,58.03,0.2910095966,0.0176,0.0547,0.0621,0.0478,0.0074307183,0.0014666667,0.0052659294,0.0154,0.0164,0.0012304868,0,0.014973,0.013699,16.27,6.87
6.87,8.87,11.99,9.6,9.62,12.65,9.71,8.2,5.47,6.91,1173.82,19.349,58.29,0.2798316459,0.0207,0.0552,0.062,0.0502,0.0121807714,0.001725,0.0005238345,-0.0234,-0.02,0.0008574002,0,0.040559,0.035572,13.24,6.65
6.65,5.46,5.53,-0.43,8.72,9.07,5.23,7.64,1.92,4.64,1211.92,19.442,58.55,0.2706192427,0.0219,0.0547,0.0615,0.0484,0.0130002322,0.001825,-0.0036649215,0.025,0.0257,0.0007278431,0,0.033734,0.032086,13.29,-0.57
-0.57,-5.97,-3,3.15,-7.75,-5.76,-1.9,-4.13,0.33,-2.16,1181.27,19.703,59.1067,0.2781798561,0.0233,0.0536,0.0602,0.0465,0.0135896266,0.0019416667,0.0021019443,0.03,0.0277,0.0008213965,0,-0.023824,-0.024749,12.82,0.63
0.63,-0.76,3.21,16.59,-0.03,-1.45,1.59,-2.04,1.97,0.84,1203.6,19.964,59.6633,0.2710410236,0.0254,0.052,0.0582,0.0479,0.0117939032,0.0021166667,0.0057682223,-0.0128,-0.0112,0.0008344462,0,0.021152,0.019015,12.08,-1.73
-1.73,-6.81,-1.28,-0.01,-4.53,-4.2,0.55,-7.3,-0.24,-2.22,1180.59,20.225,60.22,0.3198568893,0.0274,0.054,0.0606,0.0488,0.0091349962,0.0022833333,0.0078206465,-0.0072,-0.0125,0.0008598957,0,-0.01724,-0.018729,14.02,-2.92
-2.92,-9.97,-7.61,-7.58,-8.18,-7.52,-5.87,-3.49,-0.04,-4.43,1156.85,20.4583,61.2333,0.3296244007,0.0278,0.0533,0.0605,0.0461,0.0079743701,0.0023166667,0.0067252975,0.0373,0.0327,0.0018258706,0,-0.018926,-0.020076,15.31,4.22
4.22,5.79,4.08,5.43,6.87,2.37,6.32,4.96,4.72,3.87,1191.5,20.6917,62.2467,0.3209655046,0.0284,0.0515,0.0601,0.044,0.0058796602,0.0023666667,-0.0010277492,0.0297,0.0295,0.0008593927,0,0.031994,0.030156,13.29,4.09
4.09,5.07,2.67,13.34,1.99,3.32,4.01,3.3,4.39,2.96,1191.33,20.925,63.26,0.3269790569,0.0297,0.0496,0.0586,0.0429,0.0053629347,0.002475,0.0005144033,0.0167,0.0141,0.0005421326,0,0.001717,0.000139,12.04,4.24
4.24,5.16,8.39,11,7.35,3.06,7.14,8.74,3.77,4.81,1234.18,21.107,64.33,0.3157342746,0.0322,0.0506,0.0595,0.0456,0.0044903061,0.0026833333,0.0046272494,-0.0288,-0.0244,0.0006499133,0,0.037364,0.036163,11.57,-2.91
-2.91,-2.59,-0.9,7.11,-0.99,-1.56,-3.58,-0.93,0.28,-1.12,1220.33,21.289,65.4,0.3205331247,0.0344,0.0509,0.0596,0.0432,0.0054170168,0.0028666667,0.0051177073,0.0333,0.0233,0.0006967007,0,-0.009159,-0.011265,12.6,-1.47
-1.47,-1.95,0.4,11.45,1.36,-0.99,-2.44,0.31,2.94,0.56,1228.81,21.471,66.47,0.3178915098,0.0342,0.0513,0.0603,0.0464,0.0067361207,0.00285,0.0122199593,-0.0338,-0.031,0.0006598993,0,0.008067,0.006916,11.92,-4.14
-4.14,-5.45,-4.4,-10.02,-3.09,-5.76,-2.24,-4.63,-6.32,-1.09,1207.01,21.7193,67.59,0.3218081871,0.0371,0.0535,0.063,0.0484,0.0057613025,0.0030916667,0.0020120724,-0.0196,-0.0204,0.0018179843,0,-0.015673,-0.016698,15.32,1.9
1.9,2.63,4.37,1.43,5.16,2.03,4.94,2.31,0.59,3.47,1249.48,21.9677,68.71,0.3109143456,0.0388,0.0542,0.0639,0.0481,0.0057814093,0.0032333333,-0.0080321285,0.0076,0.0099,0.0005398964,0,0.038289,0.035675,12.06,-0.84
-0.84,-0.09,2.17,3.48,1.31,-0.23,0.72,0.07,-0.04,0.6,1248.29,22.216,69.83,0.3134779566,0.0389,0.0537,0.0632,0.0461,0.0030790439,0.0032416667,-0.004048583,0.0267,0.0225,0.0004330003,0,-6e-05,-0.001396,12.07,4.92
4.92,5.11,11.65,17.79,9.34,3.82,7.46,11.31,3.99,4.75,1280.08,22.4053,70.7767,0.3092262579,0.0424,0.0529,0.0624,0.0474,-0.0004124947,0.0035333333,0.0076219512,-0.0118,-0.0093,0.0009753876,0,0.026426,0.025407,12.95,1.71
1.71,0.1,0.37,-11.67,0.92,0.78,1.2,2.2,0.88,0.57,1280.66,22.5947,71.7233,0.3056103611,0.0443,0.0535,0.0627,0.0457,0.0020687703,0.0036916667,0.0020171457,0.0238,0.0128,0.000648551,0,0.002425,0.000167,12.34,3.37
3.37,4.41,6.07,6.61,5.27,5.9,4.46,2.72,-1.54,3.44,1294.87,22.784,72.67,0.3160094407,0.0451,0.0553,0.0641,0.0507,0.0021774747,0.0037583333,0.0055359839,-0.0539,-0.0404,0.0005452381,0,0.012909,0.011511,11.39,1.16
1.16,2.16,3.96,5.62,0.24,0.12,1.02,-3.82,1.2,0.65,1310.61,23.0017,73.2767,0.3088419778,0.046,0.0584,0.0668,0.0532,-0.0034487359,0.0038333333,0.0085085085,-0.0247,-0.0224,0.0005998005,0,0.012064,0.01085,11.59,-2.81
-2.81,-2.17,-5.53,-6.14,-8.16,-3.73,-4.77,-7.48,-0.45,-2.16,1270.09,23.2193,73.8833,0.3143403075,0.0472,0.0595,0.0675,0.0535,-0.0026302873,0.0039333333,0.0049627792,0.001,-0.002,0.001355149,0,-0.028319,-0.030519,16.44,-0.09
-0.09,-0.32,-1.2,3.16,-2.88,-2.33,-0.92,-2.08,2.02,0.41,1270.2,23.437,74.49,0.3148502899,0.0479,0.0589,0.0678,0.0531,-0.0021637049,0.0039916667,0.0019753086,0.0092,0.0039,0.0021028205,0,0.001587,0.000348,13.08,-2.82
-2.82,-5.91,-4.53,-0.41,-5.39,-3.14,-3.81,-4.69,5.57,-2.34,1276.66,23.6567,75.85,0.3138521753,0.0495,0.0585,0.0676,0.0518,-0.0023461659,0.004125,0.0029571217,0.0199,0.0237,0.0014516649,0,0.005571,0.00451,14.95,2.18
2.18,-0.5,1.68,-3.72,4.38,3.16,1.05,3.65,2.07,1.25,1303.82,23.8763,77.21,0.3084617987,0.0496,0.0568,0.0659,0.0496,-0.0084559353,0.0041333333,0.001965602,0.0299,0.0361,0.0004692383,0,0.02415,0.021679,12.31,1.44
1.44,2.68,0.24,-8.83,1.12,2.96,4.66,-0.45,-2.11,1.61,1335.85,24.096,78.57,0.3005932835,0.0481,0.0551,0.0643,0.0484,-0.0094131847,0.0040083333,-0.0049043649,0.017,0.0183,0.0005133772,0,0.026487,0.025296,11.98,5.4
5.4,6.14,6.5,5.63,4.12,6.39,5.46,6.52,5.29,3.81,1377.94,24.3587,79.55,0.2905991608,0.0492,0.0551,0.0642,0.0481,-0.0089170595,0.0041,-0.0054213898,0.0077,0.0127,0.0004505773,0,0.032528,0.031421,11.1,1.79
1.79,4.35,3.85,7.59,2.63,1.19,0.41,2.68,3.03,2.48,1400.63,24.6213,80.53,0.2872418677,0.0494,0.0533,0.062,0.0467,-0.0150939479,0.0041166667,-0.0014866204,0.0207,0.0246,0.0005922029,0,0.018385,0.015887,10.91,2.65
2.65,3.43,0.89,-5.06,1.16,3.57,1.28,1.4,0.69,1.83,1418.3,24.884,81.51,0.2816823997,0.0485,0.0532,0.0622,0.0491,-0.0149557599,0.0040416667,0.0014888337,-0.0236,-0.0232,0.0003575089,0,0.013768,0.012294,11.56,3.73
3.73,3.64,2.86,-1.41,2.43,5.42,2.95,4.59,0.27,1.23,1438.24,25.0873,82.0567,0.2781442105,0.0498,0.054,0.0634,0.0502,-0.0140001719,0.00415,0.0030525273,-0.0102,-0.0051,0.0004504848,0,0.015318,0.01435,10.42,0.37
0.37,0.27,2.17,-1.08,0.62,-0.91,0.44,0.12,2.67,-0.85,1406.82,25.2907,82.6033,0.2861484942,0.0503,0.0539,0.0628,0.0477,-0.015144009,0.0041916667,0.0053503676,0.0335,0.0287,0.001476815,0,-0.019288,-0.021598,15.42,1.45
1.45,-1.14,0.98,4.07,0.62,-0.73,1.54,-0.04,4.32,-0.95,1420.86,25.494,83.15,0.2690500135,0.0494,0.053,0.0627,0.0493,-0.0124906939,0.0041166667,0.0091056959,-0.0145,-0.0231,0.001587551,0,0.010894,0.009679,14.64,1
1,2.96,4.29,6.4,2.32,2.66,2.21,5.07,2.37,0.53,1482.37,25.7193,83.7402,0.2544561689,0.0487,0.0547,0.0639,0.0489,-0.0089133421,0.0040583333,0.0064961627,0.0085,0.014,0.0005821437,0,0.043991,0.042857,14.22,2.33
2.33,4.22,4.47,5.21,2.45,5.01,1.64,-0.22,0.7,2.43,1530.62,25.9447,84.3305,0.2439114941,0.0473,0.0547,0.0639,0.051,-0.0102838894,0.0039416667,0.0061107187,-0.02,-0.0178,0.0006965496,0,0.034459,0.032154,13.05,0.71
0.71,-1.19,1.7,0.1,1.49,-0.4,-1.26,-3.71,-3.56,-1.6,1503.35,26.17,84.9207,0.24789561,0.0461,0.0579,0.067,0.0521,-0.0110259577,0.0038416667,0.0019379752,-0.0091,-0.0148,0.001472429,0,-0.01662,-0.017829,16.23,-6.01
-6.01,-6.08,-2.75,-6.89,-3.17,-4.24,-5.81,-5.05,-3.98,-6.63,1455.27,26.4393,82.8141,0.2515849644,0.0482,0.0573,0.0665,0.0501,-0.015258346,0.0040166667,-0.0002543772,0.0284,-0.0032,0.0024262621,0,-0.031197,-0.032284,23.52,-2.32
-2.32,-3.01,-1.96,-3.55,-1.68,-2.34,-2.08,0.08,2.29,-0.17,1473.99,26.7087,80.7074,0.2488398512,0.042,0.0579,0.0665,0.0487,-0.012201187,0.0035,-0.0018339022,0.0199,0.0152,0.0051340441,0,0.015094,0.012859,23.38,-0.03
-0.03,0.76,2.51,5.39,3.24,-0.82,-0.96,3.07,2.27,0.44,1526.75,26.978,78.6007,0.2392074367,0.0389,0.0574,0.0659,0.0489,-0.0130641053,0.0032416667,0.0027559074,0.0012,0.0135,0.0018684314,0,0.037468,0.035923,18,-1.28
-1.28,-0.36,1.31,5.41,3.27,-0.12,0.13,2.6,5.23,-1.17,1549.38,27.2293,74.4607,0.2386170601,0.039,0.0566,0.0648,0.048,-0.0179606873,0.00325,0.0021391913,0.0155,0.0088,0.0016828912,0,0.01736,0.016292,18.53,-8.57
-8.57,-10.2,-8.41,-9.28,-9.8,-11.14,-9.04,-8.24,-1.41,-7.27,1481.14,27.4807,70.3207,0.2485796916,0.0327,0.0544,0.064,0.0445,-0.0252137401,0.002725,0.0059396179,0.0468,0.0079,0.0056368201,0,-0.041382,-0.043581,22.87,-0.7
-0.7,-1.66,0.62,5.81,0.02,-2.82,-4.2,-2.68,0.53,-2.9,1468.36,27.732,66.1807,0.2505829731,0.03,0.0549,0.0665,0.045,-0.0416596719,0.0025,-0.0006708631,-0.0029,0.0028,0.002345333,0,-0.006116,-0.007903,22.5,-5.2
-5.2,-5.67,-7.68,-5.46,-10.01,-9.25,-3.92,-5.25,-6.03,-1.04,1378.55,27.922,64.2507,0.2627544223,0.0275,0.0533,0.0654,0.0436,-0.0441808882,0.0022916667,0.0049705765,0.0213,0.0017,0.0048317986,0,-0.061166,-0.062332,26.2,-0.93
-0.93,-5.18,-0.29,7.51,-2.99,-6.86,-5.16,-1.66,-3.56,-4.39,1330.63,28.112,62.3207,0.270979321,0.0212,0.0553,0.0682,0.0438,-0.0506158637,0.0017666667,0.0029041122,0.0018,-0.0071,0.0032256551,0,-0.031419,-0.033693,26.54,-1.43
-1.43,-3.21,-2.17,-2.02,-3.13,-1.27,-1.16,-5.62,0.23,-2.19,1322.7,28.302,60.3907,0.2540575672,0.0126,0.0551,0.0689,0.0432,-0.0528711385,0.00105,0.0086682129,0.0106,-0.0059,0.0063376489,0,-0.0034,-0.005055,25.61,1.27
1.27,0.61,4.51,10.62,3.33,-0.13,2.97,2.21,5.81,0.04,1385.59,28.4387,57.3838,0.2430146964,0.0129,0.0555,0.0697,0.0458,-0.0498316683,0.001075,0.0060647784,-0.0288,0.0091,0.0029036914,0,0.048629,0.04749,20.79,2.35
2.35,2.86,6.22,18.64,5.45,3.77,2.09,3.45,4.22,-0.25,1400.38,28.5753,54.3769,0.2465106122,0.0173,0.0557,0.0693,0.0475,-0.0463789545,0.0014416667,0.008420886,-0.0164,-0.0277,0.0016406621,0,0.012986,0.010708,17.83,-11.65
-11.65,-14.8,-9.68,12.24,-8.44,-11.31,-11.32,-6.93,-2.96,-12.87,1280,28.712,51.37,0.2744913881,0.0186,0.0568,0.0707,0.046,-0.0484321663,0.00155,0.0100769969,0.022,-0.0061,0.0034251768,0,-0.082819,-0.084545,23.95,1.11
1.11,-0.81,0.79,-18.21,-0.81,-3.76,1.25,6.49,-2.2,2.61,1267.38,28.7593,49.5633,0.2738156551,0.0163,0.0567,0.0716,0.0465,-0.0479680254,0.0013583333,0.0052510111,-0.0025,-0.0109,0.004465911,0,-0.007306,-0.008738,22.94,3.18
3.18,0.38,1.99,-1.57,1.96,2.78,5.35,-0.05,1.72,3.23,1282.83,28.8067,47.7567,0.2698892455,0.0172,0.0564,0.0715,0.0449,-0.0474671534,0.0014333333,-0.0039915623,0.0242,0.0121,0.0034478913,0,0.014955,0.012682,20.65,-6.51
-6.51,-11.5,-16.05,-22.91,-14.38,-15.83,-9.57,-12.99,-8.44,-5.94,1166.36,28.854,45.95,0.2871235482,0.0113,0.0565,0.0731,0.0443,-0.0503477564,0.0009416667,-0.0013830185,0.0112,-0.0863,0.0237746954,0,-0.085467,-0.087287,39.39,-21.26
-21.26,-31.44,-25.39,-32.66,-22.39,-26.76,-24.09,-18.83,-10.18,-17.5,968.75,28.6983,35.5933,0.3340993736,0.0067,0.0628,0.0888,0.0478,-0.0576771074,0.0005583333,-0.0101013333,-0.0383,-0.045,0.0580884926,0,-0.166981,-0.168456,59.89,-16.59
-16.59,-16.6,-15.41,-19.52,-14.46,-12.65,-18.53,-13.86,-1.08,-12.06,896.24,28.5427,25.2367,0.3528673559,0.0019,0.0612,0.0921,0.0372,-0.054575626,0.0001583333,-0.0191528953,0.1443,0.1174,0.0362570851,0,-0.073512,-0.076514,55.28,3.53
3.53,-2.76,2.14,-8.2,3.47,3.95,8.27,7.05,-0.21,1.92,903.25,28.387,14.88,0.3549842247,3e-04,0.0505,0.0843,0.0303,-0.02479255,2.5e-05,-0.0103424738,0.0967,0.156,0.0200899467,0,0.011995,0.009229,40,-7.96
-7.96,-6.09,-7.91,-1.67,0.5,-4.23,-4.74,6.07,-1.18,-8.91,825.88,28.0097,12.2067,0.3893931402,0.0013,0.0505,0.0814,0.0394,-0.0253537369,0.0001083333,0.0043524174,-0.1124,-0.0949,0.0119710969,0,-0.082615,-0.084039,44.84,-10.06
-10.06,-17.16,-16.2,-19.6,-8.57,-9.75,-7.22,-11.71,-13.07,-11.74,735.09,27.6323,9.5333,0.441103055,0.003,0.0527,0.0808,0.0401,-0.0253285789,0.00025,0.004972933,-0.0056,-0.0308,0.0099611624,0,-0.103584,-0.107398,46.35,9.61
9.61,19.56,10.24,7.99,12.37,13.46,18.06,13.25,3.32,12.49,797.87,27.255,6.86,0.2965282852,0.0021,0.055,0.0842,0.0355,-0.0377904306,0.000175,0.0024317485,0.0641,-0.0018,0.0203644278,0,0.087634,0.084154,44.14,27.91
27.91,38.31,27.81,25.02,20.37,24.64,34.84,13.99,4.13,17.66,872.81,26.7013,7.0767,0.2762275775,0.0016,0.0539,0.0839,0.041,-0.0313882996,0.0001333333,0.0024963683,-0.0649,-0.003,0.0075510657,0,0.09423,0.09255,36.5,12.62
12.62,4.45,7.13,28.34,8.33,11.68,7.19,18.33,3.31,6.59,919.14,26.1477,7.2933,0.2654320479,0.0018,0.0554,0.0806,0.0432,-0.0248048848,0.00015,0.0028887638,-0.0248,0.0489,0.0063810914,0,0.05464,0.051848,28.92,-1.29
-1.29,8.16,1.94,-8.11,7.69,2.42,4.72,10.78,6.06,0.31,919.32,25.594,7.51,0.2671078489,0.0018,0.0561,0.075,0.0429,-0.0225464839,0.00015,0.0085898923,0.0083,0.035,0.0034725229,0,0.002476,0.00068,26.35,14.96
14.96,19.88,12.61,6.85,8.7,6.98,9.58,9.13,4.75,5.97,987.48,25.0297,9.1867,0.2460047909,0.0018,0.0541,0.0709,0.043,-0.0141900247,0.00015,-0.0015855869,0.0019,0.0565,0.0037711532,0,0.074482,0.073101,25.92,8.35
8.35,10.82,8.17,3.68,5.95,20.24,6.34,5.85,1,5.8,1020.62,24.4653,10.8633,0.2375940895,0.0017,0.0526,0.0658,0.0415,-0.008173733,0.0001416667,0.00224285,0.0231,0.0235,0.0021777354,0,0.034751,0.032255,26.01,6.59
6.59,8.2,9.3,17.72,10.74,11.57,5.79,8.46,3,2.45,1057.08,23.901,12.54,0.232310024,0.0012,0.0513,0.0631,0.0403,-6.99382e-05,1e-04,0.0006254807,0.0176,0.0273,0.0019126576,0,0.036534,0.034978,25.61,-2.42
-2.42,-3.9,-5.89,-4.96,-6.59,-3.72,-4.2,-10.61,-2.78,-7.09,1036.19,23.4023,25.35,0.2322992609,7e-04,0.0515,0.0629,0.042,0.0031456961,5.83333e-05,0.0009631012,-0.0171,0.0016,0.0038980191,0,-0.018259,-0.019458,30.69,0.99
0.99,5.69,5.43,-1.05,2.85,4.06,1.44,3.22,3.36,-0.42,1095.63,22.9037,38.16,0.2181048716,5e-04,0.0519,0.0632,0.0406,0.0074636573,4.16667e-05,0.0007077534,0.0208,0.0044,0.0020013324,0,0.060257,0.057607,24.51,7.04
7.04,8.73,8.42,8.82,8.59,10.19,5.67,7.97,6.35,3.61,1115.1,22.405,50.97,0.2163645169,5e-04,0.0526,0.0637,0.0458,0.0105411458,4.16667e-05,-0.0017611982,-0.0584,-0.0275,0.0009334541,0,0.018983,0.017346,21.68,0.1
0.1,-0.95,-2.3,-2.42,-3.04,-4.03,-1.18,0.07,-3.97,2.05,1073.87,22.238,54.29,0.2241170201,6e-04,0.0526,0.0625,0.0441,0.0133567261,5e-05,0.0034174736,0.0264,0.0096,0.0019917045,0,-0.035751,-0.036781,24.62,6.01
6.01,4.69,4.85,5.4,5.25,3.33,5.92,1.97,0.4,2.46,1104.49,22.071,57.61,0.2185184683,0.0011,0.0535,0.0634,0.0441,0.0138605893,9.16667e-05,0.0002492074,0.0032,0.0039,0.0023732563,0,0.030426,0.028015,19.5,9.97
9.97,8.86,8.7,3.72,8.07,11.38,10.34,8.3,4.36,7.14,1169.43,21.904,60.93,0.3818781703,0.0015,0.0527,0.0627,0.0458,0.0263355562,0.000125,0.0041062835,-0.0179,0.0045,0.0006334369,0,0.061014,0.05943,17.59,5.47
5.47,10.17,8.7,9.26,5.17,11.37,7.51,7.05,3.64,9.22,1186.69,21.9483,62.9867,0.3766061292,0.0016,0.0529,0.0625,0.0437,0.0266157081,0.0001333333,0.0017368849,0.0304,0.0357,0.0017938674,0,0.015977,0.014957,22.05,-6.4
-6.4,-9.6,-8.63,-13,-6.94,-7.53,-7.27,-9.05,-6.36,-8.24,1089.41,21.9927,65.0433,0.4090027948,0.0016,0.0496,0.0605,0.0407,0.0256812373,0.0001333333,0.0007751974,0.0437,-0.0051,0.0081077913,0,-0.080111,-0.082337,32.07,-6.08
-6.08,-11.53,-8.43,-5.82,-6.08,-7.08,-10.15,-7.66,-1.25,-8.77,1030.71,22.037,67.1,0.4241765415,0.0012,0.0488,0.0623,0.0376,0.0187132161,1e-04,-0.0009762671,0.0446,0.0519,0.0055917262,0,-0.053525,-0.055115,34.54,5.81
5.81,8.28,8.69,7.27,6.54,7.37,6.14,2.92,5.65,4.35,1101.6,22.1423,68.6867,0.3961335532,0.0016,0.0472,0.0601,0.0377,0.0155053388,0.0001333333,0.0002110431,0.0024,0.017,0.0033488263,0,0.070451,0.06862,23.5,-8.09
-8.09,-6.85,-7.44,-7.17,-5.73,-9.17,-8.03,-5.58,-1.21,-7.45,1049.33,22.2477,70.2733,0.4139816191,0.0016,0.0449,0.0566,0.0327,0.0111071822,0.0001333333,0.0013806643,0.0702,0.0473,0.0027046066,0,-0.045434,-0.04784,26.05,9.08
9.08,12.71,11.48,12.88,14.03,11.41,14.06,11.33,5.29,8.05,1141.2,22.353,71.86,0.3843057828,0.0015,0.0453,0.0566,0.0341,0.003227151,0.000125,0.0005817362,-0.0153,-0.0144,0.0023371919,0,0.090383,0.088751,23.7,2.14
2.14,7.75,7.42,4.87,6.01,6,3.76,2.67,2.6,2.64,1183.26,22.4783,73.69,0.3728872859,0.0013,0.0468,0.0572,0.0367,0.0071324604,0.0001083333,0.0012451989,-0.0317,-0.0203,0.0010800444,0,0.038726,0.037081,21.2,3.44
3.44,2.84,3.48,10.6,1.61,2,4.19,0.11,0.38,1.22,1180.55,22.6037,75.52,0.3766947543,0.0014,0.0487,0.0592,0.038,0.0147474827,0.0001166667,0.0004206464,-0.0137,-0.0057,0.0017379156,0,-5.1e-05,-0.002571,23.54,5.71
5.71,6.8,9.32,11.2,8.28,6.56,5.51,10.94,3.37,9.01,1257.64,22.729,77.35,0.3581003169,0.0014,0.0502,0.061,0.0414,0.0125554457,0.0001166667,0.0017184408,-0.0388,-0.0036,0.00083212,0,0.067054,0.065249,17.75,-0.79
-0.79,0.72,2.36,6.21,3.43,1.6,-0.8,1.3,1.9,1.77,1286.12,22.963,78.67,0.3486322237,0.0015,0.0504,0.0609,0.0432,0.0153074556,0.000125,0.0047632301,-0.0196,-0.0198,0.0008632404,0,0.023349,0.022319,19.53,3.53
3.53,-1.48,3.71,11.28,5.02,8.61,5.92,3.53,3.72,2.83,1327.22,23.197,79.99,0.3390965735,0.0013,0.0522,0.0615,0.0426,0.015887735,0.0001083333,0.004931365,0.0113,0.0157,0.0010655488,0,0.032508,0.030251,18.35,1.25
1.25,2.12,2.98,4.44,0.99,-0.17,0.87,2.81,2.01,-0.55,1325.83,23.431,81.31,0.3542699394,0.001,0.0513,0.0603,0.0429,0.0124454877,8.33333e-05,0.009751072,-6e-04,-0.0072,0.0023472688,0,0.000625,-0.000867,17.74,2.29
2.29,2.32,0.2,-0.55,1.33,1.71,2.29,5.09,3.26,0.35,1363.61,23.7343,82.1633,0.3406968012,6e-04,0.0516,0.0602,0.0416,0.0093547343,5e-05,0.0064394295,0.0199,0.0239,0.0006365422,0,0.029441,0.028358,14.75,-0.87
-0.87,-4.27,-2.98,-7.11,-2.35,1.53,-0.38,-0.15,0.2,-2.67,1345.2,24.0377,83.0167,0.3472221891,4e-04,0.0496,0.0578,0.0391,0.0090860184,3.33333e-05,0.0047041875,0.0355,0.0257,0.0009341908,0,-0.011313,-0.013573,15.45,-1.64
-1.64,-1.88,-2.26,-5.16,-2.98,-2.39,-1.4,-4.19,-0.32,-2.15,1320.64,24.341,83.87,0.3515700392,4e-04,0.0499,0.0575,0.0409,0.0117181387,3.33333e-05,-0.0010709671,-0.0179,-0.021,0.0022947485,0,-0.016545,-0.018106,16.52,-0.45
-0.45,-4.78,-2.55,3.06,-4.46,-7.12,-1.8,-3.25,-0.55,-1.88,1292.28,24.621,84.9067,0.359418903,4e-04,0.0493,0.0576,0.0378,0.0123685731,3.33333e-05,0.0008860457,0.0422,0.0473,0.0018307592,0,-0.019828,-0.020982,25.25,-8.39
-8.39,-12.15,-9.82,-15.98,-10.01,-10.25,-8.26,-11.35,-0.13,-8.23,1218.89,24.901,85.9433,0.3758125221,2e-04,0.0437,0.0536,0.0315,0.012766968,1.66667e-05,0.0027575889,0.0862,0.024,0.0192221988,0,-0.054322,-0.056734,31.62,-8.38
-8.38,-14.33,-14.43,-20.77,-10.89,-12.5,-8.36,-9.42,-3.59,-9.88,1131.42,25.181,86.98,0.399922847,1e-04,0.0409,0.0527,0.0265,0.0132008715,8.3333e-06,0.0015184621,0.0704,0.0575,0.0069157356,0,-0.070238,-0.071739,42.96,9.16
9.16,16.76,15.96,23.35,11.84,11.92,12.52,9.92,6.67,10.65,1253.3,25.5957,86.97,0.3650779046,2e-04,0.0398,0.0537,0.0291,0.007910972,1.66667e-05,-0.0020626826,-0.0306,0.0094,0.0074008814,0,0.109023,0.107563,29.96,-3.95
-3.95,-6.3,-0.14,-0.04,-3.84,-1.33,-0.73,-2.8,1.18,-0.99,1246.96,26.0103,86.96,0.3623298975,1e-04,0.0387,0.0514,0.0273,-0.0043532176,8.3333e-06,-0.0008435613,0.0251,-0.0356,0.0076795427,0,-0.002727,-0.005552,27.8,1.15
1.15,0.09,-1.55,-1.98,-0.93,-0.2,0.55,-0.81,2.28,1.09,1257.6,26.425,86.95,0.3572325407,1e-04,0.0393,0.0525,0.0255,-0.0065046624,8.3333e-06,-0.0024665164,0.027,0.0512,0.0027640646,0,0.009427,0.007613,23.4,7.88
7.88,11.12,11.92,5.06,10.53,6.82,6.18,11.75,-2,8.79,1312.41,26.7343,87.48,0.3454873026,3e-04,0.0385,0.0523,0.0249,-0.0130873525,2.5e-05,0.0044001914,2e-04,0.0194,0.0006481559,0,0.045206,0.044003,19.44,5.29
5.29,5.36,2.9,6.34,3.81,4.77,5.09,4.1,2.56,3.66,1365.68,27.0437,88.01,0.3369739354,9e-04,0.0385,0.0514,0.0272,-0.0144834951,7.5e-05,0.0044029736,-0.0196,0.0057,0.0006236909,0,0.04334,0.040744,18.43,3.11
3.11,4.24,0.93,-3.24,2.46,3.61,3.91,4.41,-0.46,4.89,1408.47,27.353,88.54,0.3461819674,8e-04,0.0399,0.0523,0.0297,-0.0137921071,6.66667e-05,0.0075945586,-0.0302,-0.0303,0.0011553018,0,0.032866,0.031282,15.5,-0.33
-0.33,-3.86,-1.16,-3.48,-2.71,-4.56,0.31,-1.5,1.01,-0.66,1397.91,27.6753,88.3333,0.3461403112,8e-04,0.0396,0.0519,0.0268,-0.0124206866,6.66667e-05,0.0030210295,0.0409,0.0251,0.0016275337,0,-0.006034,-0.007237,17.15,-3.19
-3.19,-8.78,-10.65,-16.65,-8.31,-8.32,-5.66,-5.64,-1.54,-5.25,1310.33,27.9977,88.1267,0.3690473597,9e-04,0.038,0.0507,0.0221,-0.0160792271,7.5e-05,-0.0011734794,0.0643,0.0344,0.0014960927,0,-0.05979,-0.062433,24.06,3.53
3.53,-1.45,2.67,3.46,3.49,5.4,2.26,7.42,4.4,3.68,1362.16,28.32,87.92,0.3551038851,9e-04,0.0364,0.0502,0.0233,-0.0198316065,7.5e-05,-0.0014663969,-0.0136,0.0064,0.0034372579,0,0.041465,0.039888,17.08,-0.55
-0.55,-2.32,-1.07,-2.3,-2.57,1.53,-0.74,0.97,3.1,-1.42,1379.32,28.7433,87.4467,0.3515937051,0.001,0.034,0.0487,0.0216,-0.0211082586,8.33333e-05,-0.0016297859,0.0247,0.0612,0.0015528655,0,0.014363,0.013096,18.93,4.97
4.97,2.31,2.87,1.94,3.58,1.92,2.36,2.26,-1.6,2.54,1406.58,29.1667,86.9733,0.3493870523,0.001,0.0348,0.0491,0.0223,-0.0205523606,8.33333e-05,0.0055651582,-0.0068,-0.0093,0.0007271255,0,0.022744,0.019938,17.47,2.03
2.03,7.18,2.66,6.07,2.21,6.86,2.75,6.37,2.82,3.97,1440.67,29.59,86.5,0.3403829538,0.0011,0.0349,0.0484,0.0235,-0.0182558561,9.16667e-05,0.0044622123,-0.0146,-0.0126,0.001044683,0,0.02512,0.023547,15.73,0.15
0.15,-1.64,-0.37,-5.08,-5.27,-0.34,-1.62,-5.14,0.43,0.27,1412.16,30.1423,86.5033,0.3492371221,0.001,0.0347,0.0458,0.0238,-0.0164436715,8.33333e-05,-0.0003889251,-0.0014,0.0206,0.0009255257,0,-0.017837,-0.019227,18.6,2.82
2.82,0.42,2.4,-3.2,0.23,-3.34,2,0.82,-2.74,-0.35,1416.18,30.6946,86.5067,0.3511375309,9e-04,0.035,0.0451,0.0228,-0.0128112169,7.5e-05,-0.0047380867,0.0144,-0.0092,0.0019026506,0,0.005326,0.002154,15.87,0.96
0.96,5.27,3.82,1.76,3.14,2.06,1.34,-0.88,0.48,3.46,1426.19,31.2469,86.51,0.3490324432,7e-04,0.0365,0.0463,0.0246,-0.0122655894,5.83333e-05,-0.0026930645,-0.0202,-0.0062,0.0010357123,0,0.008508,0.005902,18.02,6.23
6.23,9.63,7.61,6.82,6.5,8.54,6.05,9.15,5.14,7.53,1498.11,31.5353,86.9067,0.3299840266,7e-04,0.038,0.0473,0.0291,-0.0086792036,5.83333e-05,0.0029573042,-0.0332,-0.0313,0.0009067699,0,0.052361,0.051024,14.28,1.15
1.15,0.86,0.86,-1.86,1.34,-1.35,0.91,-0.19,2.12,2.12,1514.68,31.8236,87.3033,0.3254312323,0.001,0.039,0.0485,0.0285,-0.0095257151,8.33333e-05,0.0081900295,0.0114,0.0093,0.0012427657,0,0.013013,0.010511,15.51,5.73
5.73,6.36,3.31,1.89,3.73,7.33,5.1,5.29,5.11,4.34,1569.19,32.1119,87.7,0.3461299966,9e-04,0.0393,0.0485,0.0287,-0.0095482096,7.5e-05,0.0026145086,-0.0062,-0.0018,0.0004844991,0,0.037584,0.036025,12.7,2.06
2.06,0.38,-1.2,-3.87,-0.84,6.23,1.51,1.09,4.02,-0.81,1597.57,32.4967,88.7833,0.3400362539,6e-04,0.0373,0.0459,0.0264,-0.0086684082,5e-05,-0.0010396395,0.0378,0.0349,0.0016827298,0,0.019621,0.018482,13.52,4.61
4.61,6.22,5.41,5.37,5.7,5.44,5.62,4.51,-4.69,4.5,1630.74,32.8815,89.8667,0.3338325978,4e-04,0.0389,0.0473,0.0309,-0.0046897512,3.33333e-05,0.0017804078,-0.0629,-0.0536,0.0010155597,0,0.02312,0.020441,16.3,1.72
1.72,-0.36,-1.47,-3.43,0.6,4.22,-0.04,-1.29,-0.19,0.25,1606.28,33.2663,90.95,0.338444358,5e-04,0.0427,0.0519,0.033,0.0001412793,4.16667e-05,0.0023997081,-0.0285,-0.0371,0.0022476411,0,-0.013601,-0.015262,16.86,5.45
5.45,6.79,7.07,6.52,7.91,8.89,6.17,10.79,6.81,6.84,1685.73,33.6455,92.09,0.3255625651,4e-04,0.0434,0.0532,0.0344,0.0083903972,3.33333e-05,0.0003939975,-0.0173,0.0031,0.0005020771,0,0.050672,0.049287,13.45,-2.21
-2.21,-1.74,-0.76,-1.26,-1.13,-3.54,-3.83,-1.73,-5.82,-2.42,1632.97,34.0247,93.23,0.3407133274,4e-04,0.0454,0.0542,0.0351,0.0103574961,3.33333e-05,0.0012029316,-0.0079,-0.0074,0.0009504377,0,-0.029207,-0.031638,17.01,4.01
4.01,8.42,6.84,4.69,6.17,7.01,5.44,9.23,2.65,4.22,1681.55,34.4039,94.37,0.3335214846,2e-04,0.0464,0.0547,0.0349,0.0101419436,1.66667e-05,0.0011630045,0.0061,0.0014,0.0006222294,0,0.03166,0.030064,16.6,3.68
3.68,3.34,4.37,5.69,2.19,3.46,2.74,-1.86,3.73,2.83,1756.54,34.6,96.3133,0.324594825,5e-04,0.0453,0.0531,0.0342,0.0096467456,4.16667e-05,-0.0025752833,0.0128,0.0211,0.0014383614,0,0.046268,0.044953,13.75,3.4
3.4,2.6,4.18,-1.85,4.44,4.38,3.51,8.37,-0.48,4.17,1805.81,34.796,98.2567,0.3136852784,7e-04,0.0463,0.0538,0.0361,0.0103455571,5.83333e-05,-0.0020424242,-0.0236,-0.0086,0.0006444174,0,0.030817,0.028398,13.7,2.27
2.27,2.65,4.07,1.77,3.75,5.01,1.28,4.08,1.48,1.99,1848.36,34.992,100.2,0.3044081256,7e-04,0.0462,0.0538,0.0378,0.0121835026,5.83333e-05,-8.58115e-05,-0.0207,2e-04,0.000745536,0,0.02595,0.024196,13.72,-3.62
-3.62,-1.04,-1.79,-2.47,1.65,-0.63,-5.42,9.17,1.17,-1.54,1782.59,35.4039,100.4167,0.3214292767,4e-04,0.0449,0.0519,0.0342,0.0137916793,3.33333e-05,0.0037202477,0.0548,0.0331,0.0013035689,0,-0.034666,-0.035732,18.41,5.57
5.57,4.95,5.4,6.18,4.62,3.2,4.44,6.01,3.46,3.62,1859.45,35.8158,100.6333,0.3091630718,5e-04,0.0445,0.051,0.0339,0.0166154257,4.16667e-05,0.0036979087,0.0074,0.0168,0.0012535627,0,0.045757,0.043194,14,3.25
3.25,1.06,1.31,1.85,-1.5,-0.04,0.4,-4.02,2.35,0.94,1872.34,36.2277,100.85,0.3506160657,5e-04,0.0438,0.0506,0.0337,0.016464203,4.16667e-05,0.0064400441,0.0063,0.0062,0.0008690643,0,0.008056,0.006537,13.88,-2.88
-2.88,-4.69,-2.89,4.81,-6.59,-4.89,-2.85,-7.79,1.88,-2.73,1883.95,36.612,101.6067,0.3480113191,3e-04,0.0424,0.049,0.0326,0.0166968463,2.5e-05,0.0032967545,0.0181,0.016,0.0013626644,0,0.006555,0.005388,13.41,1.29
1.29,1,-0.5,-1.38,-0.09,2.23,-0.69,0.97,0.74,0.14,1923.57,36.9963,102.3633,0.345173256,3e-04,0.0416,0.0476,0.0309,0.014026564,2.5e-05,0.0034926098,0.0279,0.0188,0.0005551927,0,0.023309,0.020895,11.4,2.18
2.18,2.59,3.75,7.48,5.88,1.67,2.24,7.33,6.26,3.56,1960.23,37.3807,103.12,0.3429284585,4e-04,0.0425,0.048,0.0313,0.0139314283,3.33333e-05,0.0018621269,-0.0025,0.002,0.0002819987,0,0.020635,0.019048,11.57,-4.25
-4.25,-3.65,-5.07,-7.46,-5.24,-3.22,-4.82,-6.92,-6.42,-3.41,1930.67,37.752,104.0667,0.3483798518,3e-04,0.0416,0.0473,0.031,0.0084734136,2.5e-05,-0.000390194,0.0057,0.0024,0.000949121,0,-0.013974,-0.015278,16.95,5.2
5.2,10.33,4.77,1.92,3.97,-0.64,4.8,4.82,5.66,3.27,2003.37,38.1233,105.0133,0.337476204,3e-04,0.0408,0.0469,0.0287,0.0067704813,2.5e-05,-0.0016705142,0.0369,0.0356,0.000546197,0,0.039777,0.037446,11.98,-2.9
-2.9,-7.18,-6.76,-13,-4.28,-5.72,-3.85,-4.84,-5.04,-3.39,1927.29,38.4946,105.96,0.3385761813,2e-04,0.0411,0.048,0.03,0.0080246546,1.66667e-05,0.0007525688,-0.017,-0.0271,0.0007210135,0,-0.013928,-0.015467,16.31,3.61
3.61,6.05,2.64,-14.22,1.62,4.15,3.2,5.04,8.64,4.06,2018.05,38.8108,104.7433,0.3318083646,2e-04,0.0392,0.0469,0.0282,0.0080687855,1.66667e-05,-0.0025122778,0.03,0.0225,0.0029439644,0,0.023972,0.0228,14.03,2.99
2.99,-0.89,-1.3,-18.49,1.62,0.49,2.52,0.61,-0.66,0.41,2067.56,39.127,103.5267,0.323661786,2e-04,0.0392,0.0479,0.0264,0.0069258643,1.66667e-05,-0.0053994179,0.0286,0.0173,0.0001502621,0,0.027631,0.025159,13.33,1.2
1.2,0.58,0.4,-9.88,2.18,-0.89,1.9,5.22,2.54,2.89,2058.9,39.4431,102.31,0.3237556717,3e-04,0.0379,0.0474,0.0246,0.0056424574,2.5e-05,-0.0056701009,0.029,0.0183,0.0019928413,0,-0.002473,-0.004249,19.2,-1.8
-1.8,-4.36,-5.62,-9.18,-3.2,-3.79,-2.7,2.65,0.75,-5.03,1994.98999,39.8976,101.29,0.3361687625,3e-04,0.0346,0.0445,0.02,0.0002129964,2.5e-05,-0.0047058924,0.0709,0.0599,0.0022266481,0,-0.02943,-0.030468,20.97,4.21
4.21,6.81,7.92,12.87,7.45,6.17,4.5,9.07,-2.79,4.99,2104.5,40.3521,100.27,0.318227291,2e-04,0.0361,0.0451,0.0238,-0.0037598852,1.66667e-05,0.0043430449,-0.0523,-0.032,0.0008135195,0,0.057008,0.054305,13.34,1.71
1.71,-0.42,-0.28,-8.81,-1.5,0.92,1.65,1.13,-0.07,1.12,2067.889893,40.8066,99.25,0.3074540451,3e-04,0.0364,0.0454,0.023,-0.0068998347,2.5e-05,0.0059517216,0.0137,0.0058,0.0017203796,0,-0.014993,-0.016628,15.29,-1.14
-1.14,0.23,0.64,15.62,-0.23,12.06,-2.32,-4,0.6,-0.12,2085.51001,41.1184,97.8033,0.3063442097,2e-04,0.0352,0.0448,0.0249,-0.0070866767,1.66667e-05,0.0020328733,-0.025,-0.0223,0.0005743378,0,0.009101,0.008004,14.55,1.35
1.35,-0.54,-0.65,-8.19,2.32,0.19,-0.23,5.28,-0.86,0.44,2107.389893,41.4302,96.3567,0.303449953,2e-04,0.0398,0.0489,0.0262,-0.0075095693,1.66667e-05,0.005097232,-0.0159,-0.0204,0.0008870031,0,0.012522,0.010141,13.84,0.2
0.2,-1.95,-1.49,-8.69,-1.1,-1.65,0.13,2.42,-5.27,1.28,2063.110107,41.742,94.91,0.3101868327,2e-04,0.0419,0.0513,0.0285,-0.0081016117,1.66667e-05,0.00350287,-0.0298,-0.032,0.0010521363,0,-0.019343,-0.02102,18.23,-0.68
-0.68,-3.52,-6.15,-21.27,-3.94,-1.39,-1.85,-0.37,2.64,-1.32,2103.840088,41.9981,93.4933,0.3089532648,3e-04,0.0415,0.052,0.0263,-0.0080711484,2.5e-05,6.70472e-05,0.0329,0.0239,0.0011597781,0,0.021297,0.020101,12.12,-3.66
-3.66,-4.25,-4.49,4.15,-5.6,-5.64,-5.05,-7.22,-3.45,-4.06,1972.180054,42.2543,92.0767,0.3306709874,7e-04,0.0404,0.0519,0.0264,-0.0095360748,5.83333e-05,-0.0014162763,0.0012,-0.0067,0.0058469964,0,-0.060086,-0.062433,28.43,-3.93
-3.93,-6.24,-8.47,-17.99,-3.54,-0.69,-5.72,-11.56,0.37,-2.57,1920.030029,42.5104,90.66,0.3356119548,2e-04,0.0407,0.0534,0.0253,-0.0129102113,1.66667e-05,-0.0015567566,0.0174,0.0133,0.0040534792,0,-0.024547,-0.026258,24.5,4.82
4.82,7.33,7.98,9.09,5.88,5.88,3.45,2.96,3.17,4.81,2079.360107,42.8029,89.2833,0.3094136283,2e-04,0.0395,0.0534,0.0259,-0.0162088581,1.66667e-05,-0.0004496838,-0.0053,0.002,0.001618901,0,0.083448,0.082048,15.07,-0.66
-0.66,2.69,-0.48,-2.23,3.15,-2.9,-1.1,7.66,-2.66,2.25,2080.409912,43.0954,87.9067,0.3084291577,0.0012,0.0406,0.0546,0.0265,-0.0178103255,1e-04,-0.0021106804,-0.0065,0.002,0.0011187215,0,0.003373,0.000817,16.13,-1.88
-1.88,-5.19,-4.85,-17.94,-3.61,-4.28,-3.83,-5.69,-0.46,-4.02,2043.939941,43.3879,86.53,0.3136488144,0.0023,0.0397,0.0546,0.0268,-0.0216105795,0.0001916667,-0.0034170964,-0.0022,0,0.0028385655,0,-0.015247,-0.017076,18.21,-2.04
-2.04,-11.6,-8.94,-13.48,-8.76,-6.13,-7.26,-18.63,4.53,-7.65,1940.24,43.5506,86.5,0.3319106296,0.0026,0.04,0.0545,0.0236,-0.0202629486,0.0002166667,0.0016531022,0.0476,0.0067,0.0043012482,0,-0.0491,-0.05025,20.2,1.75
1.75,4.9,3.43,-11.23,0.89,1.83,3.72,-3.03,1.37,0.33,1932.23,43.7133,86.47,0.3309018254,0.0031,0.0396,0.0534,0.0217,-0.0240243415,0.0002583333,0.0008230765,0.0294,0.0232,0.0026015071,0,-0.001742,-0.004457,20.55,4.58
4.58,7.26,10.4,24.02,6.75,4.42,7.95,7.69,8.46,7.43,2059.74,43.8759,86.44,0.3279547913,0.0029,0.0382,0.0513,0.0218,-0.0229995356,0.0002416667,0.0043060001,-3e-04,0.0423,0.0012741767,0,0.06734,0.065146,13.95,1.94
1.94,1.02,5.43,20.05,1.17,2.42,-0.03,5.19,2.91,3.42,2065.3,44.0706,86.6,0.3263208887,0.0023,0.0362,0.0479,0.0223,-0.0236402525,0.0001916667,0.004741068,-0.0053,0.0146,0.000817784,0,0.003747,0.002576,15.7,-0.8
-0.8,-0.82,-0.93,-7.22,3.72,0.68,-3.29,1.25,2.45,1,2096.95,44.2652,86.76,0.3260721193,0.0027,0.0365,0.0468,0.0219,-0.0270944553,0.000225,0.004045791,0.0082,0.0016,0.0009955771,0,0.018487,0.015886,14.19,3.85
3.85,-2.73,0.24,1.05,1.62,1.58,0.67,-4.36,7.27,-1.21,2098.86,44.4599,86.92,0.3234753617,0.0027,0.035,0.0453,0.0179,-0.0286821972,0.000225,0.0032843662,0.059,0.0377,0.0028644366,0,0.002675,0.001002,15.63,8.59
8.59,8.83,7.45,-1.23,7.32,2.14,4.7,6.09,-0.77,5.17,2173.6,44.6485,87.6433,0.3146611589,0.003,0.0328,0.0422,0.0175,-0.0316685417,0.00025,-0.0016181364,0.0081,0.0245,0.0004776474,0,0.036571,0.035324,11.87,1.47
1.47,6.5,2.43,7.5,2.91,-0.29,0.45,0.87,-3.74,2.86,2170.95,44.8371,88.3667,0.3151974253,0.003,0.0332,0.0424,0.0186,-0.0307277011,0.00025,0.0009184301,-0.014,0.0016,0.0002791676,0,0.001247,-0.001396,13.42,-2.13
-2.13,5.84,0.47,5.46,2.11,0.73,-1.82,8.09,1.51,0.86,2168.27,45.0257,89.09,0.3167938869,0.0029,0.0341,0.0431,0.0196,-0.0326277046,0.0002416667,0.0024039959,-0.0124,-0.0119,0.0016731028,0,0.000446,-0.001033,13.29,-4.21
-4.21,-4.14,-4.33,-8.26,-5.13,-4.61,-4.22,-13.65,-0.03,-2.14,2126.15,45.2507,90.91,0.3196877815,0.0033,0.0351,0.0438,0.022,-0.0289997168,0.000275,0.0012467485,-0.0314,-0.0263,0.0003640698,0,-0.017958,-0.019207,17.06,3.67
3.67,10.57,11.5,19.14,4.96,5.71,9.73,5.35,1.45,12.93,2198.81,45.4756,92.73,0.3032857864,0.0045,0.0386,0.0471,0.0267,-0.0273943973,0.000375,-0.0015554609,-0.0599,-0.051,0.0009463678,0,0.03579,0.033007,13.33,1.09
1.09,2.34,0.79,2.26,0.34,4.08,1.99,-2.59,4.13,5.44,2238.83,45.7006,94.55,0.2934790969,0.0051,0.0406,0.0483,0.0272,-0.0248100371,0.000425,0.0003273214,-0.0057,0.0059,0.0005240215,0,0.019199,0.017568,14.04,-0.49
